STATUS,A-SIDE LOCODE,A-LOC:CAB:RU,A-SIDE-DNS-NAME,A-MODEL,A-PORT,"A-BREAKOUT
LOC:CAB:RU","A-BREAKOUT
SLOT:PORT",A-OPTIC,"A-PATCH-PANEL
LOC:CAB:RU:PORT",Z-SIDE LOCODE,Z-LOC:CAB:RU,Z-SIDE-DNS-NAME,Z-MODEL,Z-PORT,"Z-BREAKOUT
LOC:CAB:RU","Z-BREAKOUT
SLOT:PORT","Z-PATCH-PANEL
LOC:CAB:RU:PORT",Z-OPTIC,CABLE,IPv4-VRF-DEFAULT-10,IPv6-VRF-DEFAULT-10,IPv4-VRF-MGMT-20,IPv6-VRF-MGMT-20,IPv4-VRF-IPMI-30,IPv6-VRF-IPMI-30,IPv4-VRF-IPMI-31,IPv6-VRF-IPMI-31,IPv4-VRF-TSS-40,IPv6-VRF-TSS-40,IPv4-VRF-PUB-90,IPv6-VRF-PUB-90,IPv4-TNT-MSFT-101,IPv6-TNT-MSFT-101
C160,,,,,,,,,,,,,,,,,,,,,,,,,,,,,,,,,
OOB-FIREWALL,,,,,,,,,,,,,,,,,,,,,,,,,,,,,,,,,
Cable Is Ran: Complete,US-PHX01,c160:001:10,oob-fw-01-r001-us-west-02b,PA-1420,eth1/21,,,SFP-BASE-10G-LR,,US-PHX01,,OOB DIA,,,,,,SFP-BASE-10G-LR,LC-TO-LC SMF,,,,,,,,,,,,,,
,,,,,,,,,,,,,,,,,,,,,,,,,,,,,,,,,
LLDP:  Passed,US-PHX01,c160:001:10,oob-fw-01-r001-us-west-02b,PA-1420,eth1/15,,,SFP-BASE-10G-LR,,US-PHX01,c160:003:42,mgmt-core-01a-r003-us-west-02b,SN4700,swp26,,,,MAM1Q00A-QSA28:10G-SFP-LR,LC-TO-LC SMF,,,,,,,,,,,,,,
LLDP:  Passed,US-PHX01,c160:001:10,oob-fw-01-r001-us-west-02b,PA-1420,eth1/16,,,SFP-BASE-10G-LR,,US-PHX01,c160:004:42,mgmt-core-02a-r004-us-west-02b,SN4700,swp26,,,,MAM1Q00A-QSA28:10G-SFP-LR,LC-TO-LC SMF,,,,,,,,,,,,,,
Cable Is Ran: Complete,US-PHX01,c160:001:10,oob-fw-01-r001-us-west-02b,PA-1420,eth1/17,,,SFP-BASE-10G-LR,,US-PHX01,c160:001:18,mgmt-core-01a-r001-us-west-02b,SN3700,swp24,,,,MAM1Q00A-QSA28:10G-SFP-LR,LC-TO-LC SMF,,,,,,,,,,,,,,
Cable Is Ran: Complete,US-PHX01,c160:001:10,oob-fw-01-r001-us-west-02b,PA-1420,eth1/18,,,SFP-BASE-10G-LR,,US-PHX01,c160:002:18,mgmt-core-02a-r002-us-west-02b,SN3700,swp24,,,,MAM1Q00A-QSA28:10G-SFP-LR,LC-TO-LC SMF,,,,,,,,,,,,,,
,,,,,,,,,,,,,,,,,,,,,,,,,,,,,,,,,
Cable Is Ran: Complete,US-PHX01,c160:001:10,oob-fw-01-r001-us-west-02b,PA-1420,eth1/1,,,,,US-PHX01,c160:001:20,net-01-c160-r001-us-west-02b,OM2216-C14,NET2,,,,,CAT6a,,,,,,,,,,,,,,
Cable Is Ran: Complete,US-PHX01,c160:001:10,oob-fw-01-r001-us-west-02b,PA-1420,eth1/2,,,,,US-PHX01,c160:002:22,con-01-c160-r002-us-west-02b,OM2216-C14,NET2,,,,,CAT6a,,,,,,,,,,,,,,
Cable Is Ran: Complete,US-PHX01,c160:001:10,oob-fw-01-r001-us-west-02b,PA-1420,eth1/3,,,,,US-PHX01,c160:003:22,con-01-c160-r003-us-west-02b,OM2216-C14,NET2,,,,,CAT6a,,,,,,,,,,,,,,
Cable Is Ran: Complete,US-PHX01,c160:001:10,oob-fw-01-r001-us-west-02b,PA-1420,eth1/4,,,,,US-PHX01,c160:004:22,con-01-c160-r004-us-west-02b,OM2216-C14,NET2,,,,,CAT6a,,,,,,,,,,,,,,
Cable Is Ran: Complete,US-PHX01,c160:001:10,oob-fw-01-r001-us-west-02b,PA-1420,eth1/5,,,,,US-PHX01,c160:003:30,metal-ztp01-us-west-02b,PROLIANT-DL360-GEN10-PLUS,enp199s0f1np1,,,,,CAT6a,,,,,,,,,,,,,,
Cable Is Ran: Complete,US-PHX01,c160:001:10,oob-fw-01-r001-us-west-02b,PA-1420,eth1/6,,,,,US-PHX01,c160:004:30,metal-jump01-us-west-02b,PROLIANT-DL360-GEN10-PLUS,enp199s0f1np1,,,,,CAT6a,,,,,,,,,,,,,,
Edge Connectivity ,,,,,,,,,,,,,,,,,,,,,,,,,,,,,,,,,
,,,,,,,,,,,,,,,,,,,,,,,,,,,,,,,,,
Backbone,,,,,,,,,,,,,,,,,,,,,,,,,,,,,,,,,
Cable Is Ran: Complete,US-PHX01,c160:001:28,dsr1-us-west-02b,7750-SR-1SE,1/1/c13,c160:001:26,1:1:1,QSFPDD-400G-DR4,,US-PHX01,c160:001:18,mgmt-core-01a-r001-us-west-02b,SN3700,swp25,,,,QSFP28-100G-DR1,LC-TO-LC SMF,,,,,,,,,,,,,,
Cable Is Ran: Complete,US-PHX01,c160:001:28,dsr1-us-west-02b,7750-SR-1SE,1/1/c13,c160:001:26,1:1:2,QSFPDD-400G-DR4,,US-PHX01,c160:002:18,mgmt-core-02a-r002-us-west-02b,SN3700,swp25,,,,QSFP28-100G-DR1,LC-TO-LC SMF,,,,,,,,,,,,,,
Cable Is Ran: Complete,US-PHX01,c160:001:28,dsr1-us-west-02b,7750-SR-1SE,1/1/c15,c160:001:26,1:3:1,QSFPDD-400G-DR4,,US-PHX01,c160:001:8,fip1-us-west-02b,NET-6X100G-01,ens1f0np0,,,,QSFP28-100G-DR1-LOW-PWR,LC-TO-LC SMF,,,,,,,,,,,,,,
Cable Is Ran: Complete,US-PHX01,c160:001:28,dsr1-us-west-02b,7750-SR-1SE,1/1/c15,c160:001:26,1:3:2,QSFPDD-400G-DR4,,US-PHX01,c160:002:8,fip2-us-west-02b,NET-6X100G-01,ens1f0np0,,,,QSFP28-100G-DR1-LOW-PWR,LC-TO-LC SMF,,,,,,,,,,,,,,
Cable Is Ran: Complete,US-PHX01,c160:001:28,dsr1-us-west-02b,7750-SR-1SE,1/1/c16,c160:001:26,1:4:1,QSFPDD-400G-DR4,,US-PHX01,c160:001:8,fip1-us-west-02b,NET-6X100G-01,ens1f1np1,,,,QSFP28-100G-DR1-LOW-PWR,LC-TO-LC SMF,,,,,,,,,,,,,,
Cable Is Ran: Complete,US-PHX01,c160:001:28,dsr1-us-west-02b,7750-SR-1SE,1/1/c16,c160:001:26,1:4:2,QSFPDD-400G-DR4,,US-PHX01,c160:002:8,fip2-us-west-02b,NET-6X100G-01,ens1f1np1,,,,QSFP28-100G-DR1-LOW-PWR,LC-TO-LC SMF,,,,,,,,,,,,,,
Cable Not Run,US-PHX01,c160:001:28,dsr1-us-west-02b,7750-SR-1SE,1/1/c19,,,QSFPDD-400G-DR4,,US-PHX01,c160:001:38,dcr1-us-west-02b,NOKIA-7750-SR-1x48,1/1/c43,,,,,,,,,,,,,,,,,,,
Cable Not Run,US-PHX01,c160:001:28,dsr1-us-west-02b,7750-SR-1SE,1/1/c20,,,QSFPDD-400G-DR4,,US-PHX01,c160:002:38,dcr2-us-west-02b,NOKIA-7750-SR-1x48,1/1/c43,,,,,,,,,,,,,,,,,,,
Cable Is Ran: Complete,US-PHX01,c160:001:28,dsr1-us-west-02b,7750-SR-1SE,1/1/c25,,,QSFPDD-400G-DR4,,US-PHX01,c160:002:28,dsr2-us-west-02b,7750-SR-1SE,1/1/c25,,,,QSFPDD-400G-DR4,MPO8-SMF,,,,,,,,,,,,,,
Cable Is Ran: Complete,US-PHX01,c160:001:28,dsr1-us-west-02b,7750-SR-1SE,1/1/c26,,,QSFPDD-400G-DR4,,US-PHX01,c160:002:28,dsr2-us-west-02b,7750-SR-1SE,1/1/c26,,,,QSFPDD-400G-DR4,MPO8-SMF,,,,,,,,,,,,,,
Human Verified,US-PHX01,c160:001:28,dsr1-us-west-02b,7750-SR-1SE,1/1/c31,,,QSFP28-100G-LR4,,US-PHX01,c160:026:38,pp-ru-38-c160-r026-us-west-02b,Lumen 448332549 (US-LAX01),A2,,,,,,,,,,,,,,,,,,,
Cable Not Run,US-PHX01,c160:001:28,dsr1-us-west-02b,7750-SR-1SE,1/1/c32,,,QSFP28-100G-LR4,,US-PHX01,c160:026:38,pp-ru-38-c160-r026-us-west-02b,US-LAX01 Zayo OQYX/416131//ZYO,A6,,,,,,,,,,,,,,,,,,,
Cable Not Run,US-PHX01,c160:001:28,dsr1-us-west-02b,7750-SR-1SE,1/1/c33,,,QSFP28-100G-LR4,,US-PHX01,c160:026:38,pp-ru-38-c160-r026-us-west-02b,US-LAS02 Lumen 448332534,A7,,,,,,,,,,,,,,,,,,,
Cable Not Run,US-PHX01,c160:001:28,dsr1-us-west-02b,7750-SR-1SE,1/1/c34,,,QSFP28-100G-LR4,,US-PHX01,c160:026:38,pp-ru-38-c160-r026-us-west-02b,US-LAS02 Zayo OQYX/416036//ZYO,A8,,,,,,,,,,,,,,,,,,,
,,,,,,,,,,,,,,,,,,,,,,,,,,,,,,,,,
Cable Is Ran: Complete,US-PHX01,c160:001:22,con-01-c160-r001-us-west-02b,OM2216-C14,1,,,,,US-PHX01,c160:001:28,dsr1-us-west-02b,NOKIA-7750-SR-1se,console,,,,,CAT6a,,,,,,,,,,,,,,
Cable Is Ran: Complete,US-PHX01,c160:001:22,con-01-c160-r001-us-west-02b,OM2216-C14,2,,,,,US-PHX01,c160:001:20,net-01-c160-r001-us-west-02b,SN2201,console,,,,,CAT6a,,,,,,,,,,,,,,
Cable Is Ran: Complete,US-PHX01,c160:001:22,con-01-c160-r001-us-west-02b,OM2216-C14,3,,,,,US-PHX01,c160:001:18,mgmt-core-01a-r001-us-west-02b,SN3700,console,,,,,CAT6a,,,,,,,,,,,,,,
Cable Is Ran: Complete,US-PHX01,c160:001:22,con-01-c160-r001-us-west-02b,OM2216-C14,4,,,,,US-PHX01,c160:001:10,oob-fw-01-r001-us-west-02b,pa-1420,console,,,,,CAT6a,,,,,,,,,,,,,,
Cable Not Run,US-PHX01,c160:001:22,con-01-c160-r001-us-west-02b,OM2216-C14,5,,,,,US-PHX01,c160:001:38,dcr1-us-west-02b,NOKIA-7750-SR-1x48,console,,,,,,,,,,,,,,,,,,,
,,,,,,,,,,,,,,,,,,,,,,,,,,,,,,,,,
Cable Is Ran: Complete,US-PHX01,c160:001:20,net-01-c160-r001-us-west-02b,SN2201,swp1,,,,,US-PHX01,c160:001:28,dsr1-us-west-02b,NOKIA-7750-SR-1se,mgmt,,,,,CAT6a,,,,,,,,,,,,,,
Cable Is Ran: Complete,US-PHX01,c160:001:20,net-01-c160-r001-us-west-02b,SN2201,swp2,,,,,US-PHX01,c160:001:22,con-01-c160-r001-us-west-02b,OM2216-C14,NET1,,,,,CAT6a,,,,,,,,,,,,,,
Cable Is Ran: Complete,US-PHX01,c160:001:20,net-01-c160-r001-us-west-02b,SN2201,swp3,,,,,US-PHX01,c160:002:20,net-01-c160-r002-us-west-02b,SN2201,mgmt,,,,,CAT6a,,,,,,,,,,,,,,
Cable Is Ran: Complete,US-PHX01,c160:001:20,net-01-c160-r001-us-west-02b,SN2201,swp4,,,,,US-PHX01,c160:001:18,mgmt-core-01a-r001-us-west-02b,SN3700,mgmt,,,,,CAT6a,,,,,,,,,,,,,,
Cable Is Ran: Complete,US-PHX01,c160:001:20,net-01-c160-r001-us-west-02b,SN2201,swp5,,,,,US-PHX01,c160:001:10,oob-fw-01-r001-us-west-02b,pa-1420,mgmt,,,,,CAT6a,,,,,,,,,,,,,,
Cable Is Ran: Complete,US-PHX01,c160:001:20,net-01-c160-r001-us-west-02b,SN2201,swp6,,,,,US-PHX01,c160:001:8,fip1-us-west-02b,NET-6X100G-01,ipmi,,,,,CAT6a,,,,,,,,,,,,,,
Cable Not Run,US-PHX01,c160:001:20,net-01-c160-r001-us-west-02b,SN2201,swp7,,,,,US-PHX01,c160:001:38,dcr1-us-west-02b,NOKIA-7750-SR-1x48,mgmt,,,,,,,,,,,,,,,,,,,
,,,,,,,,,,,,,,,,,,,,,,,,,,,,,,,,,
Cable Is Ran: Complete,US-PHX01,c160:001:18,mgmt-core-01a-r001-us-west-02b,SN3700,swp31,,,QSFP28-100G-DR1,,US-PHX01,c160:002:18,mgmt-core-02a-r002-us-west-02b,SN4700,swp31,,,,QSFP28-100G-DR1,LC-TO-LC SMF,,,,,,,,,,,,,,
Cable Is Ran: Complete,US-PHX01,c160:001:18,mgmt-core-01a-r001-us-west-02b,SN3700,swp32,,,QSFP28-100G-DR1,,US-PHX01,c160:002:18,mgmt-core-02a-r002-us-west-02b,SN4700,swp32,,,,QSFP28-100G-DR1,LC-TO-LC SMF,,,,,,,,,,,,,,
Cable Is Ran: Complete,US-PHX01,c160:001:18,mgmt-core-01a-r001-us-west-02b,SN3700,swp1,,,QSFP28-100G-DR1,,US-PHX01,c160:001:20,net-01-c160-r001-us-west-02b,SN2201,swp49,,,,QSFP28-100G-DR1,LC-TO-LC SMF,,,,,,,,,,,,,,
Cable Is Ran: Complete,US-PHX01,c160:001:18,mgmt-core-01a-r001-us-west-02b,SN3700,swp2,,,QSFP28-100G-DR1,,US-PHX01,c160:002:20,net-01-c160-r002-us-west-02b,SN2201,swp49,,,,QSFP28-100G-DR1,LC-TO-LC SMF,,,,,,,,,,,,,,
Cable Is Ran: Complete,US-PHX01,c160:001:18,mgmt-core-01a-r001-us-west-02b,SN3700,swp3,,,QSFP28-100G-DR1,,US-PHX01,c160:001:8,fip1-us-west-02b,NET-6X100G-01,enp199s0f0np0,,,,QSFP28-100G-DR1,LC-TO-LC SMF,,,,,,,,,,,,,,
Cable Is Ran: Complete,US-PHX01,c160:001:18,mgmt-core-01a-r001-us-west-02b,SN3700,swp4,,,QSFP28-100G-DR1,,US-PHX01,c160:002:8,fip2-us-west-02b,NET-6X100G-01,enp199s0f0np0,,,,QSFP28-100G-DR1,LC-TO-LC SMF,,,,,,,,,,,,,,
,,,,,,,,,,,,,,,,,,,,,,,,,,,,,,,,,
Cable Is Ran: Complete,US-PHX01,c160:002:28,dsr2-us-west-02b,7750-SR-1SE,1/1/c13,c160:002:26,1:1:1,QSFPDD-400G-DR4,,US-PHX01,c160:001:18,mgmt-core-01a-r001-us-west-02b,SN3700,swp26,,,,QSFP28-100G-DR1,LC-TO-LC SMF,,,,,,,,,,,,,,
Cable Is Ran: Complete,US-PHX01,c160:002:28,dsr2-us-west-02b,7750-SR-1SE,1/1/c13,c160:002:26,1:1:2,QSFPDD-400G-DR4,,US-PHX01,c160:002:18,mgmt-core-02a-r002-us-west-02b,SN3700,swp26,,,,QSFP28-100G-DR1,LC-TO-LC SMF,,,,,,,,,,,,,,
Cable Is Ran: Complete,US-PHX01,c160:002:28,dsr2-us-west-02b,7750-SR-1SE,1/1/c15,c160:002:26,1:3:1,QSFPDD-400G-DR4,,US-PHX01,c160:001:8,fip1-us-west-02b,NET-6X100G-01,enp67s0f0np0,,,,QSFP28-100G-DR1-LOW-PWR,LC-TO-LC SMF,,,,,,,,,,,,,,
Cable Is Ran: Complete,US-PHX01,c160:002:28,dsr2-us-west-02b,7750-SR-1SE,1/1/c15,c160:002:26,1:3:2,QSFPDD-400G-DR4,,US-PHX01,c160:002:8,fip2-us-west-02b,NET-6X100G-01,enp67s0f0np0,,,,QSFP28-100G-DR1-LOW-PWR,LC-TO-LC SMF,,,,,,,,,,,,,,
Cable Is Ran: Complete,US-PHX01,c160:002:28,dsr2-us-west-02b,7750-SR-1SE,1/1/c16,c160:002:26,1:4:1,QSFPDD-400G-DR4,,US-PHX01,c160:001:8,fip1-us-west-02b,NET-6X100G-01,enp67s0f1np1,,,,QSFP28-100G-DR1-LOW-PWR,LC-TO-LC SMF,,,,,,,,,,,,,,
Cable Is Ran: Complete,US-PHX01,c160:002:28,dsr2-us-west-02b,7750-SR-1SE,1/1/c16,c160:002:26,1:4:2,QSFPDD-400G-DR4,,US-PHX01,c160:002:8,fip2-us-west-02b,NET-6X100G-01,enp67s0f1np1,,,,QSFP28-100G-DR1-LOW-PWR,LC-TO-LC SMF,,,,,,,,,,,,,,
Cable Not Run,US-PHX01,c160:002:28,dsr2-us-west-02b,7750-SR-1SE,1/1/c19,,,QSFPDD-400G-DR4,,US-PHX01,c160:001:38,dcr1-us-west-02b,NOKIA-7750-SR-1x48,1/1/c44,,,,,,,,,,,,,,,,,,,
Cable Not Run,US-PHX01,c160:002:28,dsr2-us-west-02b,7750-SR-1SE,1/1/c20,,,QSFPDD-400G-DR4,,US-PHX01,c160:002:38,dcr2-us-west-02b,NOKIA-7750-SR-1x48,1/1/c44,,,,,,,,,,,,,,,,,,,
Human Verified,US-PHX01,c160:002:28,dsr2-us-west-02b,7750-SR-1SE,1/1/c31,,,QSFP28-100G-LR4,,US-PHX01,c160:026:38,pp-ru-38-c160-r026-us-west-02b,Lumen 448332561 (US-LAX01),A3,,,,,,,,,,,,,,,,,,,
Cable Not Run,US-PHX01,c160:002:28,dsr2-us-west-02b,7750-SR-1SE,1/1/c32,,,QSFP28-100G-LR4,,US-PHX01,c160:026:38,pp-ru-38-c160-r026-us-west-02b,US-LAX01 Zayo OQYX/416137//ZYO,A9,,,,,,,,,,,,,,,,,,,
Cable Not Run,US-PHX01,c160:002:28,dsr2-us-west-02b,7750-SR-1SE,1/1/c33,,,QSFP28-100G-LR4,,US-PHX01,c160:026:38,pp-ru-38-c160-r026-us-west-02b,US-LAS02 Lumen 448332543,A10,,,,,,,,,,,,,,,,,,,
Cable Not Run,US-PHX01,c160:002:28,dsr2-us-west-02b,7750-SR-1SE,1/1/c34,,,QSFP28-100G-LR4,,US-PHX01,c160:026:38,pp-ru-38-c160-r026-us-west-02b,US-LAS02 Zayo OQYX/415983//ZYO,A11,,,,,,,,,,,,,,,,,,,
,,,,,,,,,,,,,,,,,,,,,,,,,,,,,,,,,
Cable Is Ran: Complete,US-PHX01,c160:002:22,con-01-c160-r002-us-west-02b,OM2216-C14,1,,,,,US-PHX01,c160:002:28,dsr2-us-west-02b,NOKIA-7750-SR-1se,console,,,,,,,,,,,,,,,,,,,
Cable Is Ran: Complete,US-PHX01,c160:002:22,con-01-c160-r002-us-west-02b,OM2216-C14,2,,,,,US-PHX01,c160:002:20,net-01-c160-r002-us-west-02b,SN2201,console,,,,,,,,,,,,,,,,,,,
Cable Is Ran: Complete,US-PHX01,c160:002:22,con-01-c160-r002-us-west-02b,OM2216-C14,3,,,,,US-PHX01,c160:002:18,mgmt-core-02a-r002-us-west-02b,SN3700,console,,,,,,,,,,,,,,,,,,,
Cable Not Run,US-PHX01,c160:002:22,con-01-c160-r002-us-west-02b,OM2216-C14,4,,,,,US-PHX01,c160:002:38,dcr2-us-west-02b,NOKIA-7750-SR-1x48,console,,,,,,,,,,,,,,,,,,,
,,,,,,,,,,,,,,,,,,,,,,,,,,,,,,,,,
Cable Is Ran: Complete,US-PHX01,c160:002:20,net-01-c160-r002-us-west-02b,SN2201,swp1,,,,,US-PHX01,c160:002:28,dsr2-us-west-02b,NOKIA-7750-SR-1se,mgmt,,,,,CAT6a,,,,,,,,,,,,,,
Cable Is Ran: Complete,US-PHX01,c160:002:20,net-01-c160-r002-us-west-02b,SN2201,swp2,,,,,US-PHX01,c160:002:22,con-01-c160-r002-us-west-02b,OM2216-C14,NET1,,,,,CAT6a,,,,,,,,,,,,,,
Cable Is Ran: Complete,US-PHX01,c160:002:20,net-01-c160-r002-us-west-02b,SN2201,swp3,,,,,US-PHX01,c160:001:20,net-01-c160-r001-us-west-02b,SN2201,mgmt,,,,,CAT6a,,,,,,,,,,,,,,
Cable Is Ran: Complete,US-PHX01,c160:002:20,net-01-c160-r002-us-west-02b,SN2201,swp4,,,,,US-PHX01,c160:002:18,mgmt-core-02a-r002-us-west-02b,SN3700,mgmt,,,,,CAT6a,,,,,,,,,,,,,,
Cable Is Ran: Complete,US-PHX01,c160:002:20,net-01-c160-r002-us-west-02b,SN2201,swp5,,,,,US-PHX01,c160:002:8,fip2-us-west-02b,NET-6X100G-01,ipmi,,,,,CAT6a,,,,,,,,,,,,,,
Cable Not Run,US-PHX01,c160:002:20,net-01-c160-r002-us-west-02b,SN2201,swp6,,,,,US-PHX01,c160:002:38,dcr2-us-west-02b,NOKIA-7750-SR-1x48,mgmt,,,,,,,,,,,,,,,,,,,
,,,,,,,,,,,,,,,,,,,,,,,,,,,,,,,,,
Cable Is Ran: Complete,US-PHX01,c160:002:18,mgmt-core-02a-r002-us-west-02b,SN3700,swp1,,,QSFP28-100G-DR1,,US-PHX01,c160:001:20,net-01-c160-r001-us-west-02b,SN2201,swp51,,,,QSFP28-100G-DR1,LC-TO-LC SMF,,,,,,,,,,,,,,
Cable Is Ran: Complete,US-PHX01,c160:002:18,mgmt-core-02a-r002-us-west-02b,SN3700,swp2,,,QSFP28-100G-DR1,,US-PHX01,c160:002:20,net-01-c160-r002-us-west-02b,SN2201,swp51,,,,QSFP28-100G-DR1,LC-TO-LC SMF,,,,,,,,,,,,,,
Cable Is Ran: Complete,US-PHX01,c160:002:18,mgmt-core-02a-r002-us-west-02b,SN3700,swp3,,,QSFP28-100G-DR1,,US-PHX01,c160:001:8,fip1-us-west-02b,NET-6X100G-01,enp199s0f1np1,,,,QSFP28-100G-DR1,LC-TO-LC SMF,,,,,,,,,,,,,,
Cable Is Ran: Complete,US-PHX01,c160:002:18,mgmt-core-02a-r002-us-west-02b,SN3700,swp4,,,QSFP28-100G-DR1,,US-PHX01,c160:002:8,fip2-us-west-02b,NET-6X100G-01,enp199s0f1np1,,,,QSFP28-100G-DR1,LC-TO-LC SMF,,,,,,,,,,,,,,
,,,,,,,,,,,,,,,,,,,,,,,,,,,,,,,,,
Cable Not Run,US-PHX01,c160:001:38,dcr1-us-west-02b,NOKIA-7750-SR-1x48,1/1/c1,,,QSFP28-100G-DR1,,US-PHX01,dh151:033:36,fbs01-r033-us-west-02a,sn4700,swp31,,,,QSFP28-100G-DR1,LC-TO-LC-SMF,,,,,,,,,,,,,,
Cable Not Run,US-PHX01,c160:001:38,dcr1-us-west-02b,NOKIA-7750-SR-1x48,1/1/c2,,,QSFP28-100G-DR1,,US-PHX01,dh151:033:34,fbs02-r033-us-west-02a,sn4700,swp31,,,,QSFP28-100G-DR1,LC-TO-LC-SMF,,,,,,,,,,,,,,
Cable Not Run,US-PHX01,c160:001:38,dcr1-us-west-02b,NOKIA-7750-SR-1x48,1/1/c9,,,QSFP28-100G-DR1,,US-PHX01,dh151:034:36,fbs03-r034-us-west-02a,sn4700,swp31,,,,QSFP28-100G-DR1,LC-TO-LC-SMF,,,,,,,,,,,,,,
Cable Not Run,US-PHX01,c160:001:38,dcr1-us-west-02b,NOKIA-7750-SR-1x48,1/1/c10,,,QSFP28-100G-DR1,,US-PHX01,dh151:034:34,fbs04-r034-us-west-02a,sn4700,swp31,,,,QSFP28-100G-DR1,LC-TO-LC-SMF,,,,,,,,,,,,,,
Cable Not Run,US-PHX01,c160:001:38,dcr1-us-west-02b,NOKIA-7750-SR-1x48,1/1/c25,,,QSFPDD-400G-DR4,,US-PHX01,c160:002:38,dcr2-us-west-02b,NOKIA-7750-SR-1x48,1/1/c25,,,,QSFPDD-400G-DR4,MPO8-SMF,,,,,,,,,,,,,,
,,,,,,,,,,,,,,,,,,,,,,,,,,,,,,,,,
Cable Not Run,US-PHX01,c160:002:38,dcr2-us-phx01,NOKIA-7750-SR-1x48,1/1/c1,,,QSFP28-100G-DR1,,US-PHX01,dh151:033:36,fbs01-r033-us-west-02a,sn4700,swp32,,,,QSFP28-100G-DR1,LC-TO-LC-SMF,,,,,,,,,,,,,,
Cable Not Run,US-PHX01,c160:002:38,dcr2-us-phx01,NOKIA-7750-SR-1x48,1/1/c2,,,QSFP28-100G-DR1,,US-PHX01,dh151:033:34,fbs02-r033-us-west-02a,sn4700,swp32,,,,QSFP28-100G-DR1,LC-TO-LC-SMF,,,,,,,,,,,,,,
Cable Not Run,US-PHX01,c160:002:38,dcr2-us-phx01,NOKIA-7750-SR-1x48,1/1/c9,,,QSFP28-100G-DR1,,US-PHX01,dh151:034:36,fbs03-r034-us-west-02a,sn4700,swp32,,,,QSFP28-100G-DR1,LC-TO-LC-SMF,,,,,,,,,,,,,,
Cable Not Run,US-PHX01,c160:002:38,dcr2-us-phx01,NOKIA-7750-SR-1x48,1/1/c10,,,QSFP28-100G-DR1,,US-PHX01,dh151:034:34,fbs04-r034-us-west-02a,sn4700,swp32,,,,QSFP28-100G-DR1,LC-TO-LC-SMF,,,,,,,,,,,,,,
,,,,,,,,,,,,,,,,,,,,,,,,,,,,,,,,,
FBS,,,,,,,,,,,,,,,,,,,,,,,,,,,,,,,,,
LLDP:  Passed,US-PHX01,c160:003:36,fbs01-r003-us-west-02b,SN4700,swp1,,,QSFPDD-400G-DR4,,US-PHX01,c160:003:42,mgmt-core-01a-r003-us-west-02b,SN4700,swp27,,,QSFPDD-400G-DR4,,MPO8-SMF,,,,,,,,,,,,,,
LLDP:  Passed,US-PHX01,c160:003:36,fbs01-r003-us-west-02b,SN4700,swp2,,,QSFPDD-400G-DR4,,US-PHX01,c160:004:42,mgmt-core-02a-r004-us-west-02b,SN4700,swp27,,,QSFPDD-400G-DR4,,MPO8-SMF,,,,,,,,,,,,,,
LLDP:  Passed,US-PHX01,c160:003:36,fbs01-r003-us-west-02b,SN4700,swp3,,,QSFPDD-400G-DR4,,US-PHX01,c160:003:18,t4a-01-r003-us-west-02b,SN4700,swp29,,,QSFPDD-400G-DR4,,MPO8-SMF,,,,,,,,,,,,,,
LLDP:  Passed,US-PHX01,c160:003:36,fbs01-r003-us-west-02b,SN4700,swp4,,,QSFPDD-400G-DR4,,US-PHX01,c160:003:16,t4a-02-r003-us-west-02b,SN4700,swp29,,,QSFPDD-400G-DR4,,MPO8-SMF,,,,,,,,,,,,,,
LLDP:  Passed,US-PHX01,c160:003:36,fbs01-r003-us-west-02b,SN4700,swp5,,,QSFPDD-400G-DR4,,US-PHX01,c160:003:14,t4a-03-r003-us-west-02b,SN4700,swp29,,,QSFPDD-400G-DR4,,MPO8-SMF,,,,,,,,,,,,,,
LLDP:  Passed,US-PHX01,c160:003:36,fbs01-r003-us-west-02b,SN4700,swp6,,,QSFPDD-400G-DR4,,US-PHX01,c160:003:12,t4a-04-r003-us-west-02b,SN4700,swp29,,,QSFPDD-400G-DR4,,MPO8-SMF,,,,,,,,,,,,,,
LLDP:  Passed,US-PHX01,c160:003:36,fbs01-r003-us-west-02b,SN4700,swp7,,,QSFPDD-400G-DR4,,US-PHX01,c160:003:10,t4b-01-r003-us-west-02b,SN4700,swp29,,,QSFPDD-400G-DR4,,MPO8-SMF,,,,,,,,,,,,,,
LLDP:  Passed,US-PHX01,c160:003:36,fbs01-r003-us-west-02b,SN4700,swp8,,,QSFPDD-400G-DR4,,US-PHX01,c160:003:08,t4b-02-r003-us-west-02b,SN4700,swp29,,,QSFPDD-400G-DR4,,MPO8-SMF,,,,,,,,,,,,,,
LLDP:  Passed,US-PHX01,c160:003:36,fbs01-r003-us-west-02b,SN4700,swp9,,,QSFPDD-400G-DR4,,US-PHX01,c160:003:06,t4b-03-r003-us-west-02b,SN4700,swp29,,,QSFPDD-400G-DR4,,MPO8-SMF,,,,,,,,,,,,,,
LLDP:  Passed,US-PHX01,c160:003:36,fbs01-r003-us-west-02b,SN4700,swp10,,,QSFPDD-400G-DR4,,US-PHX01,c160:003:04,t4b-04-r003-us-west-02b,SN4700,swp29,,,QSFPDD-400G-DR4,,MPO8-SMF,,,,,,,,,,,,,,
LLDP:  Passed,US-PHX01,c160:003:36,fbs01-r003-us-west-02b,SN4700,swp11,,,QSFPDD-400G-DR4,,US-PHX01,c160:004:18,t4c-01-r004-us-west-02b,SN4700,swp29,,,QSFPDD-400G-DR4,,MPO8-SMF,,,,,,,,,,,,,,
LLDP:  Passed,US-PHX01,c160:003:36,fbs01-r003-us-west-02b,SN4700,swp12,,,QSFPDD-400G-DR4,,US-PHX01,c160:004:16,t4c-02-r004-us-west-02b,SN4700,swp29,,,QSFPDD-400G-DR4,,MPO8-SMF,,,,,,,,,,,,,,
LLDP:  Passed,US-PHX01,c160:003:36,fbs01-r003-us-west-02b,SN4700,swp13,,,QSFPDD-400G-DR4,,US-PHX01,c160:004:14,t4c-03-r004-us-west-02b,SN4700,swp29,,,QSFPDD-400G-DR4,,MPO8-SMF,,,,,,,,,,,,,,
LLDP:  Passed,US-PHX01,c160:003:36,fbs01-r003-us-west-02b,SN4700,swp14,,,QSFPDD-400G-DR4,,US-PHX01,c160:004:12,t4c-04-r004-us-west-02b,SN4700,swp29,,,QSFPDD-400G-DR4,,MPO8-SMF,,,,,,,,,,,,,,
LLDP:  Passed,US-PHX01,c160:003:36,fbs01-r003-us-west-02b,SN4700,swp15,,,QSFPDD-400G-DR4,,US-PHX01,c160:004:10,t4d-01-r004-us-west-02b,SN4700,swp29,,,QSFPDD-400G-DR4,,MPO8-SMF,,,,,,,,,,,,,,
LLDP:  Passed,US-PHX01,c160:003:36,fbs01-r003-us-west-02b,SN4700,swp16,,,QSFPDD-400G-DR4,,US-PHX01,c160:004:08,t4d-02-r004-us-west-02b,SN4700,swp29,,,QSFPDD-400G-DR4,,MPO8-SMF,,,,,,,,,,,,,,
LLDP:  Passed,US-PHX01,c160:003:36,fbs01-r003-us-west-02b,SN4700,swp17,,,QSFPDD-400G-DR4,,US-PHX01,c160:004:06,t4d-03-r004-us-west-02b,SN4700,swp29,,,QSFPDD-400G-DR4,,MPO8-SMF,,,,,,,,,,,,,,
LLDP:  Passed,US-PHX01,c160:003:36,fbs01-r003-us-west-02b,SN4700,swp18,,,QSFPDD-400G-DR4,,US-PHX01,c160:004:04,t4d-04-r004-us-west-02b,SN4700,swp29,,,QSFPDD-400G-DR4,,MPO8-SMF,,,,,,,,,,,,,,
LLDP:  Passed,US-PHX01,c160:003:36,fbs01-r003-us-west-02b,SN4700,swp28,c160:003:35,1:A:1,QSFPDD-400G-DR4,,US-PHX01,c160:003:28,pkey01-r003-us-west-02b,NET-6X100G-01,eth0,,,QSFP28-100G-DR1-LOW-PWR,,LC-TO-LC SMF,,,,,,,,,,,,,,
LLDP:  Passed,US-PHX01,c160:003:36,fbs01-r003-us-west-02b,SN4700,swp28,c160:003:35,1:A:2,QSFPDD-400G-DR4,,US-PHX01,c160:003:26,pkey02-r003-us-west-02b,NET-6X100G-01,eth0,,,QSFP28-100G-DR1-LOW-PWR,,LC-TO-LC SMF,,,,,,,,,,,,,,
LLDP:  Passed,US-PHX01,c160:003:36,fbs01-r003-us-west-02b,SN4700,swp28,c160:003:35,1:A:3,QSFPDD-400G-DR4,,US-PHX01,c160:004:28,pkey03-r004-us-west-02b,NET-6X100G-01,eth0,,,QSFP28-100G-DR1-LOW-PWR,,LC-TO-LC SMF,,,,,,,,,,,,,,
LLDP:  Passed,US-PHX01,c160:003:36,fbs01-r003-us-west-02b,SN4700,swp28,c160:003:35,1:A:4,QSFPDD-400G-DR4,,US-PHX01,c160:004:26,pkey04-r004-us-west-02b,NET-6X100G-01,eth0,,,QSFP28-100G-DR1-LOW-PWR,,LC-TO-LC SMF,,,,,,,,,,,,,,
LLDP:  Failed,US-PHX01,c160:003:36,fbs01-r003-us-west-02b,SN4700,swp29,,,QSFPDD-400G-DR4,,US-PHX01,c160:001:28,dsr1-us-west-02b,7750-SR-1SE,c1,,,QSFPDD-400G-DR4,,MPO8-SMF,,,,,,,,,,,,,,
LLDP:  Failed,US-PHX01,c160:003:36,fbs01-r003-us-west-02b,SN4700,swp30,,,QSFPDD-400G-DR4,,US-PHX01,c160:002:28,dsr2-us-west-02b,7750-SR-1SE,c1,,,QSFPDD-400G-DR4,,MPO8-SMF,,,,,,,,,,,,,,
,,,,,,,,,,,,,,,,,,,,,,,,,,,,,,,,,
LLDP:  Passed,US-PHX01,c160:003:34,fbs02-r003-us-west-02b,SN4700,swp1,,,QSFPDD-400G-DR4,,US-PHX01,c160:003:42,mgmt-core-01a-r003-us-west-02b,SN4700,swp28,,,QSFPDD-400G-DR4,,MPO8-SMF,,,,,,,,,,,,,,
LLDP:  Passed,US-PHX01,c160:003:34,fbs02-r003-us-west-02b,SN4700,swp2,,,QSFPDD-400G-DR4,,US-PHX01,c160:004:42,mgmt-core-02a-r004-us-west-02b,SN4700,swp28,,,QSFPDD-400G-DR4,,MPO8-SMF,,,,,,,,,,,,,,
LLDP:  Passed,US-PHX01,c160:003:34,fbs02-r003-us-west-02b,SN4700,swp3,,,QSFPDD-400G-DR4,,US-PHX01,c160:003:18,t4a-01-r003-us-west-02b,SN4700,swp30,,,QSFPDD-400G-DR4,,MPO8-SMF,,,,,,,,,,,,,,
LLDP:  Passed,US-PHX01,c160:003:34,fbs02-r003-us-west-02b,SN4700,swp4,,,QSFPDD-400G-DR4,,US-PHX01,c160:003:16,t4a-02-r003-us-west-02b,SN4700,swp30,,,QSFPDD-400G-DR4,,MPO8-SMF,,,,,,,,,,,,,,
LLDP:  Passed,US-PHX01,c160:003:34,fbs02-r003-us-west-02b,SN4700,swp5,,,QSFPDD-400G-DR4,,US-PHX01,c160:003:14,t4a-03-r003-us-west-02b,SN4700,swp30,,,QSFPDD-400G-DR4,,MPO8-SMF,,,,,,,,,,,,,,
LLDP:  Passed,US-PHX01,c160:003:34,fbs02-r003-us-west-02b,SN4700,swp6,,,QSFPDD-400G-DR4,,US-PHX01,c160:003:12,t4a-04-r003-us-west-02b,SN4700,swp30,,,QSFPDD-400G-DR4,,MPO8-SMF,,,,,,,,,,,,,,
LLDP:  Passed,US-PHX01,c160:003:34,fbs02-r003-us-west-02b,SN4700,swp7,,,QSFPDD-400G-DR4,,US-PHX01,c160:003:10,t4b-01-r003-us-west-02b,SN4700,swp30,,,QSFPDD-400G-DR4,,MPO8-SMF,,,,,,,,,,,,,,
LLDP:  Passed,US-PHX01,c160:003:34,fbs02-r003-us-west-02b,SN4700,swp8,,,QSFPDD-400G-DR4,,US-PHX01,c160:003:08,t4b-02-r003-us-west-02b,SN4700,swp30,,,QSFPDD-400G-DR4,,MPO8-SMF,,,,,,,,,,,,,,
LLDP:  Passed,US-PHX01,c160:003:34,fbs02-r003-us-west-02b,SN4700,swp9,,,QSFPDD-400G-DR4,,US-PHX01,c160:003:06,t4b-03-r003-us-west-02b,SN4700,swp30,,,QSFPDD-400G-DR4,,MPO8-SMF,,,,,,,,,,,,,,
LLDP:  Passed,US-PHX01,c160:003:34,fbs02-r003-us-west-02b,SN4700,swp10,,,QSFPDD-400G-DR4,,US-PHX01,c160:003:04,t4b-04-r003-us-west-02b,SN4700,swp30,,,QSFPDD-400G-DR4,,MPO8-SMF,,,,,,,,,,,,,,
LLDP:  Passed,US-PHX01,c160:003:34,fbs02-r003-us-west-02b,SN4700,swp11,,,QSFPDD-400G-DR4,,US-PHX01,c160:004:18,t4c-01-r004-us-west-02b,SN4700,swp30,,,QSFPDD-400G-DR4,,MPO8-SMF,,,,,,,,,,,,,,
LLDP:  Passed,US-PHX01,c160:003:34,fbs02-r003-us-west-02b,SN4700,swp12,,,QSFPDD-400G-DR4,,US-PHX01,c160:004:16,t4c-02-r004-us-west-02b,SN4700,swp30,,,QSFPDD-400G-DR4,,MPO8-SMF,,,,,,,,,,,,,,
LLDP:  Passed,US-PHX01,c160:003:34,fbs02-r003-us-west-02b,SN4700,swp13,,,QSFPDD-400G-DR4,,US-PHX01,c160:004:14,t4c-03-r004-us-west-02b,SN4700,swp30,,,QSFPDD-400G-DR4,,MPO8-SMF,,,,,,,,,,,,,,
LLDP:  Passed,US-PHX01,c160:003:34,fbs02-r003-us-west-02b,SN4700,swp14,,,QSFPDD-400G-DR4,,US-PHX01,c160:004:12,t4c-04-r004-us-west-02b,SN4700,swp30,,,QSFPDD-400G-DR4,,MPO8-SMF,,,,,,,,,,,,,,
LLDP:  Passed,US-PHX01,c160:003:34,fbs02-r003-us-west-02b,SN4700,swp15,,,QSFPDD-400G-DR4,,US-PHX01,c160:004:10,t4d-01-r004-us-west-02b,SN4700,swp30,,,QSFPDD-400G-DR4,,MPO8-SMF,,,,,,,,,,,,,,
LLDP:  Passed,US-PHX01,c160:003:34,fbs02-r003-us-west-02b,SN4700,swp16,,,QSFPDD-400G-DR4,,US-PHX01,c160:004:08,t4d-02-r004-us-west-02b,SN4700,swp30,,,QSFPDD-400G-DR4,,MPO8-SMF,,,,,,,,,,,,,,
LLDP:  Passed,US-PHX01,c160:003:34,fbs02-r003-us-west-02b,SN4700,swp17,,,QSFPDD-400G-DR4,,US-PHX01,c160:004:06,t4d-03-r004-us-west-02b,SN4700,swp30,,,QSFPDD-400G-DR4,,MPO8-SMF,,,,,,,,,,,,,,
LLDP:  Passed,US-PHX01,c160:003:34,fbs02-r003-us-west-02b,SN4700,swp18,,,QSFPDD-400G-DR4,,US-PHX01,c160:004:04,t4d-04-r004-us-west-02b,SN4700,swp30,,,QSFPDD-400G-DR4,,MPO8-SMF,,,,,,,,,,,,,,
LLDP:  Passed,US-PHX01,c160:003:34,fbs02-r003-us-west-02b,SN4700,swp28,c160:003:33,1:A:1,QSFPDD-400G-DR4,,US-PHX01,c160:003:28,pkey01-r003-us-west-02b,NET-6X100G-01,eth1,,,QSFP28-100G-DR1-LOW-PWR,,LC-TO-LC SMF,,,,,,,,,,,,,,
LLDP:  Passed,US-PHX01,c160:003:34,fbs02-r003-us-west-02b,SN4700,swp28,c160:003:33,1:A:2,QSFPDD-400G-DR4,,US-PHX01,c160:003:26,pkey02-r003-us-west-02b,NET-6X100G-01,eth1,,,QSFP28-100G-DR1-LOW-PWR,,LC-TO-LC SMF,,,,,,,,,,,,,,
LLDP:  Passed,US-PHX01,c160:003:34,fbs02-r003-us-west-02b,SN4700,swp28,c160:003:33,1:A:3,QSFPDD-400G-DR4,,US-PHX01,c160:004:28,pkey03-r004-us-west-02b,NET-6X100G-01,eth1,,,QSFP28-100G-DR1-LOW-PWR,,LC-TO-LC SMF,,,,,,,,,,,,,,
LLDP:  Passed,US-PHX01,c160:003:34,fbs02-r003-us-west-02b,SN4700,swp28,c160:003:33,1:A:4,QSFPDD-400G-DR4,,US-PHX01,c160:004:26,pkey04-r004-us-west-02b,NET-6X100G-01,eth1,,,QSFP28-100G-DR1-LOW-PWR,,LC-TO-LC SMF,,,,,,,,,,,,,,
LLDP:  Failed,US-PHX01,c160:003:34,fbs02-r003-us-west-02b,SN4700,swp29,,,QSFPDD-400G-DR4,,US-PHX01,c160:001:28,dsr1-us-west-02b,7750-SR-1SE,c2,,,QSFPDD-400G-DR4,,MPO8-SMF,,,,,,,,,,,,,,
LLDP:  Failed,US-PHX01,c160:003:34,fbs02-r003-us-west-02b,SN4700,swp30,,,QSFPDD-400G-DR4,,US-PHX01,c160:002:28,dsr2-us-west-02b,7750-SR-1SE,c2,,,QSFPDD-400G-DR4,,MPO8-SMF,,,,,,,,,,,,,,
,,,,,,,,,,,,,,,,,,,,,,,,,,,,,,,,,
LLDP:  Passed,US-PHX01,c160:004:36,fbs03-r004-us-west-02b,SN4700,swp1,,,QSFPDD-400G-DR4,,US-PHX01,c160:003:42,mgmt-core-01a-r003-us-west-02b,SN4700,swp29,,,QSFPDD-400G-DR4,,MPO8-SMF,,,,,,,,,,,,,,
LLDP:  Passed,US-PHX01,c160:004:36,fbs03-r004-us-west-02b,SN4700,swp2,,,QSFPDD-400G-DR4,,US-PHX01,c160:004:42,mgmt-core-02a-r004-us-west-02b,SN4700,swp29,,,QSFPDD-400G-DR4,,MPO8-SMF,,,,,,,,,,,,,,
LLDP:  Passed,US-PHX01,c160:004:36,fbs03-r004-us-west-02b,SN4700,swp3,,,QSFPDD-400G-DR4,,US-PHX01,c160:003:18,t4a-01-r003-us-west-02b,SN4700,swp31,,,QSFPDD-400G-DR4,,MPO8-SMF,,,,,,,,,,,,,,
LLDP:  Failed,US-PHX01,c160:004:36,fbs03-r004-us-west-02b,SN4700,swp4,,,QSFPDD-400G-DR4,,US-PHX01,c160:003:16,t4a-02-r003-us-west-02b,SN4700,swp31,,,QSFPDD-400G-DR4,,MPO8-SMF,,,,,,,,,,,,,,
LLDP:  Passed,US-PHX01,c160:004:36,fbs03-r004-us-west-02b,SN4700,swp5,,,QSFPDD-400G-DR4,,US-PHX01,c160:003:14,t4a-03-r003-us-west-02b,SN4700,swp31,,,QSFPDD-400G-DR4,,MPO8-SMF,,,,,,,,,,,,,,
LLDP:  Passed,US-PHX01,c160:004:36,fbs03-r004-us-west-02b,SN4700,swp6,,,QSFPDD-400G-DR4,,US-PHX01,c160:003:12,t4a-04-r003-us-west-02b,SN4700,swp31,,,QSFPDD-400G-DR4,,MPO8-SMF,,,,,,,,,,,,,,
LLDP:  Passed,US-PHX01,c160:004:36,fbs03-r004-us-west-02b,SN4700,swp7,,,QSFPDD-400G-DR4,,US-PHX01,c160:003:10,t4b-01-r003-us-west-02b,SN4700,swp31,,,QSFPDD-400G-DR4,,MPO8-SMF,,,,,,,,,,,,,,
LLDP:  Passed,US-PHX01,c160:004:36,fbs03-r004-us-west-02b,SN4700,swp8,,,QSFPDD-400G-DR4,,US-PHX01,c160:003:08,t4b-02-r003-us-west-02b,SN4700,swp31,,,QSFPDD-400G-DR4,,MPO8-SMF,,,,,,,,,,,,,,
LLDP:  Passed,US-PHX01,c160:004:36,fbs03-r004-us-west-02b,SN4700,swp9,,,QSFPDD-400G-DR4,,US-PHX01,c160:003:06,t4b-03-r003-us-west-02b,SN4700,swp31,,,QSFPDD-400G-DR4,,MPO8-SMF,,,,,,,,,,,,,,
LLDP:  Failed,US-PHX01,c160:004:36,fbs03-r004-us-west-02b,SN4700,swp10,,,QSFPDD-400G-DR4,,US-PHX01,c160:003:04,t4b-04-r003-us-west-02b,SN4700,swp31,,,QSFPDD-400G-DR4,,MPO8-SMF,,,,,,,,,,,,,,
LLDP:  Passed,US-PHX01,c160:004:36,fbs03-r004-us-west-02b,SN4700,swp11,,,QSFPDD-400G-DR4,,US-PHX01,c160:004:18,t4c-01-r004-us-west-02b,SN4700,swp31,,,QSFPDD-400G-DR4,,MPO8-SMF,,,,,,,,,,,,,,
LLDP:  Passed,US-PHX01,c160:004:36,fbs03-r004-us-west-02b,SN4700,swp12,,,QSFPDD-400G-DR4,,US-PHX01,c160:004:16,t4c-02-r004-us-west-02b,SN4700,swp31,,,QSFPDD-400G-DR4,,MPO8-SMF,,,,,,,,,,,,,,
LLDP:  Passed,US-PHX01,c160:004:36,fbs03-r004-us-west-02b,SN4700,swp13,,,QSFPDD-400G-DR4,,US-PHX01,c160:004:14,t4c-03-r004-us-west-02b,SN4700,swp31,,,QSFPDD-400G-DR4,,MPO8-SMF,,,,,,,,,,,,,,
LLDP:  Passed,US-PHX01,c160:004:36,fbs03-r004-us-west-02b,SN4700,swp14,,,QSFPDD-400G-DR4,,US-PHX01,c160:004:12,t4c-04-r004-us-west-02b,SN4700,swp31,,,QSFPDD-400G-DR4,,MPO8-SMF,,,,,,,,,,,,,,
LLDP:  Passed,US-PHX01,c160:004:36,fbs03-r004-us-west-02b,SN4700,swp15,,,QSFPDD-400G-DR4,,US-PHX01,c160:004:10,t4d-01-r004-us-west-02b,SN4700,swp31,,,QSFPDD-400G-DR4,,MPO8-SMF,,,,,,,,,,,,,,
LLDP:  Passed,US-PHX01,c160:004:36,fbs03-r004-us-west-02b,SN4700,swp16,,,QSFPDD-400G-DR4,,US-PHX01,c160:004:08,t4d-02-r004-us-west-02b,SN4700,swp31,,,QSFPDD-400G-DR4,,MPO8-SMF,,,,,,,,,,,,,,
LLDP:  Passed,US-PHX01,c160:004:36,fbs03-r004-us-west-02b,SN4700,swp17,,,QSFPDD-400G-DR4,,US-PHX01,c160:004:06,t4d-03-r004-us-west-02b,SN4700,swp31,,,QSFPDD-400G-DR4,,MPO8-SMF,,,,,,,,,,,,,,
LLDP:  Passed,US-PHX01,c160:004:36,fbs03-r004-us-west-02b,SN4700,swp18,,,QSFPDD-400G-DR4,,US-PHX01,c160:004:04,t4d-04-r004-us-west-02b,SN4700,swp31,,,QSFPDD-400G-DR4,,MPO8-SMF,,,,,,,,,,,,,,
LLDP:  Passed,US-PHX01,c160:004:36,fbs03-r004-us-west-02b,SN4700,swp28,c160:004:35,1:A:1,QSFPDD-400G-DR4,,US-PHX01,c160:003:28,pkey01-r003-us-west-02b,NET-6X100G-01,eth2,,,QSFP28-100G-DR1-LOW-PWR,,LC-TO-LC SMF,,,,,,,,,,,,,,
LLDP:  Passed,US-PHX01,c160:004:36,fbs03-r004-us-west-02b,SN4700,swp28,c160:004:35,1:A:2,QSFPDD-400G-DR4,,US-PHX01,c160:003:26,pkey02-r003-us-west-02b,NET-6X100G-01,eth2,,,QSFP28-100G-DR1-LOW-PWR,,LC-TO-LC SMF,,,,,,,,,,,,,,
LLDP:  Passed,US-PHX01,c160:004:36,fbs03-r004-us-west-02b,SN4700,swp28,c160:004:35,1:A:3,QSFPDD-400G-DR4,,US-PHX01,c160:004:28,pkey03-r004-us-west-02b,NET-6X100G-01,eth2,,,QSFP28-100G-DR1-LOW-PWR,,LC-TO-LC SMF,,,,,,,,,,,,,,
LLDP:  Passed,US-PHX01,c160:004:36,fbs03-r004-us-west-02b,SN4700,swp28,c160:004:35,1:A:4,QSFPDD-400G-DR4,,US-PHX01,c160:004:26,pkey04-r004-us-west-02b,NET-6X100G-01,eth2,,,QSFP28-100G-DR1-LOW-PWR,,LC-TO-LC SMF,,,,,,,,,,,,,,
LLDP:  Failed,US-PHX01,c160:004:36,fbs03-r004-us-west-02b,SN4700,swp29,,,QSFPDD-400G-DR4,,US-PHX01,c160:001:28,dsr1-us-west-02b,7750-SR-1SE,c3,,,QSFPDD-400G-DR4,,MPO8-SMF,,,,,,,,,,,,,,
LLDP:  Failed,US-PHX01,c160:004:36,fbs03-r004-us-west-02b,SN4700,swp30,,,QSFPDD-400G-DR4,,US-PHX01,c160:002:28,dsr2-us-west-02b,7750-SR-1SE,c3,,,QSFPDD-400G-DR4,,MPO8-SMF,,,,,,,,,,,,,,
,,,,,,,,,,,,,,,,,,,,,,,,,,,,,,,,,
LLDP:  Passed,US-PHX01,c160:004:34,fbs04-r004-us-west-02b,SN4700,swp1,,,QSFPDD-400G-DR4,,US-PHX01,c160:003:42,mgmt-core-01a-r003-us-west-02b,SN4700,swp30,,,QSFPDD-400G-DR4,,MPO8-SMF,,,,,,,,,,,,,,
LLDP:  Failed,US-PHX01,c160:004:34,fbs04-r004-us-west-02b,SN4700,swp2,,,QSFPDD-400G-DR4,,US-PHX01,c160:004:42,mgmt-core-02a-r004-us-west-02b,SN4700,swp30,,,QSFPDD-400G-DR4,,MPO8-SMF,,,,,,,,,,,,,,
LLDP:  Passed,US-PHX01,c160:004:34,fbs04-r004-us-west-02b,SN4700,swp3,,,QSFPDD-400G-DR4,,US-PHX01,c160:003:18,t4a-01-r003-us-west-02b,SN4700,swp32,,,QSFPDD-400G-DR4,,MPO8-SMF,,,,,,,,,,,,,,
LLDP:  Passed,US-PHX01,c160:004:34,fbs04-r004-us-west-02b,SN4700,swp4,,,QSFPDD-400G-DR4,,US-PHX01,c160:003:16,t4a-02-r003-us-west-02b,SN4700,swp32,,,QSFPDD-400G-DR4,,MPO8-SMF,,,,,,,,,,,,,,
LLDP:  Passed,US-PHX01,c160:004:34,fbs04-r004-us-west-02b,SN4700,swp5,,,QSFPDD-400G-DR4,,US-PHX01,c160:003:14,t4a-03-r003-us-west-02b,SN4700,swp32,,,QSFPDD-400G-DR4,,MPO8-SMF,,,,,,,,,,,,,,
LLDP:  Passed,US-PHX01,c160:004:34,fbs04-r004-us-west-02b,SN4700,swp6,,,QSFPDD-400G-DR4,,US-PHX01,c160:003:12,t4a-04-r003-us-west-02b,SN4700,swp32,,,QSFPDD-400G-DR4,,MPO8-SMF,,,,,,,,,,,,,,
LLDP:  Passed,US-PHX01,c160:004:34,fbs04-r004-us-west-02b,SN4700,swp7,,,QSFPDD-400G-DR4,,US-PHX01,c160:003:10,t4b-01-r003-us-west-02b,SN4700,swp32,,,QSFPDD-400G-DR4,,MPO8-SMF,,,,,,,,,,,,,,
LLDP:  Passed,US-PHX01,c160:004:34,fbs04-r004-us-west-02b,SN4700,swp8,,,QSFPDD-400G-DR4,,US-PHX01,c160:003:08,t4b-02-r003-us-west-02b,SN4700,swp32,,,QSFPDD-400G-DR4,,MPO8-SMF,,,,,,,,,,,,,,
LLDP:  Passed,US-PHX01,c160:004:34,fbs04-r004-us-west-02b,SN4700,swp9,,,QSFPDD-400G-DR4,,US-PHX01,c160:003:06,t4b-03-r003-us-west-02b,SN4700,swp32,,,QSFPDD-400G-DR4,,MPO8-SMF,,,,,,,,,,,,,,
LLDP:  Passed,US-PHX01,c160:004:34,fbs04-r004-us-west-02b,SN4700,swp10,,,QSFPDD-400G-DR4,,US-PHX01,c160:003:04,t4b-04-r003-us-west-02b,SN4700,swp32,,,QSFPDD-400G-DR4,,MPO8-SMF,,,,,,,,,,,,,,
LLDP:  Passed,US-PHX01,c160:004:34,fbs04-r004-us-west-02b,SN4700,swp11,,,QSFPDD-400G-DR4,,US-PHX01,c160:004:18,t4c-01-r004-us-west-02b,SN4700,swp32,,,QSFPDD-400G-DR4,,MPO8-SMF,,,,,,,,,,,,,,
LLDP:  Passed,US-PHX01,c160:004:34,fbs04-r004-us-west-02b,SN4700,swp12,,,QSFPDD-400G-DR4,,US-PHX01,c160:004:16,t4c-02-r004-us-west-02b,SN4700,swp32,,,QSFPDD-400G-DR4,,MPO8-SMF,,,,,,,,,,,,,,
LLDP:  Passed,US-PHX01,c160:004:34,fbs04-r004-us-west-02b,SN4700,swp13,,,QSFPDD-400G-DR4,,US-PHX01,c160:004:14,t4c-03-r004-us-west-02b,SN4700,swp32,,,QSFPDD-400G-DR4,,MPO8-SMF,,,,,,,,,,,,,,
LLDP:  Passed,US-PHX01,c160:004:34,fbs04-r004-us-west-02b,SN4700,swp14,,,QSFPDD-400G-DR4,,US-PHX01,c160:004:12,t4c-04-r004-us-west-02b,SN4700,swp32,,,QSFPDD-400G-DR4,,MPO8-SMF,,,,,,,,,,,,,,
LLDP:  Passed,US-PHX01,c160:004:34,fbs04-r004-us-west-02b,SN4700,swp15,,,QSFPDD-400G-DR4,,US-PHX01,c160:004:10,t4d-01-r004-us-west-02b,SN4700,swp32,,,QSFPDD-400G-DR4,,MPO8-SMF,,,,,,,,,,,,,,
LLDP:  Passed,US-PHX01,c160:004:34,fbs04-r004-us-west-02b,SN4700,swp16,,,QSFPDD-400G-DR4,,US-PHX01,c160:004:08,t4d-02-r004-us-west-02b,SN4700,swp32,,,QSFPDD-400G-DR4,,MPO8-SMF,,,,,,,,,,,,,,
LLDP:  Passed,US-PHX01,c160:004:34,fbs04-r004-us-west-02b,SN4700,swp17,,,QSFPDD-400G-DR4,,US-PHX01,c160:004:06,t4d-03-r004-us-west-02b,SN4700,swp32,,,QSFPDD-400G-DR4,,MPO8-SMF,,,,,,,,,,,,,,
LLDP:  Passed,US-PHX01,c160:004:34,fbs04-r004-us-west-02b,SN4700,swp18,,,QSFPDD-400G-DR4,,US-PHX01,c160:004:04,t4d-04-r004-us-west-02b,SN4700,swp32,,,QSFPDD-400G-DR4,,MPO8-SMF,,,,,,,,,,,,,,
LLDP:  Passed,US-PHX01,c160:004:34,fbs04-r004-us-west-02b,SN4700,swp28,c160:004:33,1:A:1,QSFPDD-400G-DR4,,US-PHX01,c160:003:28,pkey01-r003-us-west-02b,NET-6X100G-01,eth3,,,QSFP28-100G-DR1-LOW-PWR,,LC-TO-LC SMF,,,,,,,,,,,,,,
LLDP:  Passed,US-PHX01,c160:004:34,fbs04-r004-us-west-02b,SN4700,swp28,c160:004:33,1:A:2,QSFPDD-400G-DR4,,US-PHX01,c160:003:26,pkey02-r003-us-west-02b,NET-6X100G-01,eth3,,,QSFP28-100G-DR1-LOW-PWR,,LC-TO-LC SMF,,,,,,,,,,,,,,
LLDP:  Passed,US-PHX01,c160:004:34,fbs04-r004-us-west-02b,SN4700,swp28,c160:004:33,1:A:3,QSFPDD-400G-DR4,,US-PHX01,c160:004:28,pkey03-r004-us-west-02b,NET-6X100G-01,eth3,,,QSFP28-100G-DR1-LOW-PWR,,LC-TO-LC SMF,,,,,,,,,,,,,,
LLDP:  Passed,US-PHX01,c160:004:34,fbs04-r004-us-west-02b,SN4700,swp28,c160:004:33,1:A:4,QSFPDD-400G-DR4,,US-PHX01,c160:004:26,pkey04-r004-us-west-02b,NET-6X100G-01,eth3,,,QSFP28-100G-DR1-LOW-PWR,,LC-TO-LC SMF,,,,,,,,,,,,,,
LLDP:  Failed,US-PHX01,c160:004:34,fbs04-r004-us-west-02b,SN4700,swp29,,,QSFPDD-400G-DR4,,US-PHX01,c160:001:28,dsr1-us-west-02b,7750-SR-1SE,c4,,,QSFPDD-400G-DR4,,MPO8-SMF,,,,,,,,,,,,,,
LLDP:  Failed,US-PHX01,c160:004:34,fbs04-r004-us-west-02b,SN4700,swp30,,,QSFPDD-400G-DR4,,US-PHX01,c160:002:28,dsr2-us-west-02b,7750-SR-1SE,c4,,,QSFPDD-400G-DR4,,MPO8-SMF,,,,,,,,,,,,,,
,,,,,,,,,,,,,,,,,,,,,,,,,,,,,,,,,
,,,,,,,,,,,,,,,,,,,,,,,,,,,,,,,,,
,,,,,,,,,,,,,,,,,,,,,,,,,,,,,,,,,
FABRIC CORE RACKS,,,,,,,,,,,,,,,,,,,,,,,,,,,,,,,,,
** MGMT-CORES **,,,,,,,,,,,,,,,,,,,,,,,,,,,,,,,,,
LLDP:  Passed,US-PHX01,c160:003:42,mgmt-core-01a-r003-us-west-02b,SN4700,swp31,,,QSFPDD-400G-DR4,,US-PHX01,c160:004:42,mgmt-core-02a-r004-us-west-02b,SN4700,swp31,,,,QSFPDD-400G-DR4,MPO8-SMF,,,,,,,,,,,,,,
LLDP:  Passed,US-PHX01,c160:003:42,mgmt-core-01a-r003-us-west-02b,SN4700,swp32,,,QSFPDD-400G-DR4,,US-PHX01,c160:004:42,mgmt-core-02a-r004-us-west-02b,SN4700,swp32,,,,QSFPDD-400G-DR4,MPO8-SMF,,,,,,,,,,,,,,
,,,,,,,,,,,,,,,,,,,,,,,,,,,,,,,,,
LLDP:  Passed,US-PHX01,c160:003:42,mgmt-core-01a-r003-us-west-02b,SN4700,swp1,c160:003:41,1:1:1,QSFPDD-400G-DR4,,US-PHX01,c160:003:38,mgmt-dist-01a-r003-us-west-02b,SN3420,swp57,,,,QSFP28-100G-DR1,LC-TO-LC SMF,,,,,,,,,,,,,,
LLDP:  Passed,US-PHX01,c160:003:42,mgmt-core-01a-r003-us-west-02b,SN4700,swp1,c160:003:41,1:1:2,QSFPDD-400G-DR4,,US-PHX01,c160:004:38,mgmt-dist-02a-r004-us-west-02b,SN3420,swp57,,,,QSFP28-100G-DR1,LC-TO-LC SMF,,,,,,,,,,,,,,
LLDP:  Passed,US-PHX01,c160:003:42,mgmt-core-01a-r003-us-west-02b,SN4700,swp1,c160:003:41,1:1:3,QSFPDD-400G-DR4,,US-PHX01,c160:003:30,metal-ztp01-us-west-02b,PROLIANT-DL360-GEN10-PLUS,ens1f0np1,,,,QSFP28-100G-DR1,LC-TO-LC SMF,,,,,,,,,,,,,,
LLDP:  Passed,US-PHX01,c160:003:42,mgmt-core-01a-r003-us-west-02b,SN4700,swp1,c160:003:41,1:1:4,QSFPDD-400G-DR4,,US-PHX01,c160:004:30,metal-jump01-us-west-02b,PROLIANT-DL360-GEN10-PLUS,ens1f0np1,,,,QSFP28-100G-DR1,LC-TO-LC SMF,,,,,,,,,,,,,,
LLDP:  Passed,US-PHX01,c160:003:42,mgmt-core-01a-r003-us-west-02b,SN4700,swp2,c160:003:41,1:2:1,QSFPDD-400G-DR4,,US-PHX01,c160:003:28,pkey01-r003-us-west-02b,NET-6X100G-01,eth4,,,,QSFP28-100G-DR1-LOW-PWR,LC-TO-LC SMF,,,,,,,,,,,,,,
LLDP:  Passed,US-PHX01,c160:003:42,mgmt-core-01a-r003-us-west-02b,SN4700,swp2,c160:003:41,1:2:2,QSFPDD-400G-DR4,,US-PHX01,c160:003:26,pkey02-r003-us-west-02b,NET-6X100G-01,eth4,,,,QSFP28-100G-DR1-LOW-PWR,LC-TO-LC SMF,,,,,,,,,,,,,,
LLDP:  Passed,US-PHX01,c160:003:42,mgmt-core-01a-r003-us-west-02b,SN4700,swp2,c160:003:41,1:2:3,QSFPDD-400G-DR4,,US-PHX01,c160:003:28,pkey01-r003-us-west-02b,NET-6X100G-01,eth5,,,,QSFP28-100G-DR1-LOW-PWR,LC-TO-LC SMF,,,,,,,,,,,,,,
LLDP:  Passed,US-PHX01,c160:003:42,mgmt-core-01a-r003-us-west-02b,SN4700,swp2,c160:003:41,1:2:4,QSFPDD-400G-DR4,,US-PHX01,c160:003:26,pkey02-r003-us-west-02b,NET-6X100G-01,eth5,,,,QSFP28-100G-DR1-LOW-PWR,LC-TO-LC SMF,,,,,,,,,,,,,,
Cable Is Ran: Complete,US-PHX01,c160:003:42,mgmt-core-01a-r003-us-west-02b,SN4700,swp3,c160:003:41,1:3:1,QSFPDD-400G-DR4,,US-PHX01,c160:003:24,ufm1-r003-us-west-02b,CPU-HPE-01,eth0,,,,QSFP28-100G-DR1,LC-TO-LC SMF,,,,,,,,,,,,,,
LLDP:  Passed,US-PHX01,c160:003:42,mgmt-core-01a-r003-us-west-02b,SN4700,swp3,c160:003:41,1:3:2,QSFPDD-400G-DR4,,US-PHX01,c160:026:29,comp-agg-gg1-a-01a-r026-us-west-02b,SN3700,swp31,,,,QSFP28-100G-DR1,LC-TO-LC SMF,,,,,,,,,,,,,,
LLDP:  Passed,US-PHX01,c160:003:42,mgmt-core-01a-r003-us-west-02b,SN4700,swp3,c160:003:41,1:3:3,QSFPDD-400G-DR4,,US-PHX01,c160:026:28,comp-agg-gg1-a-02a-r026-us-west-02b,SN3700,swp31,,,,QSFP28-100G-DR1,LC-TO-LC SMF,,,,,,,,,,,,,,
LLDP:  Passed,US-PHX01,c160:003:42,mgmt-core-01a-r003-us-west-02b,SN4700,swp3,c160:003:41,1:3:4,QSFPDD-400G-DR4,,US-PHX01,c160:026:26,net-agg-gg1-a-01a-r026-us-west-02b,SN3700,swp31,,,,QSFP28-100G-DR1,LC-TO-LC SMF,,,,,,,,,,,,,,
LLDP:  Passed,US-PHX01,c160:003:42,mgmt-core-01a-r003-us-west-02b,SN4700,swp4,c160:003:41,1:4:1,QSFPDD-400G-DR4,,US-PHX01,c160:026:25,net-agg-gg1-a-02a-r026-us-west-02b,SN3700,swp31,,,,QSFP28-100G-DR1,LC-TO-LC SMF,,,,,,,,,,,,,,
LLDP:  Passed,US-PHX01,c160:003:42,mgmt-core-01a-r003-us-west-02b,SN4700,swp4,c160:003:41,1:4:2,QSFPDD-400G-DR4,,US-PHX01,c160:042:29,comp-agg-gg1-b-01a-r042-us-west-02b,SN3700,swp31,,,,QSFP28-100G-DR1,LC-TO-LC SMF,,,,,,,,,,,,,,
LLDP:  Passed,US-PHX01,c160:003:42,mgmt-core-01a-r003-us-west-02b,SN4700,swp4,c160:003:41,1:4:3,QSFPDD-400G-DR4,,US-PHX01,c160:042:28,comp-agg-gg1-b-02a-r042-us-west-02b,SN3700,swp31,,,,QSFP28-100G-DR1,LC-TO-LC SMF,,,,,,,,,,,,,,
LLDP:  Passed,US-PHX01,c160:003:42,mgmt-core-01a-r003-us-west-02b,SN4700,swp4,c160:003:41,1:4:4,QSFPDD-400G-DR4,,US-PHX01,c160:042:26,net-agg-gg1-b-01a-r042-us-west-02b,SN3700,swp31,,,,QSFP28-100G-DR1,LC-TO-LC SMF,,,,,,,,,,,,,,
LLDP:  Passed,US-PHX01,c160:003:42,mgmt-core-01a-r003-us-west-02b,SN4700,swp5,c160:003:41,1:5:1,QSFPDD-400G-DR4,,US-PHX01,c160:042:25,net-agg-gg1-b-02a-r042-us-west-02b,SN3700,swp31,,,,QSFP28-100G-DR1,LC-TO-LC SMF,,,,,,,,,,,,,,
LLDP:  Passed,US-PHX01,c160:003:42,mgmt-core-01a-r003-us-west-02b,SN4700,swp5,c160:003:41,1:5:2,QSFPDD-400G-DR4,,US-PHX01,c160:272:29,comp-agg-gg1-c-01a-r272-us-west-02b,SN3700,swp31,,,,QSFP28-100G-DR1,LC-TO-LC SMF,,,,,,,,,,,,,,
LLDP:  Passed,US-PHX01,c160:003:42,mgmt-core-01a-r003-us-west-02b,SN4700,swp5,c160:003:41,1:5:3,QSFPDD-400G-DR4,,US-PHX01,c160:272:28,comp-agg-gg1-c-02a-r272-us-west-02b,SN3700,swp31,,,,QSFP28-100G-DR1,LC-TO-LC SMF,,,,,,,,,,,,,,
LLDP:  Passed,US-PHX01,c160:003:42,mgmt-core-01a-r003-us-west-02b,SN4700,swp5,c160:003:41,1:5:4,QSFPDD-400G-DR4,,US-PHX01,c160:272:26,net-agg-gg1-c-01a-r272-us-west-02b,SN3700,swp31,,,,QSFP28-100G-DR1,LC-TO-LC SMF,,,,,,,,,,,,,,
LLDP:  Passed,US-PHX01,c160:003:42,mgmt-core-01a-r003-us-west-02b,SN4700,swp6,c160:003:41,1:6:1,QSFPDD-400G-DR4,,US-PHX01,c160:272:25,net-agg-gg1-c-02a-r272-us-west-02b,SN3700,swp31,,,,QSFP28-100G-DR1,LC-TO-LC SMF,,,,,,,,,,,,,,
Cable Is Ran: Complete,US-PHX01,c160:003:42,mgmt-core-01a-r003-us-west-02b,SN4700,swp6,c160:003:41,1:6:2,QSFPDD-400G-DR4,,,,,,,,,,,,,,,,,,,,,,,,,
Cable Is Ran: Complete,US-PHX01,c160:003:42,mgmt-core-01a-r003-us-west-02b,SN4700,swp6,c160:003:41,1:6:3,QSFPDD-400G-DR4,,,,,,,,,,,,,,,,,,,,,,,,,
Cable Is Ran: Complete,US-PHX01,c160:003:42,mgmt-core-01a-r003-us-west-02b,SN4700,swp6,c160:003:41,1:6:4,QSFPDD-400G-DR4,,,,,,,,,,,,,,,,,,,,,,,,,
,,,,,,,,,,,,,,,,,,,,,,,,,,,,,,,,,
LLDP:  Passed,US-PHX01,c160:004:42,mgmt-core-02a-r004-us-west-02b,SN4700,swp1,c160:004:41,1:1:1,QSFPDD-400G-DR4,,US-PHX01,c160:003:38,mgmt-dist-01a-r003-us-west-02b,SN3420,swp59,,,,QSFP28-100G-DR1,LC-TO-LC SMF,,,,,,,,,,,,,,
LLDP:  Passed,US-PHX01,c160:004:42,mgmt-core-02a-r004-us-west-02b,SN4700,swp1,c160:004:41,1:1:2,QSFPDD-400G-DR4,,US-PHX01,c160:004:38,mgmt-dist-02a-r004-us-west-02b,SN3420,swp59,,,,QSFP28-100G-DR1,LC-TO-LC SMF,,,,,,,,,,,,,,
LLDP:  Passed,US-PHX01,c160:004:42,mgmt-core-02a-r004-us-west-02b,SN4700,swp1,c160:004:41,1:1:3,QSFPDD-400G-DR4,,US-PHX01,c160:003:30,metal-ztp01-us-west-02b,PROLIANT-DL360-GEN10-PLUS,enp67s0f0np0,,,,QSFP28-100G-DR1,LC-TO-LC SMF,,,,,,,,,,,,,,
LLDP:  Passed,US-PHX01,c160:004:42,mgmt-core-02a-r004-us-west-02b,SN4700,swp1,c160:004:41,1:1:4,QSFPDD-400G-DR4,,US-PHX01,c160:004:30,metal-jump01-us-west-02b,PROLIANT-DL360-GEN10-PLUS,enp67s0f0np0,,,,QSFP28-100G-DR1,LC-TO-LC SMF,,,,,,,,,,,,,,
LLDP:  Passed,US-PHX01,c160:004:42,mgmt-core-02a-r004-us-west-02b,SN4700,swp2,c160:004:41,1:2:1,QSFPDD-400G-DR4,,US-PHX01,c160:004:28,pkey03-r004-us-west-02b,NET-6X100G-01,eth4,,,,QSFP28-100G-DR1-LOW-PWR,LC-TO-LC SMF,,,,,,,,,,,,,,
LLDP:  Passed,US-PHX01,c160:004:42,mgmt-core-02a-r004-us-west-02b,SN4700,swp2,c160:004:41,1:2:2,QSFPDD-400G-DR4,,US-PHX01,c160:004:26,pkey04-r004-us-west-02b,NET-6X100G-01,eth4,,,,QSFP28-100G-DR1-LOW-PWR,LC-TO-LC SMF,,,,,,,,,,,,,,
LLDP:  Passed,US-PHX01,c160:004:42,mgmt-core-02a-r004-us-west-02b,SN4700,swp2,c160:004:41,1:2:3,QSFPDD-400G-DR4,,US-PHX01,c160:004:28,pkey03-r004-us-west-02b,NET-6X100G-01,eth5,,,,QSFP28-100G-DR1-LOW-PWR,LC-TO-LC SMF,,,,,,,,,,,,,,
LLDP:  Passed,US-PHX01,c160:004:42,mgmt-core-02a-r004-us-west-02b,SN4700,swp2,c160:004:41,1:2:4,QSFPDD-400G-DR4,,US-PHX01,c160:004:26,pkey04-r004-us-west-02b,NET-6X100G-01,eth5,,,,QSFP28-100G-DR1-LOW-PWR,LC-TO-LC SMF,,,,,,,,,,,,,,
Cable Is Ran: Complete,US-PHX01,c160:004:42,mgmt-core-02a-r004-us-west-02b,SN4700,swp3,c160:004:41,1:3:1,QSFPDD-400G-DR4,,US-PHX01,c160:003:24,ufm2-r004-us-west-02b,CPU-HPE-01,eth0,,,,QSFP28-100G-DR1,LC-TO-LC SMF,,,,,,,,,,,,,,
LLDP:  Passed,US-PHX01,c160:004:42,mgmt-core-02a-r004-us-west-02b,SN4700,swp3,c160:004:41,1:3:2,QSFPDD-400G-DR4,,US-PHX01,c160:026:29,comp-agg-gg1-a-01a-r026-us-west-02b,SN3700,swp32,,,,QSFP28-100G-DR1,LC-TO-LC SMF,,,,,,,,,,,,,,
LLDP:  Passed,US-PHX01,c160:004:42,mgmt-core-02a-r004-us-west-02b,SN4700,swp3,c160:004:41,1:3:3,QSFPDD-400G-DR4,,US-PHX01,c160:026:28,comp-agg-gg1-a-02a-r026-us-west-02b,SN3700,swp32,,,,QSFP28-100G-DR1,LC-TO-LC SMF,,,,,,,,,,,,,,
LLDP:  Passed,US-PHX01,c160:004:42,mgmt-core-02a-r004-us-west-02b,SN4700,swp3,c160:004:41,1:3:4,QSFPDD-400G-DR4,,US-PHX01,c160:026:26,net-agg-gg1-a-01a-r026-us-west-02b,SN3700,swp32,,,,QSFP28-100G-DR1,LC-TO-LC SMF,,,,,,,,,,,,,,
LLDP:  Passed,US-PHX01,c160:004:42,mgmt-core-02a-r004-us-west-02b,SN4700,swp4,c160:004:41,1:4:1,QSFPDD-400G-DR4,,US-PHX01,c160:026:25,net-agg-gg1-a-02a-r026-us-west-02b,SN3700,swp32,,,,QSFP28-100G-DR1,LC-TO-LC SMF,,,,,,,,,,,,,,
LLDP:  Passed,US-PHX01,c160:004:42,mgmt-core-02a-r004-us-west-02b,SN4700,swp4,c160:004:41,1:4:2,QSFPDD-400G-DR4,,US-PHX01,c160:042:29,comp-agg-gg1-b-01a-r042-us-west-02b,SN3700,swp32,,,,QSFP28-100G-DR1,LC-TO-LC SMF,,,,,,,,,,,,,,
LLDP:  Passed,US-PHX01,c160:004:42,mgmt-core-02a-r004-us-west-02b,SN4700,swp4,c160:004:41,1:4:3,QSFPDD-400G-DR4,,US-PHX01,c160:042:28,comp-agg-gg1-b-02a-r042-us-west-02b,SN3700,swp32,,,,QSFP28-100G-DR1,LC-TO-LC SMF,,,,,,,,,,,,,,
LLDP:  Passed,US-PHX01,c160:004:42,mgmt-core-02a-r004-us-west-02b,SN4700,swp4,c160:004:41,1:4:4,QSFPDD-400G-DR4,,US-PHX01,c160:042:26,net-agg-gg1-b-01a-r042-us-west-02b,SN3700,swp32,,,,QSFP28-100G-DR1,LC-TO-LC SMF,,,,,,,,,,,,,,
LLDP:  Passed,US-PHX01,c160:004:42,mgmt-core-02a-r004-us-west-02b,SN4700,swp5,c160:004:41,1:5:1,QSFPDD-400G-DR4,,US-PHX01,c160:042:25,net-agg-gg1-b-02a-r042-us-west-02b,SN3700,swp32,,,,QSFP28-100G-DR1,LC-TO-LC SMF,,,,,,,,,,,,,,
LLDP:  Passed,US-PHX01,c160:004:42,mgmt-core-02a-r004-us-west-02b,SN4700,swp5,c160:004:41,1:5:2,QSFPDD-400G-DR4,,US-PHX01,c160:272:29,comp-agg-gg1-c-01a-r272-us-west-02b,SN3700,swp32,,,,QSFP28-100G-DR1,LC-TO-LC SMF,,,,,,,,,,,,,,
LLDP:  Passed,US-PHX01,c160:004:42,mgmt-core-02a-r004-us-west-02b,SN4700,swp5,c160:004:41,1:5:3,QSFPDD-400G-DR4,,US-PHX01,c160:272:28,comp-agg-gg1-c-02a-r272-us-west-02b,SN3700,swp32,,,,QSFP28-100G-DR1,LC-TO-LC SMF,,,,,,,,,,,,,,
LLDP:  Passed,US-PHX01,c160:004:42,mgmt-core-02a-r004-us-west-02b,SN4700,swp5,c160:004:41,1:5:4,QSFPDD-400G-DR4,,US-PHX01,c160:272:26,net-agg-gg1-c-01a-r272-us-west-02b,SN3700,swp32,,,,QSFP28-100G-DR1,LC-TO-LC SMF,,,,,,,,,,,,,,
LLDP:  Passed,US-PHX01,c160:004:42,mgmt-core-02a-r004-us-west-02b,SN4700,swp6,c160:004:41,1:6:1,QSFPDD-400G-DR4,,US-PHX01,c160:272:25,net-agg-gg1-c-02a-r272-us-west-02b,SN3700,swp32,,,,QSFP28-100G-DR1,LC-TO-LC SMF,,,,,,,,,,,,,,
Cable Is Ran: Complete,US-PHX01,c160:004:42,mgmt-core-02a-r004-us-west-02b,SN4700,swp6,c160:004:41,1:6:2,QSFPDD-400G-DR4,,,,,,,,,,,,,,,,,,,,,,,,,
Cable Is Ran: Complete,US-PHX01,c160:004:42,mgmt-core-02a-r004-us-west-02b,SN4700,swp6,c160:004:41,1:6:3,QSFPDD-400G-DR4,,,,,,,,,,,,,,,,,,,,,,,,,
Cable Is Ran: Complete,US-PHX01,c160:004:42,mgmt-core-02a-r004-us-west-02b,SN4700,swp6,c160:004:41,1:6:4,QSFPDD-400G-DR4,,,,,,,,,,,,,,,,,,,,,,,,,
,,,,,,,,,,,,,,,,,,,,,,,,,,,,,,,,,
** MGMT-DISTS **,,,,,,,,,,,,,,,,,,,,,,,,,,,,,,,,,
LLDP:  Passed,US-PHX01,c160:003:38,mgmt-dist-01a-r003-us-west-02b,SN3420,swp55,,,QSFP28-100G-DR1,,US-PHX01,c160:004:38,mgmt-dist-02a-r004-us-west-02b,SN3420,swp55,,,,QSFP28-100G-DR1,LC-TO-LC SMF,,,,,,,,,,,,,,
,,,,,,,,,,,,,,,,,,,,,,,,,,,,,,,,,
LLDP:  Passed,US-PHX01,c160:003:38,mgmt-dist-01a-r003-us-west-02b,SN3420,swp1,,,SFP-BASE-10G-LR,,US-PHX01,c160:003:20,net-01-c160-r003-us-west-02b,SN2201,swp49,,,,MAM1Q00A-QSA28:10G-SFP-LR,LC-TO-LC SMF,,,,,,,,,,,,,,
LLDP:  Passed,US-PHX01,c160:003:38,mgmt-dist-01a-r003-us-west-02b,SN3420,swp2,,,SFP-BASE-10G-LR,,US-PHX01,c160:004:20,net-01-c160-r004-us-west-02b,SN2201,swp49,,,,MAM1Q00A-QSA28:10G-SFP-LR,LC-TO-LC SMF,,,,,,,,,,,,,,
LLDP:  Passed,US-PHX01,c160:003:38,mgmt-dist-01a-r003-us-west-02b,SN3420,swp3,,,SFP-BASE-10G-LR,,US-PHX01,c160:005:20,net-01-c160-r005-us-west-02b,SN2201,swp49,,,,MAM1Q00A-QSA28:10G-SFP-LR,LC-TO-LC SMF,,,,,,,,,,,,,,
LLDP:  Passed,US-PHX01,c160:003:38,mgmt-dist-01a-r003-us-west-02b,SN3420,swp4,,,SFP-BASE-10G-LR,,US-PHX01,c160:006:20,net-01-c160-r006-us-west-02b,SN2201,swp49,,,,MAM1Q00A-QSA28:10G-SFP-LR,LC-TO-LC SMF,,,,,,,,,,,,,,
,,,,,,,,,,,,,,,,,,,,,,,,,,,,,,,,,
LLDP:  Passed,US-PHX01,c160:004:38,mgmt-dist-02a-r004-us-west-02b,SN3420,swp1,,,SFP-BASE-10G-LR,,US-PHX01,c160:003:20,net-01-c160-r003-us-west-02b,SN2201,swp51,,,,MAM1Q00A-QSA28:10G-SFP-LR,LC-TO-LC SMF,,,,,,,,,,,,,,
LLDP:  Passed,US-PHX01,c160:004:38,mgmt-dist-02a-r004-us-west-02b,SN3420,swp2,,,SFP-BASE-10G-LR,,US-PHX01,c160:004:20,net-01-c160-r004-us-west-02b,SN2201,swp51,,,,MAM1Q00A-QSA28:10G-SFP-LR,LC-TO-LC SMF,,,,,,,,,,,,,,
LLDP:  Passed,US-PHX01,c160:004:38,mgmt-dist-02a-r004-us-west-02b,SN3420,swp3,,,SFP-BASE-10G-LR,,US-PHX01,c160:005:20,net-01-c160-r005-us-west-02b,SN2201,swp51,,,,MAM1Q00A-QSA28:10G-SFP-LR,LC-TO-LC SMF,,,,,,,,,,,,,,
LLDP:  Passed,US-PHX01,c160:004:38,mgmt-dist-02a-r004-us-west-02b,SN3420,swp4,,,SFP-BASE-10G-LR,,US-PHX01,c160:006:20,net-01-c160-r006-us-west-02b,SN2201,swp51,,,,MAM1Q00A-QSA28:10G-SFP-LR,LC-TO-LC SMF,,,,,,,,,,,,,,
,,,,,,,,,,,,,,,,,,,,,,,,,,,,,,,,,
** ROW_01 NET MGMT & CON **,,,,,,,,,,,,,,,,,,,,,,,,,,,,,,,,,
LLDP:  Passed,US-PHX01,c160:003:20,net-01-c160-r003-us-west-02b,SN2201,swp1,,,,,US-PHX01,c160:003:42,mgmt-core-01a-r003-us-west-02b,SN4700,mgmt,,,,,CAT6a,,,,,,,,,,,,,,
LLDP:  Passed,US-PHX01,c160:003:20,net-01-c160-r003-us-west-02b,SN2201,swp2,,,,,US-PHX01,c160:003:38,mgmt-dist-01a-r003-us-west-02b,SN3420,mgmt,,,,,CAT6a,,,,,,,,,,,,,,
LLDP:  Passed,US-PHX01,c160:003:20,net-01-c160-r003-us-west-02b,SN2201,swp3,,,,,US-PHX01,c160:003:36,fbs01-r003-us-west-02b,SN4700,mgmt,,,,,CAT6a,,,,,,,,,,,,,,
LLDP:  Passed,US-PHX01,c160:003:20,net-01-c160-r003-us-west-02b,SN2201,swp4,,,,,US-PHX01,c160:003:34,fbs02-r003-us-west-02b,SN4700,mgmt,,,,,CAT6a,,,,,,,,,,,,,,
Human Verified,US-PHX01,c160:003:20,net-01-c160-r003-us-west-02b,SN2201,swp5,,,,,US-PHX01,c160:003:30,metal-ztp01-us-west-02b,PROLIANT-DL360-GEN10-PLUS,ipmi,,,,,CAT6a,,,,,,,,,,,,,,
Human Verified,US-PHX01,c160:003:20,net-01-c160-r003-us-west-02b,SN2201,swp6,,,,,US-PHX01,c160:003:28,pkey01-r003-us-west-02b,NET-6X100G-01,ipmi,,,,,CAT6a,,,,,,,,,,,,,,
Human Verified,US-PHX01,c160:003:20,net-01-c160-r003-us-west-02b,SN2201,swp7,,,,,US-PHX01,c160:003:26,pkey02-r003-us-west-02b,NET-6X100G-01,ipmi,,,,,CAT6a,,,,,,,,,,,,,,
Human Verified,US-PHX01,c160:003:20,net-01-c160-r003-us-west-02b,SN2201,swp8,,,,,US-PHX01,c160:003:24,ufm1-r003-us-west-02b,CPU-HPE-01,ipmi,,,,,CAT6a,,,,,,,,,,,,,,
Cable Is Ran: Complete,US-PHX01,c160:003:20,net-01-c160-r003-us-west-02b,SN2201,swp9,,,,,US-PHX01,c160:003:22,con-01-c160-r003-us-west-02b,OM2216-C14,NET1,,,,,CAT6a,,,,,,,,,,,,,,
LLDP:  Passed,US-PHX01,c160:003:20,net-01-c160-r003-us-west-02b,SN2201,swp10,,,,,US-PHX01,c160:003:18,t4a-01-r003-us-west-02b,SN4700,mgmt,,,,,CAT6a,,,,,,,,,,,,,,
LLDP:  Passed,US-PHX01,c160:003:20,net-01-c160-r003-us-west-02b,SN2201,swp11,,,,,US-PHX01,c160:003:16,t4a-02-r003-us-west-02b,SN4700,mgmt,,,,,CAT6a,,,,,,,,,,,,,,
LLDP:  Passed,US-PHX01,c160:003:20,net-01-c160-r003-us-west-02b,SN2201,swp12,,,,,US-PHX01,c160:003:14,t4a-03-r003-us-west-02b,SN4700,mgmt,,,,,CAT6a,,,,,,,,,,,,,,
LLDP:  Passed,US-PHX01,c160:003:20,net-01-c160-r003-us-west-02b,SN2201,swp13,,,,,US-PHX01,c160:003:12,t4a-04-r003-us-west-02b,SN4700,mgmt,,,,,CAT6a,,,,,,,,,,,,,,
LLDP:  Passed,US-PHX01,c160:003:20,net-01-c160-r003-us-west-02b,SN2201,swp14,,,,,US-PHX01,c160:003:10,t4b-01-r003-us-west-02b,SN4700,mgmt,,,,,CAT6a,,,,,,,,,,,,,,
LLDP:  Passed,US-PHX01,c160:003:20,net-01-c160-r003-us-west-02b,SN2201,swp15,,,,,US-PHX01,c160:003:08,t4b-02-r003-us-west-02b,SN4700,mgmt,,,,,CAT6a,,,,,,,,,,,,,,
LLDP:  Passed,US-PHX01,c160:003:20,net-01-c160-r003-us-west-02b,SN2201,swp16,,,,,US-PHX01,c160:003:06,t4b-03-r003-us-west-02b,SN4700,mgmt,,,,,CAT6a,,,,,,,,,,,,,,
LLDP:  Passed,US-PHX01,c160:003:20,net-01-c160-r003-us-west-02b,SN2201,swp17,,,,,US-PHX01,c160:003:04,t4b-04-r003-us-west-02b,SN4700,mgmt,,,,,CAT6a,,,,,,,,,,,,,,
LLDP:  Passed,US-PHX01,c160:003:20,net-01-c160-r003-us-west-02b,SN2201,swp18,,,,,US-PHX01,c160:004:20,net-01-c160-r004-us-west-02b,SN2201,mgmt,,,,,CAT6a,,,,,,,,,,,,,,
LLDP:  Passed,US-PHX01,c160:003:20,net-01-c160-r003-us-west-02b,SN2201,swp19,,,,,US-PHX01,c160:005:20,net-01-c160-r005-us-west-02b,SN2201,mgmt,,,,,CAT6a,,,,,,,,,,,,,,
LLDP:  Passed,US-PHX01,c160:003:20,net-01-c160-r003-us-west-02b,SN2201,swp20,,,,,US-PHX01,c160:006:20,net-01-c160-r006-us-west-02b,SN2201,mgmt,,,,,CAT6a,,,,,,,,,,,,,,
LLDP:  Passed,US-PHX01,c160:003:20,net-01-c160-r003-us-west-02b,SN2201,swp21,,,,,US-PHX01,c160:026:26,net-agg-gg1-a-01a-r026-us-west-02b,SN3700,mgmt,,,,,CAT6a,,,,,,,,,,,,,,
LLDP:  Passed,US-PHX01,c160:003:20,net-01-c160-r003-us-west-02b,SN2201,swp22,,,,,US-PHX01,c160:026:25,net-agg-gg1-a-02a-r026-us-west-02b,SN3700,mgmt,,,,,CAT6a,,,,,,,,,,,,,,
LLDP:  Passed,US-PHX01,c160:003:20,net-01-c160-r003-us-west-02b,SN2201,swp23,,,,,US-PHX01,c160:042:26,net-agg-gg1-b-01a-r042-us-west-02b,SN3700,mgmt,,,,,CAT6a,,,,,,,,,,,,,,
LLDP:  Passed,US-PHX01,c160:003:20,net-01-c160-r003-us-west-02b,SN2201,swp24,,,,,US-PHX01,c160:042:25,net-agg-gg1-b-02a-r042-us-west-02b,SN3700,mgmt,,,,,CAT6a,,,,,,,,,,,,,,
LLDP:  Passed,US-PHX01,c160:003:20,net-01-c160-r003-us-west-02b,SN2201,swp25,,,,,US-PHX01,c160:272:26,net-agg-gg1-c-01a-r272-us-west-02b,SN3700,mgmt,,,,,CAT6a,,,,,,,,,,,,,,
LLDP:  Passed,US-PHX01,c160:003:20,net-01-c160-r003-us-west-02b,SN2201,swp26,,,,,US-PHX01,c160:272:25,net-agg-gg1-c-02a-r272-us-west-02b,SN3700,mgmt,,,,,CAT6a,,,,,,,,,,,,,,
LLDP:  Passed,US-PHX01,c160:003:20,net-01-c160-r003-us-west-02b,SN2201,swp27,,,,,US-PHX01,c160:026:20,net-01-c160-gg1-a-r026-us-west-02b,SN2201,mgmt,,,,,CAT6a,,,,,,,,,,,,,,
LLDP:  Passed,US-PHX01,c160:003:20,net-01-c160-r003-us-west-02b,SN2201,swp28,,,,,US-PHX01,c160:042:20,net-01-c160-gg1-b-r042-us-west-02b,SN2201,mgmt,,,,,CAT6a,,,,,,,,,,,,,,
LLDP:  Passed,US-PHX01,c160:003:20,net-01-c160-r003-us-west-02b,SN2201,swp29,,,,,US-PHX01,c160:272:20,net-01-c160-gg1-c-r272-us-west-02b,SN2201,mgmt,,,,,CAT6a,,,,,,,,,,,,,,
,,,,,,,,,,,,,,,,,,,,,,,,,,,,,,,,,
LLDP:  Passed,US-PHX01,c160:004:20,net-01-c160-r004-us-west-02b,SN2201,swp1,,,,,US-PHX01,c160:004:42,mgmt-core-02a-r004-us-west-02b,SN4700,mgmt,,,,,CAT6a,,,,,,,,,,,,,,
LLDP:  Passed,US-PHX01,c160:004:20,net-01-c160-r004-us-west-02b,SN2201,swp2,,,,,US-PHX01,c160:004:38,mgmt-dist-02a-r004-us-west-02b,SN3420,mgmt,,,,,CAT6a,,,,,,,,,,,,,,
LLDP:  Passed,US-PHX01,c160:004:20,net-01-c160-r004-us-west-02b,SN2201,swp3,,,,,US-PHX01,c160:004:36,fbs03-r004-us-west-02b,SN4700,mgmt,,,,,CAT6a,,,,,,,,,,,,,,
LLDP:  Passed,US-PHX01,c160:004:20,net-01-c160-r004-us-west-02b,SN2201,swp4,,,,,US-PHX01,c160:004:34,fbs04-r004-us-west-02b,SN4700,mgmt,,,,,CAT6a,,,,,,,,,,,,,,
Human Verified,US-PHX01,c160:004:20,net-01-c160-r004-us-west-02b,SN2201,swp5,,,,,US-PHX01,c160:004:30,metal-jump01-us-west-02b,PROLIANT-DL360-GEN10-PLUS,ipmi,,,,,CAT6a,,,,,,,,,,,,,,
Human Verified,US-PHX01,c160:004:20,net-01-c160-r004-us-west-02b,SN2201,swp6,,,,,US-PHX01,c160:004:28,pkey03-r004-us-west-02b,NET-6X100G-01,ipmi,,,,,CAT6a,,,,,,,,,,,,,,
Human Verified,US-PHX01,c160:004:20,net-01-c160-r004-us-west-02b,SN2201,swp7,,,,,US-PHX01,c160:004:26,pkey04-r004-us-west-02b,NET-6X100G-01,ipmi,,,,,CAT6a,,,,,,,,,,,,,,
Cable Is Ran: Complete,US-PHX01,c160:004:20,net-01-c160-r004-us-west-02b,SN2201,swp8,,,,,US-PHX01,c160:004:24,ufm2-r004-us-west-02b,CPU-HPE-01,ipmi,,,,,CAT6a,,,,,,,,,,,,,,
Cable Is Ran: Complete,US-PHX01,c160:004:20,net-01-c160-r004-us-west-02b,SN2201,swp9,,,,,US-PHX01,c160:004:22,con-01-c160-r004-us-west-02b,OM2216-C14,NET1,,,,,CAT6a,,,,,,,,,,,,,,
LLDP:  Passed,US-PHX01,c160:004:20,net-01-c160-r004-us-west-02b,SN2201,swp10,,,,,US-PHX01,c160:004:18,t4c-01-r004-us-west-02b,SN4700,mgmt,,,,,CAT6a,,,,,,,,,,,,,,
LLDP:  Passed,US-PHX01,c160:004:20,net-01-c160-r004-us-west-02b,SN2201,swp11,,,,,US-PHX01,c160:004:16,t4c-02-r004-us-west-02b,SN4700,mgmt,,,,,CAT6a,,,,,,,,,,,,,,
LLDP:  Passed,US-PHX01,c160:004:20,net-01-c160-r004-us-west-02b,SN2201,swp12,,,,,US-PHX01,c160:004:14,t4c-03-r004-us-west-02b,SN4700,mgmt,,,,,CAT6a,,,,,,,,,,,,,,
LLDP:  Passed,US-PHX01,c160:004:20,net-01-c160-r004-us-west-02b,SN2201,swp13,,,,,US-PHX01,c160:004:12,t4c-04-r004-us-west-02b,SN4700,mgmt,,,,,CAT6a,,,,,,,,,,,,,,
LLDP:  Passed,US-PHX01,c160:004:20,net-01-c160-r004-us-west-02b,SN2201,swp14,,,,,US-PHX01,c160:004:10,t4d-01-r004-us-west-02b,SN4700,mgmt,,,,,CAT6a,,,,,,,,,,,,,,
LLDP:  Passed,US-PHX01,c160:004:20,net-01-c160-r004-us-west-02b,SN2201,swp15,,,,,US-PHX01,c160:004:08,t4d-02-r004-us-west-02b,SN4700,mgmt,,,,,CAT6a,,,,,,,,,,,,,,
LLDP:  Passed,US-PHX01,c160:004:20,net-01-c160-r004-us-west-02b,SN2201,swp16,,,,,US-PHX01,c160:004:06,t4d-03-r004-us-west-02b,SN4700,mgmt,,,,,CAT6a,,,,,,,,,,,,,,
LLDP:  Passed,US-PHX01,c160:004:20,net-01-c160-r004-us-west-02b,SN2201,swp17,,,,,US-PHX01,c160:004:04,t4d-04-r004-us-west-02b,SN4700,mgmt,,,,,CAT6a,,,,,,,,,,,,,,
LLDP:  Failed,US-PHX01,c160:004:20,net-01-c160-r004-us-west-02b,SN2201,swp18,,,,,US-PHX01,c160:004:02,infra-01-r004-us-west-02b,SN2201,mgmt,,,,,CAT6a,,,,,,,,,,,,,,
LLDP:  Passed,US-PHX01,c160:004:20,net-01-c160-r004-us-west-02b,SN2201,swp19,,,,,US-PHX01,c160:026:29,comp-agg-gg1-a-01a-r026-us-west-02b,SN3700,mgmt,,,,,CAT6a,,,,,,,,,,,,,,
LLDP:  Passed,US-PHX01,c160:004:20,net-01-c160-r004-us-west-02b,SN2201,swp20,,,,,US-PHX01,c160:026:28,comp-agg-gg1-a-02a-r026-us-west-02b,SN3700,mgmt,,,,,CAT6a,,,,,,,,,,,,,,
LLDP:  Passed,US-PHX01,c160:004:20,net-01-c160-r004-us-west-02b,SN2201,swp21,,,,,US-PHX01,c160:042:29,comp-agg-gg1-b-01a-r042-us-west-02b,SN3700,mgmt,,,,,CAT6a,,,,,,,,,,,,,,
LLDP:  Passed,US-PHX01,c160:004:20,net-01-c160-r004-us-west-02b,SN2201,swp22,,,,,US-PHX01,c160:042:28,comp-agg-gg1-b-02a-r042-us-west-02b,SN3700,mgmt,,,,,CAT6a,,,,,,,,,,,,,,
LLDP:  Passed,US-PHX01,c160:004:20,net-01-c160-r004-us-west-02b,SN2201,swp23,,,,,US-PHX01,c160:272:29,comp-agg-gg1-c-01a-r272-us-west-02b,SN3700,mgmt,,,,,CAT6a,,,,,,,,,,,,,,
LLDP:  Passed,US-PHX01,c160:004:20,net-01-c160-r004-us-west-02b,SN2201,swp24,,,,,US-PHX01,c160:272:28,comp-agg-gg1-c-02a-r272-us-west-02b,SN3700,mgmt,,,,,CAT6a,,,,,,,,,,,,,,
LLDP:  Passed,US-PHX01,c160:004:20,net-01-c160-r004-us-west-02b,SN2201,swp25,,,,,US-PHX01,c160:003:20,net-01-c160-r003-us-west-02b,SN2201,mgmt,,,,,,,,,,,,,,,,,,,
,,,,,,,,,,,,,,,,,,,,,,,,,,,,,,,,,
LLDP:  Passed,US-PHX01,c160:005:20,net-01-c160-r005-us-west-02b,SN2201,swp1,,,,,US-PHX01,c160:005:42,t3a-gg1-01-r005-us-west-02b,SN4700,mgmt,,,,,CAT6a,,,,,,,,,,,,,,
LLDP:  Passed,US-PHX01,c160:005:20,net-01-c160-r005-us-west-02b,SN2201,swp2,,,,,US-PHX01,c160:005:40,t3a-gg1-02-r005-us-west-02b,SN4700,mgmt,,,,,CAT6a,,,,,,,,,,,,,,
LLDP:  Passed,US-PHX01,c160:005:20,net-01-c160-r005-us-west-02b,SN2201,swp3,,,,,US-PHX01,c160:005:38,t3a-gg1-03-r005-us-west-02b,SN4700,mgmt,,,,,CAT6a,,,,,,,,,,,,,,
LLDP:  Passed,US-PHX01,c160:005:20,net-01-c160-r005-us-west-02b,SN2201,swp4,,,,,US-PHX01,c160:005:36,t3a-gg1-04-r005-us-west-02b,SN4700,mgmt,,,,,CAT6a,,,,,,,,,,,,,,
LLDP:  Passed,US-PHX01,c160:005:20,net-01-c160-r005-us-west-02b,SN2201,swp5,,,,,US-PHX01,c160:005:34,t3a-gg1-05-r005-us-west-02b,SN4700,mgmt,,,,,CAT6a,,,,,,,,,,,,,,
LLDP:  Passed,US-PHX01,c160:005:20,net-01-c160-r005-us-west-02b,SN2201,swp6,,,,,US-PHX01,c160:005:32,t3a-gg1-06-r005-us-west-02b,SN4700,mgmt,,,,,CAT6a,,,,,,,,,,,,,,
LLDP:  Passed,US-PHX01,c160:005:20,net-01-c160-r005-us-west-02b,SN2201,swp7,,,,,US-PHX01,c160:005:30,t3a-gg1-07-r005-us-west-02b,SN4700,mgmt,,,,,CAT6a,,,,,,,,,,,,,,
LLDP:  Passed,US-PHX01,c160:005:20,net-01-c160-r005-us-west-02b,SN2201,swp8,,,,,US-PHX01,c160:005:28,t3a-gg1-08-r005-us-west-02b,SN4700,mgmt,,,,,CAT6a,,,,,,,,,,,,,,
Cable Is Ran: Complete,US-PHX01,c160:005:20,net-01-c160-r005-us-west-02b,SN2201,swp9,,,,,US-PHX01,c160:005:22,con-01-c160-r005-us-west-02b,CM8148,NET1,,,,,CAT6a,,,,,,,,,,,,,,
LLDP:  Passed,US-PHX01,c160:005:20,net-01-c160-r005-us-west-02b,SN2201,swp10,,,,,US-PHX01,c160:005:18,t3b-gg1-01-r005-us-west-02b,SN4700,mgmt,,,,,CAT6a,,,,,,,,,,,,,,
LLDP:  Passed,US-PHX01,c160:005:20,net-01-c160-r005-us-west-02b,SN2201,swp11,,,,,US-PHX01,c160:005:16,t3b-gg1-02-r005-us-west-02b,SN4700,mgmt,,,,,CAT6a,,,,,,,,,,,,,,
LLDP:  Passed,US-PHX01,c160:005:20,net-01-c160-r005-us-west-02b,SN2201,swp12,,,,,US-PHX01,c160:005:14,t3b-gg1-03-r005-us-west-02b,SN4700,mgmt,,,,,CAT6a,,,,,,,,,,,,,,
LLDP:  Passed,US-PHX01,c160:005:20,net-01-c160-r005-us-west-02b,SN2201,swp13,,,,,US-PHX01,c160:005:12,t3b-gg1-04-r005-us-west-02b,SN4700,mgmt,,,,,CAT6a,,,,,,,,,,,,,,
LLDP:  Passed,US-PHX01,c160:005:20,net-01-c160-r005-us-west-02b,SN2201,swp14,,,,,US-PHX01,c160:005:10,t3b-gg1-05-r005-us-west-02b,SN4700,mgmt,,,,,CAT6a,,,,,,,,,,,,,,
LLDP:  Passed,US-PHX01,c160:005:20,net-01-c160-r005-us-west-02b,SN2201,swp15,,,,,US-PHX01,c160:005:08,t3b-gg1-06-r005-us-west-02b,SN4700,mgmt,,,,,CAT6a,,,,,,,,,,,,,,
LLDP:  Passed,US-PHX01,c160:005:20,net-01-c160-r005-us-west-02b,SN2201,swp16,,,,,US-PHX01,c160:005:06,t3b-gg1-07-r005-us-west-02b,SN4700,mgmt,,,,,CAT6a,,,,,,,,,,,,,,
LLDP:  Passed,US-PHX01,c160:005:20,net-01-c160-r005-us-west-02b,SN2201,swp17,,,,,US-PHX01,c160:005:04,t3b-gg1-08-r005-us-west-02b,SN4700,mgmt,,,,,CAT6a,,,,,,,,,,,,,,
,,,,,,,,,,,,,,,,,,,,,,,,,,,,,,,,,
LLDP:  Passed,US-PHX01,c160:006:20,net-01-c160-r006-us-west-02b,SN2201,swp1,,,,,US-PHX01,c160:006:42,t3c-gg1-01-r006-us-west-02b,SN4700,mgmt,,,,,CAT6a,,,,,,,,,,,,,,
LLDP:  Passed,US-PHX01,c160:006:20,net-01-c160-r006-us-west-02b,SN2201,swp2,,,,,US-PHX01,c160:006:40,t3c-gg1-02-r006-us-west-02b,SN4700,mgmt,,,,,CAT6a,,,,,,,,,,,,,,
LLDP:  Passed,US-PHX01,c160:006:20,net-01-c160-r006-us-west-02b,SN2201,swp3,,,,,US-PHX01,c160:006:38,t3c-gg1-03-r006-us-west-02b,SN4700,mgmt,,,,,CAT6a,,,,,,,,,,,,,,
LLDP:  Passed,US-PHX01,c160:006:20,net-01-c160-r006-us-west-02b,SN2201,swp4,,,,,US-PHX01,c160:006:36,t3c-gg1-04-r006-us-west-02b,SN4700,mgmt,,,,,CAT6a,,,,,,,,,,,,,,
LLDP:  Passed,US-PHX01,c160:006:20,net-01-c160-r006-us-west-02b,SN2201,swp5,,,,,US-PHX01,c160:006:34,t3c-gg1-05-r006-us-west-02b,SN4700,mgmt,,,,,CAT6a,,,,,,,,,,,,,,
LLDP:  Passed,US-PHX01,c160:006:20,net-01-c160-r006-us-west-02b,SN2201,swp6,,,,,US-PHX01,c160:006:32,t3c-gg1-06-r006-us-west-02b,SN4700,mgmt,,,,,CAT6a,,,,,,,,,,,,,,
LLDP:  Passed,US-PHX01,c160:006:20,net-01-c160-r006-us-west-02b,SN2201,swp7,,,,,US-PHX01,c160:006:30,t3c-gg1-07-r006-us-west-02b,SN4700,mgmt,,,,,CAT6a,,,,,,,,,,,,,,
LLDP:  Passed,US-PHX01,c160:006:20,net-01-c160-r006-us-west-02b,SN2201,swp8,,,,,US-PHX01,c160:006:28,t3c-gg1-08-r006-us-west-02b,SN4700,mgmt,,,,,CAT6a,,,,,,,,,,,,,,
Cable Is Ran: Complete,US-PHX01,c160:006:20,net-01-c160-r006-us-west-02b,SN2201,swp9,,,,,US-PHX01,c160:006:22,con-01-c160-r006-us-west-02b,CM8148,NET1,,,,,CAT6a,,,,,,,,,,,,,,
LLDP:  Passed,US-PHX01,c160:006:20,net-01-c160-r006-us-west-02b,SN2201,swp10,,,,,US-PHX01,c160:006:18,t3d-gg1-01-r006-us-west-02b,SN4700,mgmt,,,,,CAT6a,,,,,,,,,,,,,,
LLDP:  Passed,US-PHX01,c160:006:20,net-01-c160-r006-us-west-02b,SN2201,swp11,,,,,US-PHX01,c160:006:16,t3d-gg1-02-r006-us-west-02b,SN4700,mgmt,,,,,CAT6a,,,,,,,,,,,,,,
LLDP:  Passed,US-PHX01,c160:006:20,net-01-c160-r006-us-west-02b,SN2201,swp12,,,,,US-PHX01,c160:006:14,t3d-gg1-03-r006-us-west-02b,SN4700,mgmt,,,,,CAT6a,,,,,,,,,,,,,,
LLDP:  Passed,US-PHX01,c160:006:20,net-01-c160-r006-us-west-02b,SN2201,swp13,,,,,US-PHX01,c160:006:12,t3d-gg1-04-r006-us-west-02b,SN4700,mgmt,,,,,CAT6a,,,,,,,,,,,,,,
LLDP:  Passed,US-PHX01,c160:006:20,net-01-c160-r006-us-west-02b,SN2201,swp14,,,,,US-PHX01,c160:006:10,t3d-gg1-05-r006-us-west-02b,SN4700,mgmt,,,,,CAT6a,,,,,,,,,,,,,,
LLDP:  Passed,US-PHX01,c160:006:20,net-01-c160-r006-us-west-02b,SN2201,swp15,,,,,US-PHX01,c160:006:08,t3d-gg1-06-r006-us-west-02b,SN4700,mgmt,,,,,CAT6a,,,,,,,,,,,,,,
LLDP:  Passed,US-PHX01,c160:006:20,net-01-c160-r006-us-west-02b,SN2201,swp16,,,,,US-PHX01,c160:006:06,t3d-gg1-07-r006-us-west-02b,SN4700,mgmt,,,,,CAT6a,,,,,,,,,,,,,,
LLDP:  Passed,US-PHX01,c160:006:20,net-01-c160-r006-us-west-02b,SN2201,swp17,,,,,US-PHX01,c160:006:04,t3d-gg1-08-r006-us-west-02b,SN4700,mgmt,,,,,CAT6a,,,,,,,,,,,,,,
,,,,,,,,,,,,,,,,,,,,,,,,,,,,,,,,,
Cable Is Ran: Complete,US-PHX01,c160:003:22,con-01-c160-r003-us-west-02b,OM2216-C14,1,,,,,US-PHX01,c160:003:42,mgmt-core-01a-r003-us-west-02b,SN4700,console,,,,,CAT6a,,,,,,,,,,,,,,
Cable Is Ran: Complete,US-PHX01,c160:003:22,con-01-c160-r003-us-west-02b,OM2216-C14,2,,,,,US-PHX01,c160:003:38,mgmt-dist-01a-r003-us-west-02b,SN3420,console,,,,,CAT6a,,,,,,,,,,,,,,
Cable Is Ran: Complete,US-PHX01,c160:003:22,con-01-c160-r003-us-west-02b,OM2216-C14,3,,,,,US-PHX01,c160:003:36,fbs01-r003-us-west-02b,SN4700,console,,,,,CAT6a,,,,,,,,,,,,,,
Cable Is Ran: Complete,US-PHX01,c160:003:22,con-01-c160-r003-us-west-02b,OM2216-C14,4,,,,,US-PHX01,c160:003:34,fbs02-r003-us-west-02b,SN4700,console,,,,,CAT6a,,,,,,,,,,,,,,
Cable Is Ran: Complete,US-PHX01,c160:003:22,con-01-c160-r003-us-west-02b,OM2216-C14,5,,,,,US-PHX01,c160:003:20,net-01-c160-r003-us-west-02b,SN2201,console,,,,,CAT6a,,,,,,,,,,,,,,
Cable Is Ran: Complete,US-PHX01,c160:003:22,con-01-c160-r003-us-west-02b,OM2216-C14,6,,,,,US-PHX01,c160:003:18,t4a-01-r003-us-west-02b,SN4700,console,,,,,CAT6a,,,,,,,,,,,,,,
Cable Is Ran: Complete,US-PHX01,c160:003:22,con-01-c160-r003-us-west-02b,OM2216-C14,7,,,,,US-PHX01,c160:003:16,t4a-02-r003-us-west-02b,SN4700,console,,,,,CAT6a,,,,,,,,,,,,,,
Cable Is Ran: Complete,US-PHX01,c160:003:22,con-01-c160-r003-us-west-02b,OM2216-C14,8,,,,,US-PHX01,c160:003:14,t4a-03-r003-us-west-02b,SN4700,console,,,,,CAT6a,,,,,,,,,,,,,,
Cable Is Ran: Complete,US-PHX01,c160:003:22,con-01-c160-r003-us-west-02b,OM2216-C14,9,,,,,US-PHX01,c160:003:12,t4a-04-r003-us-west-02b,SN4700,console,,,,,CAT6a,,,,,,,,,,,,,,
Cable Is Ran: Complete,US-PHX01,c160:003:22,con-01-c160-r003-us-west-02b,OM2216-C14,10,,,,,US-PHX01,c160:003:10,t4b-01-r003-us-west-02b,SN4700,console,,,,,CAT6a,,,,,,,,,,,,,,
Cable Is Ran: Complete,US-PHX01,c160:003:22,con-01-c160-r003-us-west-02b,OM2216-C14,11,,,,,US-PHX01,c160:003:08,t4b-02-r003-us-west-02b,SN4700,console,,,,,CAT6a,,,,,,,,,,,,,,
Cable Is Ran: Complete,US-PHX01,c160:003:22,con-01-c160-r003-us-west-02b,OM2216-C14,12,,,,,US-PHX01,c160:003:06,t4b-03-r003-us-west-02b,SN4700,console,,,,,CAT6a,,,,,,,,,,,,,,
Cable Is Ran: Complete,US-PHX01,c160:003:22,con-01-c160-r003-us-west-02b,OM2216-C14,13,,,,,US-PHX01,c160:003:04,t4b-04-r003-us-west-02b,SN4700,console,,,,,CAT6a,,,,,,,,,,,,,,
,,,,,,,,,,,,,,,,,,,,,,,,,,,,,,,,,
Cable Is Ran: Complete,US-PHX01,c160:004:22,con-01-c160-r004-us-west-02b,OM2216-C14,1,,,,,US-PHX01,c160:004:42,mgmt-core-02a-r004-us-west-02b,SN4700,console,,,,,CAT6a,,,,,,,,,,,,,,
Cable Is Ran: Complete,US-PHX01,c160:004:22,con-01-c160-r004-us-west-02b,OM2216-C14,2,,,,,US-PHX01,c160:004:38,mgmt-dist-02a-r004-us-west-02b,SN3420,console,,,,,CAT6a,,,,,,,,,,,,,,
Cable Is Ran: Complete,US-PHX01,c160:004:22,con-01-c160-r004-us-west-02b,OM2216-C14,3,,,,,US-PHX01,c160:004:36,fbs03-r004-us-west-02b,SN4700,console,,,,,CAT6a,,,,,,,,,,,,,,
Cable Is Ran: Complete,US-PHX01,c160:004:22,con-01-c160-r004-us-west-02b,OM2216-C14,4,,,,,US-PHX01,c160:004:34,fbs04-r004-us-west-02b,SN4700,console,,,,,CAT6a,,,,,,,,,,,,,,
Cable Is Ran: Complete,US-PHX01,c160:004:22,con-01-c160-r004-us-west-02b,OM2216-C14,5,,,,,US-PHX01,c160:004:20,net-01-c160-r004-us-west-02b,SN2201,console,,,,,CAT6a,,,,,,,,,,,,,,
Cable Is Ran: Complete,US-PHX01,c160:004:22,con-01-c160-r004-us-west-02b,OM2216-C14,6,,,,,US-PHX01,c160:004:18,t4c-01-r004-us-west-02b,SN4700,console,,,,,CAT6a,,,,,,,,,,,,,,
Cable Is Ran: Complete,US-PHX01,c160:004:22,con-01-c160-r004-us-west-02b,OM2216-C14,7,,,,,US-PHX01,c160:004:16,t4c-02-r004-us-west-02b,SN4700,console,,,,,CAT6a,,,,,,,,,,,,,,
Cable Is Ran: Complete,US-PHX01,c160:004:22,con-01-c160-r004-us-west-02b,OM2216-C14,8,,,,,US-PHX01,c160:004:14,t4c-03-r004-us-west-02b,SN4700,console,,,,,CAT6a,,,,,,,,,,,,,,
Cable Is Ran: Complete,US-PHX01,c160:004:22,con-01-c160-r004-us-west-02b,OM2216-C14,9,,,,,US-PHX01,c160:004:12,t4c-04-r004-us-west-02b,SN4700,console,,,,,CAT6a,,,,,,,,,,,,,,
Cable Is Ran: Complete,US-PHX01,c160:004:22,con-01-c160-r004-us-west-02b,OM2216-C14,10,,,,,US-PHX01,c160:004:10,t4d-01-r004-us-west-02b,SN4700,console,,,,,CAT6a,,,,,,,,,,,,,,
Cable Is Ran: Complete,US-PHX01,c160:004:22,con-01-c160-r004-us-west-02b,OM2216-C14,11,,,,,US-PHX01,c160:004:08,t4d-02-r004-us-west-02b,SN4700,console,,,,,CAT6a,,,,,,,,,,,,,,
Cable Is Ran: Complete,US-PHX01,c160:004:22,con-01-c160-r004-us-west-02b,OM2216-C14,12,,,,,US-PHX01,c160:004:06,t4d-03-r004-us-west-02b,SN4700,console,,,,,CAT6a,,,,,,,,,,,,,,
Cable Is Ran: Complete,US-PHX01,c160:004:22,con-01-c160-r004-us-west-02b,OM2216-C14,13,,,,,US-PHX01,c160:004:04,t4d-04-r004-us-west-02b,SN4700,console,,,,,CAT6a,,,,,,,,,,,,,,
Cable Is Ran: Complete,US-PHX01,c160:004:22,con-01-c160-r004-us-west-02b,OM2216-C14,14,,,,,US-PHX01,c160:004:02,infra-01-r004-us-west-02b,SN2201,console,,,,,CAT6a,,,,,,,,,,,,,,
,,,,,,,,,,,,,,,,,,,,,,,,,,,,,,,,,
Cable Is Ran: Complete,US-PHX01,c160:005:22,con-01-c160-r005-us-west-02b,CM8148,1,,,,,US-PHX01,c160:005:42,t3a-gg1-01-r005-us-west-02b,SN4700,console,,,,,CAT6a,,,,,,,,,,,,,,
Cable Is Ran: Complete,US-PHX01,c160:005:22,con-01-c160-r005-us-west-02b,CM8148,2,,,,,US-PHX01,c160:005:40,t3a-gg1-02-r005-us-west-02b,SN4700,console,,,,,CAT6a,,,,,,,,,,,,,,
Cable Is Ran: Complete,US-PHX01,c160:005:22,con-01-c160-r005-us-west-02b,CM8148,3,,,,,US-PHX01,c160:005:38,t3a-gg1-03-r005-us-west-02b,SN4700,console,,,,,CAT6a,,,,,,,,,,,,,,
Cable Is Ran: Complete,US-PHX01,c160:005:22,con-01-c160-r005-us-west-02b,CM8148,4,,,,,US-PHX01,c160:005:36,t3a-gg1-04-r005-us-west-02b,SN4700,console,,,,,CAT6a,,,,,,,,,,,,,,
Cable Is Ran: Complete,US-PHX01,c160:005:22,con-01-c160-r005-us-west-02b,CM8148,5,,,,,US-PHX01,c160:005:34,t3a-gg1-05-r005-us-west-02b,SN4700,console,,,,,CAT6a,,,,,,,,,,,,,,
Cable Is Ran: Complete,US-PHX01,c160:005:22,con-01-c160-r005-us-west-02b,CM8148,6,,,,,US-PHX01,c160:005:32,t3a-gg1-06-r005-us-west-02b,SN4700,console,,,,,CAT6a,,,,,,,,,,,,,,
Cable Is Ran: Complete,US-PHX01,c160:005:22,con-01-c160-r005-us-west-02b,CM8148,7,,,,,US-PHX01,c160:005:30,t3a-gg1-07-r005-us-west-02b,SN4700,console,,,,,CAT6a,,,,,,,,,,,,,,
Cable Is Ran: Complete,US-PHX01,c160:005:22,con-01-c160-r005-us-west-02b,CM8148,8,,,,,US-PHX01,c160:005:28,t3a-gg1-08-r005-us-west-02b,SN4700,console,,,,,CAT6a,,,,,,,,,,,,,,
Cable Is Ran: Complete,US-PHX01,c160:005:22,con-01-c160-r005-us-west-02b,CM8148,9,,,,,US-PHX01,c160:005:20,net-01-c160-r005-us-west-02b,SN2201,console,,,,,CAT6a,,,,,,,,,,,,,,
Cable Is Ran: Complete,US-PHX01,c160:005:22,con-01-c160-r005-us-west-02b,CM8148,10,,,,,US-PHX01,c160:005:18,t3b-gg1-01-r005-us-west-02b,SN4700,console,,,,,CAT6a,,,,,,,,,,,,,,
Cable Is Ran: Complete,US-PHX01,c160:005:22,con-01-c160-r005-us-west-02b,CM8148,11,,,,,US-PHX01,c160:005:16,t3b-gg1-02-r005-us-west-02b,SN4700,console,,,,,CAT6a,,,,,,,,,,,,,,
Cable Is Ran: Complete,US-PHX01,c160:005:22,con-01-c160-r005-us-west-02b,CM8148,12,,,,,US-PHX01,c160:005:14,t3b-gg1-03-r005-us-west-02b,SN4700,console,,,,,CAT6a,,,,,,,,,,,,,,
Cable Is Ran: Complete,US-PHX01,c160:005:22,con-01-c160-r005-us-west-02b,CM8148,13,,,,,US-PHX01,c160:005:12,t3b-gg1-04-r005-us-west-02b,SN4700,console,,,,,CAT6a,,,,,,,,,,,,,,
Cable Is Ran: Complete,US-PHX01,c160:005:22,con-01-c160-r005-us-west-02b,CM8148,14,,,,,US-PHX01,c160:005:10,t3b-gg1-05-r005-us-west-02b,SN4700,console,,,,,CAT6a,,,,,,,,,,,,,,
Cable Is Ran: Complete,US-PHX01,c160:005:22,con-01-c160-r005-us-west-02b,CM8148,15,,,,,US-PHX01,c160:005:08,t3b-gg1-06-r005-us-west-02b,SN4700,console,,,,,CAT6a,,,,,,,,,,,,,,
Cable Is Ran: Complete,US-PHX01,c160:005:22,con-01-c160-r005-us-west-02b,CM8148,16,,,,,US-PHX01,c160:005:06,t3b-gg1-07-r005-us-west-02b,SN4700,console,,,,,CAT6a,,,,,,,,,,,,,,
Cable Is Ran: Complete,US-PHX01,c160:005:22,con-01-c160-r005-us-west-02b,CM8148,17,,,,,US-PHX01,c160:005:04,t3b-gg1-08-r005-us-west-02b,SN4700,console,,,,,CAT6a,,,,,,,,,,,,,,
,,,,,,,,,,,,,,,,,,,,,,,,,,,,,,,,,
Cable Is Ran: Complete,US-PHX01,c160:006:22,con-01-c160-r006-us-west-02b,CM8148,1,,,,,US-PHX01,c160:006:42,t3c-gg1-01-r006-us-west-02b,SN4700,console,,,,,CAT6a,,,,,,,,,,,,,,
Cable Is Ran: Complete,US-PHX01,c160:006:22,con-01-c160-r006-us-west-02b,CM8148,2,,,,,US-PHX01,c160:006:40,t3c-gg1-02-r006-us-west-02b,SN4700,console,,,,,CAT6a,,,,,,,,,,,,,,
Cable Is Ran: Complete,US-PHX01,c160:006:22,con-01-c160-r006-us-west-02b,CM8148,3,,,,,US-PHX01,c160:006:38,t3c-gg1-03-r006-us-west-02b,SN4700,console,,,,,CAT6a,,,,,,,,,,,,,,
Cable Is Ran: Complete,US-PHX01,c160:006:22,con-01-c160-r006-us-west-02b,CM8148,4,,,,,US-PHX01,c160:006:36,t3c-gg1-04-r006-us-west-02b,SN4700,console,,,,,CAT6a,,,,,,,,,,,,,,
Cable Is Ran: Complete,US-PHX01,c160:006:22,con-01-c160-r006-us-west-02b,CM8148,5,,,,,US-PHX01,c160:006:34,t3c-gg1-05-r006-us-west-02b,SN4700,console,,,,,CAT6a,,,,,,,,,,,,,,
Cable Is Ran: Complete,US-PHX01,c160:006:22,con-01-c160-r006-us-west-02b,CM8148,6,,,,,US-PHX01,c160:006:32,t3c-gg1-06-r006-us-west-02b,SN4700,console,,,,,CAT6a,,,,,,,,,,,,,,
Cable Is Ran: Complete,US-PHX01,c160:006:22,con-01-c160-r006-us-west-02b,CM8148,7,,,,,US-PHX01,c160:006:30,t3c-gg1-07-r006-us-west-02b,SN4700,console,,,,,CAT6a,,,,,,,,,,,,,,
Cable Is Ran: Complete,US-PHX01,c160:006:22,con-01-c160-r006-us-west-02b,CM8148,8,,,,,US-PHX01,c160:006:28,t3c-gg1-08-r006-us-west-02b,SN4700,console,,,,,CAT6a,,,,,,,,,,,,,,
Cable Is Ran: Complete,US-PHX01,c160:006:22,con-01-c160-r006-us-west-02b,CM8148,9,,,,,US-PHX01,c160:006:20,net-01-c160-r006-us-west-02b,SN2201,console,,,,,CAT6a,,,,,,,,,,,,,,
Cable Is Ran: Complete,US-PHX01,c160:006:22,con-01-c160-r006-us-west-02b,CM8148,10,,,,,US-PHX01,c160:006:18,t3d-gg1-01-r006-us-west-02b,SN4700,console,,,,,CAT6a,,,,,,,,,,,,,,
Cable Is Ran: Complete,US-PHX01,c160:006:22,con-01-c160-r006-us-west-02b,CM8148,11,,,,,US-PHX01,c160:006:16,t3d-gg1-02-r006-us-west-02b,SN4700,console,,,,,CAT6a,,,,,,,,,,,,,,
Cable Is Ran: Complete,US-PHX01,c160:006:22,con-01-c160-r006-us-west-02b,CM8148,12,,,,,US-PHX01,c160:006:14,t3d-gg1-03-r006-us-west-02b,SN4700,console,,,,,CAT6a,,,,,,,,,,,,,,
Cable Is Ran: Complete,US-PHX01,c160:006:22,con-01-c160-r006-us-west-02b,CM8148,13,,,,,US-PHX01,c160:006:12,t3d-gg1-04-r006-us-west-02b,SN4700,console,,,,,CAT6a,,,,,,,,,,,,,,
Cable Is Ran: Complete,US-PHX01,c160:006:22,con-01-c160-r006-us-west-02b,CM8148,14,,,,,US-PHX01,c160:006:10,t3d-gg1-05-r006-us-west-02b,SN4700,console,,,,,CAT6a,,,,,,,,,,,,,,
Cable Is Ran: Complete,US-PHX01,c160:006:22,con-01-c160-r006-us-west-02b,CM8148,15,,,,,US-PHX01,c160:006:08,t3d-gg1-06-r006-us-west-02b,SN4700,console,,,,,CAT6a,,,,,,,,,,,,,,
Cable Is Ran: Complete,US-PHX01,c160:006:22,con-01-c160-r006-us-west-02b,CM8148,16,,,,,US-PHX01,c160:006:06,t3d-gg1-07-r006-us-west-02b,SN4700,console,,,,,CAT6a,,,,,,,,,,,,,,
Cable Is Ran: Complete,US-PHX01,c160:006:22,con-01-c160-r006-us-west-02b,CM8148,17,,,,,US-PHX01,c160:006:04,t3d-gg1-08-r006-us-west-02b,SN4700,console,,,,,CAT6a,,,,,,,,,,,,,,
,,,,,,,,,,,,,,,,,,,,,,,,,,,,,,,,,
NET-AGG GG1-A,,,,,,,,,,,,,,,,,,,,,,,,,,,,,,,,,
LLDP:  Passed,US-PHX01,c160:026:26,net-agg-gg1-a-01a-r026-us-west-02b,SN3700,swp1,,,QSFP28-100G-DR1,,US-PHX01,c160:017:26,net-dist-gg1-a1-01-r017-us-west-02b,SN3700,swp31,,,,QSFP28-100G-DR1,LC-TO-LC-SMF,,,,,,,,,,,,,,
LLDP:  Passed,US-PHX01,c160:026:26,net-agg-gg1-a-01a-r026-us-west-02b,SN3700,swp2,,,QSFP28-100G-DR1,,US-PHX01,c160:017:25,net-dist-gg1-a1-02-r017-us-west-02b,SN3700,swp31,,,,QSFP28-100G-DR1,LC-TO-LC-SMF,,,,,,,,,,,,,,
LLDP:  Passed,US-PHX01,c160:026:26,net-agg-gg1-a-01a-r026-us-west-02b,SN3700,swp3,,,QSFP28-100G-DR1,,US-PHX01,c160:026:20,net-01-c160-gg1-a-r026-us-west-02b,SN2201,swp49,,,,QSFP28-100G-DR1,LC-TO-LC-SMF,,,,,,,,,,,,,,
LLDP:  Passed,US-PHX01,c160:026:26,net-agg-gg1-a-01a-r026-us-west-02b,SN3700,swp30,,,QSFP28-100G-DR1,,US-PHX01,c160:026:25,net-agg-gg1-a-02a-r026-us-west-02b,SN3700,swp30,,,,QSFP28-100G-DR1,LC-TO-LC-SMF,,,,,,,,,,,,,,
,,,,,,,,,,,,,,,,,,,,,,,,,,,,,,,,,
LLDP:  Passed,US-PHX01,c160:026:25,net-agg-gg1-a-02a-r026-us-west-02b,SN3700,swp1,,,QSFP28-100G-DR1,,US-PHX01,c160:017:26,net-dist-gg1-a1-01-r017-us-west-02b,SN3700,swp32,,,,QSFP28-100G-DR1,LC-TO-LC-SMF,,,,,,,,,,,,,,
LLDP:  Passed,US-PHX01,c160:026:25,net-agg-gg1-a-02a-r026-us-west-02b,SN3700,swp2,,,QSFP28-100G-DR1,,US-PHX01,c160:017:25,net-dist-gg1-a1-02-r017-us-west-02b,SN3700,swp32,,,,QSFP28-100G-DR1,LC-TO-LC-SMF,,,,,,,,,,,,,,
LLDP:  Passed,US-PHX01,c160:026:25,net-agg-gg1-a-02a-r026-us-west-02b,SN3700,swp3,,,QSFP28-100G-DR1,,US-PHX01,c160:026:20,net-01-c160-gg1-a-r026-us-west-02b,SN2201,swp51,,,,QSFP28-100G-DR1,LC-TO-LC-SMF,,,,,,,,,,,,,,
,,,,,,,,,,,,,,,,,,,,,,,,,,,,,,,,,
COMP-AGG - GG1-A,,,,,,,,,,,,,,,,,,,,,,,,,,,,,,,,,
LLDP:  Passed,US-PHX01,c160:026:29,comp-agg-gg1-a-01a-r026-us-west-02b,SN3700,swp1,,,QSFP28-100G-DR1,,US-PHX01,c160:017:29,comp-dist-gg1-a1-01-r017-us-west-02b,SN3700,swp31,,,,QSFP28-100G-DR1,LC-TO-LC-SMF,,,,,,,,,,,,,,
LLDP:  Passed,US-PHX01,c160:026:29,comp-agg-gg1-a-01a-r026-us-west-02b,SN3700,swp2,,,QSFP28-100G-DR1,,US-PHX01,c160:017:28,comp-dist-gg1-a1-02-r017-us-west-02b,SN3700,swp31,,,,QSFP28-100G-DR1,LC-TO-LC-SMF,,,,,,,,,,,,,,
LLDP:  Passed,US-PHX01,c160:026:29,comp-agg-gg1-a-01a-r026-us-west-02b,SN3700,swp30,,,QSFP28-100G-DR1,,US-PHX01,c160:026:28,comp-agg-gg1-a-02a-r026-us-west-02b,SN3700,swp30,,,,QSFP28-100G-DR1,LC-TO-LC-SMF,,,,,,,,,,,,,,
,,,,,,,,,,,,,,,,,,,,,,,,,,,,,,,,,
LLDP:  Passed,US-PHX01,c160:026:28,comp-agg-gg1-a-02a-r026-us-west-02b,SN3700,swp1,,,QSFP28-100G-DR1,,US-PHX01,c160:017:29,comp-dist-gg1-a1-01-r017-us-west-02b,SN3700,swp32,,,,QSFP28-100G-DR1,LC-TO-LC-SMF,,,,,,,,,,,,,,
LLDP:  Passed,US-PHX01,c160:026:28,comp-agg-gg1-a-02a-r026-us-west-02b,SN3700,swp2,,,QSFP28-100G-DR1,,US-PHX01,c160:017:28,comp-dist-gg1-a1-02-r017-us-west-02b,SN3700,swp32,,,,QSFP28-100G-DR1,LC-TO-LC-SMF,,,,,,,,,,,,,,
,,,,,,,,,,,,,,,,,,,,,,,,,,,,,,,,,
NET-AGG GG1-B,,,,,,,,,,,,,,,,,,,,,,,,,,,,,,,,,
LLDP:  Passed,US-PHX01,c160:042:26,net-agg-gg1-b-01a-r042-us-west-02b,SN3700,swp1,,,QSFP28-100G-DR1,,US-PHX01,c160:033:26,net-dist-gg1-b1-01-r033-us-west-02b,SN3700,swp31,,,,QSFP28-100G-DR1,LC-TO-LC-SMF,,,,,,,,,,,,,,
LLDP:  Passed,US-PHX01,c160:042:26,net-agg-gg1-b-01a-r042-us-west-02b,SN3700,swp2,,,QSFP28-100G-DR1,,US-PHX01,c160:033:25,net-dist-gg1-b1-02-r033-us-west-02b,SN3700,swp31,,,,QSFP28-100G-DR1,LC-TO-LC-SMF,,,,,,,,,,,,,,
LLDP:  Passed,US-PHX01,c160:042:26,net-agg-gg1-b-01a-r042-us-west-02b,SN3700,swp3,,,QSFP28-100G-DR1,,US-PHX01,c160:097:26,net-dist-gg1-b2-01-r097-us-west-02b,SN3700,swp31,,,,QSFP28-100G-DR1,LC-TO-LC-SMF,,,,,,,,,,,,,,
LLDP:  Passed,US-PHX01,c160:042:26,net-agg-gg1-b-01a-r042-us-west-02b,SN3700,swp4,,,QSFP28-100G-DR1,,US-PHX01,c160:097:25,net-dist-gg1-b2-02-r097-us-west-02b,SN3700,swp31,,,,QSFP28-100G-DR1,LC-TO-LC-SMF,,,,,,,,,,,,,,
LLDP:  Passed,US-PHX01,c160:042:26,net-agg-gg1-b-01a-r042-us-west-02b,SN3700,swp5,,,QSFP28-100G-DR1,,US-PHX01,c160:193:26,net-dist-gg1-b3-01-r193-us-west-02b,SN3700,swp31,,,,QSFP28-100G-DR1,LC-TO-LC-SMF,,,,,,,,,,,,,,
LLDP:  Passed,US-PHX01,c160:042:26,net-agg-gg1-b-01a-r042-us-west-02b,SN3700,swp6,,,QSFP28-100G-DR1,,US-PHX01,c160:193:25,net-dist-gg1-b3-02-r193-us-west-02b,SN3700,swp31,,,,QSFP28-100G-DR1,LC-TO-LC-SMF,,,,,,,,,,,,,,
LLDP:  Passed,US-PHX01,c160:042:26,net-agg-gg1-b-01a-r042-us-west-02b,SN3700,swp7,,,QSFP28-100G-DR1,,US-PHX01,c160:042:20,net-01-c160-gg1-b-r042-us-west-02b,SN2201,swp49,,,,QSFP28-100G-DR1,LC-TO-LC-SMF,,,,,,,,,,,,,,
LLDP:  Passed,US-PHX01,c160:042:26,net-agg-gg1-b-01a-r042-us-west-02b,SN3700,swp30,,,QSFP28-100G-DR1,,US-PHX01,c160:042:25,net-agg-gg1-b-02a-r042-us-west-02b,SN3700,swp30,,,,QSFP28-100G-DR1,LC-TO-LC-SMF,,,,,,,,,,,,,,
,,,,,,,,,,,,,,,,,,,,,,,,,,,,,,,,,
LLDP:  Passed,US-PHX01,c160:042:25,net-agg-gg1-b-02a-r042-us-west-02b,SN3700,swp1,,,QSFP28-100G-DR1,,US-PHX01,c160:033:26,net-dist-gg1-b1-01-r033-us-west-02b,SN3700,swp32,,,,QSFP28-100G-DR1,LC-TO-LC-SMF,,,,,,,,,,,,,,
LLDP:  Passed,US-PHX01,c160:042:25,net-agg-gg1-b-02a-r042-us-west-02b,SN3700,swp2,,,QSFP28-100G-DR1,,US-PHX01,c160:033:25,net-dist-gg1-b1-02-r033-us-west-02b,SN3700,swp32,,,,QSFP28-100G-DR1,LC-TO-LC-SMF,,,,,,,,,,,,,,
LLDP:  Passed,US-PHX01,c160:042:25,net-agg-gg1-b-02a-r042-us-west-02b,SN3700,swp3,,,QSFP28-100G-DR1,,US-PHX01,c160:097:26,net-dist-gg1-b2-01-r097-us-west-02b,SN3700,swp32,,,,QSFP28-100G-DR1,LC-TO-LC-SMF,,,,,,,,,,,,,,
LLDP:  Passed,US-PHX01,c160:042:25,net-agg-gg1-b-02a-r042-us-west-02b,SN3700,swp4,,,QSFP28-100G-DR1,,US-PHX01,c160:097:25,net-dist-gg1-b2-02-r097-us-west-02b,SN3700,swp32,,,,QSFP28-100G-DR1,LC-TO-LC-SMF,,,,,,,,,,,,,,
LLDP:  Passed,US-PHX01,c160:042:25,net-agg-gg1-b-02a-r042-us-west-02b,SN3700,swp5,,,QSFP28-100G-DR1,,US-PHX01,c160:193:26,net-dist-gg1-b3-01-r193-us-west-02b,SN3700,swp32,,,,QSFP28-100G-DR1,LC-TO-LC-SMF,,,,,,,,,,,,,,
LLDP:  Passed,US-PHX01,c160:042:25,net-agg-gg1-b-02a-r042-us-west-02b,SN3700,swp6,,,QSFP28-100G-DR1,,US-PHX01,c160:193:25,net-dist-gg1-b3-02-r193-us-west-02b,SN3700,swp32,,,,QSFP28-100G-DR1,LC-TO-LC-SMF,,,,,,,,,,,,,,
LLDP:  Passed,US-PHX01,c160:042:25,net-agg-gg1-b-02a-r042-us-west-02b,SN3700,swp7,,,QSFP28-100G-DR1,,US-PHX01,c160:042:20,net-01-c160-gg1-b-r042-us-west-02b,SN2201,swp51,,,,QSFP28-100G-DR1,LC-TO-LC-SMF,,,,,,,,,,,,,,
,,,,,,,,,,,,,,,,,,,,,,,,,,,,,,,,,
COMP-AGG - GG1-B,,,,,,,,,,,,,,,,,,,,,,,,,,,,,,,,,
LLDP:  Passed,US-PHX01,c160:042:29,comp-agg-gg1-b-01a-r042-us-west-02b,SN3700,swp1,,,QSFP28-100G-DR1,,US-PHX01,c160:033:29,comp-dist-gg1-b1-01-r033-us-west-02b,SN3700,swp31,,,,QSFP28-100G-DR1,LC-TO-LC-SMF,,,,,,,,,,,,,,
LLDP:  Passed,US-PHX01,c160:042:29,comp-agg-gg1-b-01a-r042-us-west-02b,SN3700,swp2,,,QSFP28-100G-DR1,,US-PHX01,c160:033:28,comp-dist-gg1-b1-02-r033-us-west-02b,SN3700,swp31,,,,QSFP28-100G-DR1,LC-TO-LC-SMF,,,,,,,,,,,,,,
LLDP:  Passed,US-PHX01,c160:042:29,comp-agg-gg1-b-01a-r042-us-west-02b,SN3700,swp3,,,QSFP28-100G-DR1,,US-PHX01,c160:097:29,comp-dist-gg1-b2-01-r097-us-west-02b,SN3700,swp31,,,,QSFP28-100G-DR1,LC-TO-LC-SMF,,,,,,,,,,,,,,
LLDP:  Passed,US-PHX01,c160:042:29,comp-agg-gg1-b-01a-r042-us-west-02b,SN3700,swp4,,,QSFP28-100G-DR1,,US-PHX01,c160:097:28,comp-dist-gg1-b2-02-r097-us-west-02b,SN3700,swp31,,,,QSFP28-100G-DR1,LC-TO-LC-SMF,,,,,,,,,,,,,,
LLDP:  Passed,US-PHX01,c160:042:29,comp-agg-gg1-b-01a-r042-us-west-02b,SN3700,swp5,,,QSFP28-100G-DR1,,US-PHX01,c160:193:29,comp-dist-gg1-b3-01-r193-us-west-02b,SN3700,swp31,,,,QSFP28-100G-DR1,LC-TO-LC-SMF,,,,,,,,,,,,,,
LLDP:  Passed,US-PHX01,c160:042:29,comp-agg-gg1-b-01a-r042-us-west-02b,SN3700,swp6,,,QSFP28-100G-DR1,,US-PHX01,c160:193:28,comp-dist-gg1-b3-02-r193-us-west-02b,SN3700,swp31,,,,QSFP28-100G-DR1,LC-TO-LC-SMF,,,,,,,,,,,,,,
LLDP:  Passed,US-PHX01,c160:042:29,comp-agg-gg1-b-01a-r042-us-west-02b,SN3700,swp30,,,QSFP28-100G-DR1,,US-PHX01,c160:042:28,comp-agg-gg1-b-02a-r042-us-west-02b,SN3700,swp30,,,,QSFP28-100G-DR1,LC-TO-LC-SMF,,,,,,,,,,,,,,
,,,,,,,,,,,,,,,,,,,,,,,,,,,,,,,,,
LLDP:  Passed,US-PHX01,c160:042:28,comp-agg-gg1-b-02a-r042-us-west-02b,SN3700,swp1,,,QSFP28-100G-DR1,,US-PHX01,c160:033:29,comp-dist-gg1-b1-01-r033-us-west-02b,SN3700,swp32,,,,QSFP28-100G-DR1,LC-TO-LC-SMF,,,,,,,,,,,,,,
LLDP:  Passed,US-PHX01,c160:042:28,comp-agg-gg1-b-02a-r042-us-west-02b,SN3700,swp2,,,QSFP28-100G-DR1,,US-PHX01,c160:033:28,comp-dist-gg1-b1-02-r033-us-west-02b,SN3700,swp32,,,,QSFP28-100G-DR1,LC-TO-LC-SMF,,,,,,,,,,,,,,
LLDP:  Passed,US-PHX01,c160:042:28,comp-agg-gg1-b-02a-r042-us-west-02b,SN3700,swp3,,,QSFP28-100G-DR1,,US-PHX01,c160:097:29,comp-dist-gg1-b2-01-r097-us-west-02b,SN3700,swp32,,,,QSFP28-100G-DR1,LC-TO-LC-SMF,,,,,,,,,,,,,,
LLDP:  Passed,US-PHX01,c160:042:28,comp-agg-gg1-b-02a-r042-us-west-02b,SN3700,swp4,,,QSFP28-100G-DR1,,US-PHX01,c160:097:28,comp-dist-gg1-b2-02-r097-us-west-02b,SN3700,swp32,,,,QSFP28-100G-DR1,LC-TO-LC-SMF,,,,,,,,,,,,,,
LLDP:  Passed,US-PHX01,c160:042:28,comp-agg-gg1-b-02a-r042-us-west-02b,SN3700,swp5,,,QSFP28-100G-DR1,,US-PHX01,c160:193:29,comp-dist-gg1-b3-01-r193-us-west-02b,SN3700,swp32,,,,QSFP28-100G-DR1,LC-TO-LC-SMF,,,,,,,,,,,,,,
LLDP:  Passed,US-PHX01,c160:042:28,comp-agg-gg1-b-02a-r042-us-west-02b,SN3700,swp6,,,QSFP28-100G-DR1,,US-PHX01,c160:193:28,comp-dist-gg1-b3-02-r193-us-west-02b,SN3700,swp32,,,,QSFP28-100G-DR1,LC-TO-LC-SMF,,,,,,,,,,,,,,
,,,,,,,,,,,,,,,,,,,,,,,,,,,,,,,,,
NET-AGG GG1-C,,,,,,,,,,,,,,,,,,,,,,,,,,,,,,,,,
LLDP:  Passed,US-PHX01,c160:272:26,net-agg-gg1-c-01a-r272-us-west-02b,SN3700,swp1,,,QSFP28-100G-DR1,,US-PHX01,c160:257:26,net-dist-gg1-c1-01-r257-us-west-02b,SN3700,swp31,,,,QSFP28-100G-DR1,LC-TO-LC-SMF,,,,,,,,,,,,,,
LLDP:  Passed,US-PHX01,c160:272:26,net-agg-gg1-c-01a-r272-us-west-02b,SN3700,swp2,,,QSFP28-100G-DR1,,US-PHX01,c160:257:25,net-dist-gg1-c1-02-r257-us-west-02b,SN3700,swp31,,,,QSFP28-100G-DR1,LC-TO-LC-SMF,,,,,,,,,,,,,,
LLDP:  Passed,US-PHX01,c160:272:26,net-agg-gg1-c-01a-r272-us-west-02b,SN3700,swp3,,,QSFP28-100G-DR1,,US-PHX01,c160:289:26,net-dist-gg1-c2-01-r289-us-west-02b,SN3700,swp31,,,,QSFP28-100G-DR1,LC-TO-LC-SMF,,,,,,,,,,,,,,
LLDP:  Passed,US-PHX01,c160:272:26,net-agg-gg1-c-01a-r272-us-west-02b,SN3700,swp4,,,QSFP28-100G-DR1,,US-PHX01,c160:289:25,net-dist-gg1-c2-02-r289-us-west-02b,SN3700,swp31,,,,QSFP28-100G-DR1,LC-TO-LC-SMF,,,,,,,,,,,,,,
LLDP:  Passed,US-PHX01,c160:272:26,net-agg-gg1-c-01a-r272-us-west-02b,SN3700,swp5,,,QSFP28-100G-DR1,,US-PHX01,c160:385:26,net-dist-gg1-c3-01-r385-us-west-02b,SN3700,swp31,,,,QSFP28-100G-DR1,LC-TO-LC-SMF,,,,,,,,,,,,,,
LLDP:  Passed,US-PHX01,c160:272:26,net-agg-gg1-c-01a-r272-us-west-02b,SN3700,swp6,,,QSFP28-100G-DR1,,US-PHX01,c160:385:25,net-dist-gg1-c3-02-r385-us-west-02b,SN3700,swp31,,,,QSFP28-100G-DR1,LC-TO-LC-SMF,,,,,,,,,,,,,,
LLDP:  Passed,US-PHX01,c160:272:26,net-agg-gg1-c-01a-r272-us-west-02b,SN3700,swp7,,,QSFP28-100G-DR1,,US-PHX01,c160:449:26,net-dist-gg1-c4-01-r449-us-west-02b,SN3700,swp31,,,,QSFP28-100G-DR1,LC-TO-LC-SMF,,,,,,,,,,,,,,
LLDP:  Passed,US-PHX01,c160:272:26,net-agg-gg1-c-01a-r272-us-west-02b,SN3700,swp8,,,QSFP28-100G-DR1,,US-PHX01,c160:449:25,net-dist-gg1-c4-02-r449-us-west-02b,SN3700,swp31,,,,QSFP28-100G-DR1,LC-TO-LC-SMF,,,,,,,,,,,,,,
LLDP:  Passed,US-PHX01,c160:272:26,net-agg-gg1-c-01a-r272-us-west-02b,SN3700,swp9,,,QSFP28-100G-DR1,,US-PHX01,c160:272:20,net-01-c160-gg1-c-r272-us-west-02b,SN2201,swp49,,,,QSFP28-100G-DR1,LC-TO-LC-SMF,,,,,,,,,,,,,,
LLDP:  Passed,US-PHX01,c160:272:26,net-agg-gg1-c-01a-r272-us-west-02b,SN3700,swp30,,,QSFP28-100G-DR1,,US-PHX01,c160:272:25,net-agg-gg1-c-02a-r272-us-west-02b,SN3700,swp30,,,,QSFP28-100G-DR1,LC-TO-LC-SMF,,,,,,,,,,,,,,
,,,,,,,,,,,,,,,,,,,,,,,,,,,,,,,,,
LLDP:  Passed,US-PHX01,c160:272:25,net-agg-gg1-c-02a-r272-us-west-02b,SN3700,swp1,,,QSFP28-100G-DR1,,US-PHX01,c160:257:26,net-dist-gg1-c1-01-r257-us-west-02b,SN3700,swp32,,,,QSFP28-100G-DR1,LC-TO-LC-SMF,,,,,,,,,,,,,,
LLDP:  Passed,US-PHX01,c160:272:25,net-agg-gg1-c-02a-r272-us-west-02b,SN3700,swp2,,,QSFP28-100G-DR1,,US-PHX01,c160:257:25,net-dist-gg1-c1-02-r257-us-west-02b,SN3700,swp32,,,,QSFP28-100G-DR1,LC-TO-LC-SMF,,,,,,,,,,,,,,
LLDP:  Passed,US-PHX01,c160:272:25,net-agg-gg1-c-02a-r272-us-west-02b,SN3700,swp3,,,QSFP28-100G-DR1,,US-PHX01,c160:289:26,net-dist-gg1-c2-01-r289-us-west-02b,SN3700,swp32,,,,QSFP28-100G-DR1,LC-TO-LC-SMF,,,,,,,,,,,,,,
LLDP:  Passed,US-PHX01,c160:272:25,net-agg-gg1-c-02a-r272-us-west-02b,SN3700,swp4,,,QSFP28-100G-DR1,,US-PHX01,c160:289:25,net-dist-gg1-c2-02-r289-us-west-02b,SN3700,swp32,,,,QSFP28-100G-DR1,LC-TO-LC-SMF,,,,,,,,,,,,,,
LLDP:  Passed,US-PHX01,c160:272:25,net-agg-gg1-c-02a-r272-us-west-02b,SN3700,swp5,,,QSFP28-100G-DR1,,US-PHX01,c160:385:26,net-dist-gg1-c3-01-r385-us-west-02b,SN3700,swp32,,,,QSFP28-100G-DR1,LC-TO-LC-SMF,,,,,,,,,,,,,,
LLDP:  Passed,US-PHX01,c160:272:25,net-agg-gg1-c-02a-r272-us-west-02b,SN3700,swp6,,,QSFP28-100G-DR1,,US-PHX01,c160:385:25,net-dist-gg1-c3-02-r385-us-west-02b,SN3700,swp32,,,,QSFP28-100G-DR1,LC-TO-LC-SMF,,,,,,,,,,,,,,
LLDP:  Passed,US-PHX01,c160:272:25,net-agg-gg1-c-02a-r272-us-west-02b,SN3700,swp7,,,QSFP28-100G-DR1,,US-PHX01,c160:449:26,net-dist-gg1-c4-01-r449-us-west-02b,SN3700,swp32,,,,QSFP28-100G-DR1,LC-TO-LC-SMF,,,,,,,,,,,,,,
LLDP:  Passed,US-PHX01,c160:272:25,net-agg-gg1-c-02a-r272-us-west-02b,SN3700,swp8,,,QSFP28-100G-DR1,,US-PHX01,c160:449:25,net-dist-gg1-c4-02-r449-us-west-02b,SN3700,swp32,,,,QSFP28-100G-DR1,LC-TO-LC-SMF,,,,,,,,,,,,,,
LLDP:  Passed,US-PHX01,c160:272:25,net-agg-gg1-c-02a-r272-us-west-02b,SN3700,swp9,,,QSFP28-100G-DR1,,US-PHX01,c160:272:20,net-01-c160-gg1-c-r272-us-west-02b,SN2201,swp51,,,,QSFP28-100G-DR1,LC-TO-LC-SMF,,,,,,,,,,,,,,
,,,,,,,,,,,,,,,,,,,,,,,,,,,,,,,,,
COMP-AGG - GG1-C,,,,,,,,,,,,,,,,,,,,,,,,,,,,,,,,,
LLDP:  Passed,US-PHX01,c160:272:29,comp-agg-gg1-c-01a-r272-us-west-02b,SN3700,swp1,,,QSFP28-100G-DR1,,US-PHX01,c160:257:29,comp-dist-gg1-c1-01-r257-us-west-02b,SN3700,swp31,,,,QSFP28-100G-DR1,LC-TO-LC-SMF,,,,,,,,,,,,,,
LLDP:  Passed,US-PHX01,c160:272:29,comp-agg-gg1-c-01a-r272-us-west-02b,SN3700,swp2,,,QSFP28-100G-DR1,,US-PHX01,c160:257:28,comp-dist-gg1-c1-02-r257-us-west-02b,SN3700,swp31,,,,QSFP28-100G-DR1,LC-TO-LC-SMF,,,,,,,,,,,,,,
LLDP:  Passed,US-PHX01,c160:272:29,comp-agg-gg1-c-01a-r272-us-west-02b,SN3700,swp3,,,QSFP28-100G-DR1,,US-PHX01,c160:289:29,comp-dist-gg1-c2-01-r289-us-west-02b,SN3700,swp31,,,,QSFP28-100G-DR1,LC-TO-LC-SMF,,,,,,,,,,,,,,
LLDP:  Passed,US-PHX01,c160:272:29,comp-agg-gg1-c-01a-r272-us-west-02b,SN3700,swp4,,,QSFP28-100G-DR1,,US-PHX01,c160:289:28,comp-dist-gg1-c2-02-r289-us-west-02b,SN3700,swp31,,,,QSFP28-100G-DR1,LC-TO-LC-SMF,,,,,,,,,,,,,,
LLDP:  Passed,US-PHX01,c160:272:29,comp-agg-gg1-c-01a-r272-us-west-02b,SN3700,swp5,,,QSFP28-100G-DR1,,US-PHX01,c160:385:29,comp-dist-gg1-c3-01-r385-us-west-02b,SN3700,swp31,,,,QSFP28-100G-DR1,LC-TO-LC-SMF,,,,,,,,,,,,,,
LLDP:  Passed,US-PHX01,c160:272:29,comp-agg-gg1-c-01a-r272-us-west-02b,SN3700,swp6,,,QSFP28-100G-DR1,,US-PHX01,c160:385:28,comp-dist-gg1-c3-02-r385-us-west-02b,SN3700,swp31,,,,QSFP28-100G-DR1,LC-TO-LC-SMF,,,,,,,,,,,,,,
LLDP:  Passed,US-PHX01,c160:272:29,comp-agg-gg1-c-01a-r272-us-west-02b,SN3700,swp7,,,QSFP28-100G-DR1,,US-PHX01,c160:449:29,comp-dist-gg1-c4-01-r449-us-west-02b,SN3700,swp31,,,,QSFP28-100G-DR1,LC-TO-LC-SMF,,,,,,,,,,,,,,
LLDP:  Passed,US-PHX01,c160:272:29,comp-agg-gg1-c-01a-r272-us-west-02b,SN3700,swp8,,,QSFP28-100G-DR1,,US-PHX01,c160:449:28,comp-dist-gg1-c4-02-r449-us-west-02b,SN3700,swp31,,,,QSFP28-100G-DR1,LC-TO-LC-SMF,,,,,,,,,,,,,,
LLDP:  Passed,US-PHX01,c160:272:29,comp-agg-gg1-c-01a-r272-us-west-02b,SN3700,swp30,,,QSFP28-100G-DR1,,US-PHX01,c160:272:28,comp-agg-gg1-c-02a-r272-us-west-02b,SN3700,swp30,,,,QSFP28-100G-DR1,LC-TO-LC-SMF,,,,,,,,,,,,,,
,,,,,,,,,,,,,,,,,,,,,,,,,,,,,,,,,
LLDP:  Passed,US-PHX01,c160:272:28,comp-agg-gg1-c-02a-r272-us-west-02b,SN3700,swp1,,,QSFP28-100G-DR1,,US-PHX01,c160:257:29,comp-dist-gg1-c1-01-r257-us-west-02b,SN3700,swp32,,,,QSFP28-100G-DR1,LC-TO-LC-SMF,,,,,,,,,,,,,,
LLDP:  Passed,US-PHX01,c160:272:28,comp-agg-gg1-c-02a-r272-us-west-02b,SN3700,swp2,,,QSFP28-100G-DR1,,US-PHX01,c160:257:28,comp-dist-gg1-c1-02-r257-us-west-02b,SN3700,swp32,,,,QSFP28-100G-DR1,LC-TO-LC-SMF,,,,,,,,,,,,,,
LLDP:  Passed,US-PHX01,c160:272:28,comp-agg-gg1-c-02a-r272-us-west-02b,SN3700,swp3,,,QSFP28-100G-DR1,,US-PHX01,c160:289:29,comp-dist-gg1-c2-01-r289-us-west-02b,SN3700,swp32,,,,QSFP28-100G-DR1,LC-TO-LC-SMF,,,,,,,,,,,,,,
LLDP:  Passed,US-PHX01,c160:272:28,comp-agg-gg1-c-02a-r272-us-west-02b,SN3700,swp4,,,QSFP28-100G-DR1,,US-PHX01,c160:289:28,comp-dist-gg1-c2-02-r289-us-west-02b,SN3700,swp32,,,,QSFP28-100G-DR1,LC-TO-LC-SMF,,,,,,,,,,,,,,
LLDP:  Passed,US-PHX01,c160:272:28,comp-agg-gg1-c-02a-r272-us-west-02b,SN3700,swp5,,,QSFP28-100G-DR1,,US-PHX01,c160:385:29,comp-dist-gg1-c3-01-r385-us-west-02b,SN3700,swp32,,,,QSFP28-100G-DR1,LC-TO-LC-SMF,,,,,,,,,,,,,,
LLDP:  Passed,US-PHX01,c160:272:28,comp-agg-gg1-c-02a-r272-us-west-02b,SN3700,swp6,,,QSFP28-100G-DR1,,US-PHX01,c160:385:28,comp-dist-gg1-c3-02-r385-us-west-02b,SN3700,swp32,,,,QSFP28-100G-DR1,LC-TO-LC-SMF,,,,,,,,,,,,,,
LLDP:  Passed,US-PHX01,c160:272:28,comp-agg-gg1-c-02a-r272-us-west-02b,SN3700,swp7,,,QSFP28-100G-DR1,,US-PHX01,c160:449:29,comp-dist-gg1-c4-01-r449-us-west-02b,SN3700,swp32,,,,QSFP28-100G-DR1,LC-TO-LC-SMF,,,,,,,,,,,,,,
LLDP:  Passed,US-PHX01,c160:272:28,comp-agg-gg1-c-02a-r272-us-west-02b,SN3700,swp8,,,QSFP28-100G-DR1,,US-PHX01,c160:449:28,comp-dist-gg1-c4-02-r449-us-west-02b,SN3700,swp32,,,,QSFP28-100G-DR1,LC-TO-LC-SMF,,,,,,,,,,,,,,
,,,,,,,,,,,,,,,,,,,,,,,,,,,,,,,,,
NET-DIST GG1-A,,,,,,,,,,,,,,,,,,,,,,,,,,,,,,,,,
LLDP:  Passed,US-PHX01,c160:017:26,net-dist-gg1-a1-01-r017-us-west-02b,SN3700,swp1,,,QSFP28-100G-DR1,,US-PHX01,c160:017:20,net-01-c160-gg1-a1-r017-us-west-02b,SN2201,swp49,,,,QSFP28-100G-DR1,LC-TO-LC-SMF,,,,,,,,,,,,,,
LLDP:  Passed,US-PHX01,c160:017:26,net-dist-gg1-a1-01-r017-us-west-02b,SN3700,swp2,,,QSFP28-100G-DR1,,US-PHX01,c160:018:42,net-01-c160-gg1-a1-r018-us-west-02b,SN2201,swp49,,,,QSFP28-100G-DR1,LC-TO-LC-SMF,,,,,,,,,,,,,,
LLDP:  Passed,US-PHX01,c160:017:26,net-dist-gg1-a1-01-r017-us-west-02b,SN3700,swp3,,,QSFP28-100G-DR1,,US-PHX01,c160:019:42,net-01-c160-gg1-a1-r019-us-west-02b,SN2201,swp49,,,,QSFP28-100G-DR1,LC-TO-LC-SMF,,,,,,,,,,,,,,
LLDP:  Passed,US-PHX01,c160:017:26,net-dist-gg1-a1-01-r017-us-west-02b,SN3700,swp4,,,QSFP28-100G-DR1,,US-PHX01,c160:020:42,net-01-c160-gg1-a1-r020-us-west-02b,SN2201,swp49,,,,QSFP28-100G-DR1,LC-TO-LC-SMF,,,,,,,,,,,,,,
LLDP:  Passed,US-PHX01,c160:017:26,net-dist-gg1-a1-01-r017-us-west-02b,SN3700,swp5,,,QSFP28-100G-DR1,,US-PHX01,c160:021:42,net-01-c160-gg1-a1-r021-us-west-02b,SN2201,swp49,,,,QSFP28-100G-DR1,LC-TO-LC-SMF,,,,,,,,,,,,,,
LLDP:  Passed,US-PHX01,c160:017:26,net-dist-gg1-a1-01-r017-us-west-02b,SN3700,swp6,,,QSFP28-100G-DR1,,US-PHX01,c160:022:42,net-01-c160-gg1-a1-r022-us-west-02b,SN2201,swp49,,,,QSFP28-100G-DR1,LC-TO-LC-SMF,,,,,,,,,,,,,,
LLDP:  Passed,US-PHX01,c160:017:26,net-dist-gg1-a1-01-r017-us-west-02b,SN3700,swp30,,,QSFP28-100G-DR1,,US-PHX01,c160:017:25,net-dist-gg1-a1-02-r017-us-west-02b,SN3700,swp30,,,,QSFP28-100G-DR1,LC-TO-LC-SMF,,,,,,,,,,,,,,
,,,,,,,,,,,,,,,,,,,,,,,,,,,,,,,,,
LLDP:  Passed,US-PHX01,c160:017:25,net-dist-gg1-a1-02-r017-us-west-02b,SN3700,swp1,,,QSFP28-100G-DR1,,US-PHX01,c160:017:20,net-01-c160-gg1-a1-r017-us-west-02b,SN2201,swp51,,,,QSFP28-100G-DR1,LC-TO-LC-SMF,,,,,,,,,,,,,,
LLDP:  Passed,US-PHX01,c160:017:25,net-dist-gg1-a1-02-r017-us-west-02b,SN3700,swp2,,,QSFP28-100G-DR1,,US-PHX01,c160:018:42,net-01-c160-gg1-a1-r018-us-west-02b,SN2201,swp51,,,,QSFP28-100G-DR1,LC-TO-LC-SMF,,,,,,,,,,,,,,
LLDP:  Passed,US-PHX01,c160:017:25,net-dist-gg1-a1-02-r017-us-west-02b,SN3700,swp3,,,QSFP28-100G-DR1,,US-PHX01,c160:019:42,net-01-c160-gg1-a1-r019-us-west-02b,SN2201,swp51,,,,QSFP28-100G-DR1,LC-TO-LC-SMF,,,,,,,,,,,,,,
LLDP:  Passed,US-PHX01,c160:017:25,net-dist-gg1-a1-02-r017-us-west-02b,SN3700,swp4,,,QSFP28-100G-DR1,,US-PHX01,c160:020:42,net-01-c160-gg1-a1-r020-us-west-02b,SN2201,swp51,,,,QSFP28-100G-DR1,LC-TO-LC-SMF,,,,,,,,,,,,,,
LLDP:  Passed,US-PHX01,c160:017:25,net-dist-gg1-a1-02-r017-us-west-02b,SN3700,swp5,,,QSFP28-100G-DR1,,US-PHX01,c160:021:42,net-01-c160-gg1-a1-r021-us-west-02b,SN2201,swp51,,,,QSFP28-100G-DR1,LC-TO-LC-SMF,,,,,,,,,,,,,,
LLDP:  Passed,US-PHX01,c160:017:25,net-dist-gg1-a1-02-r017-us-west-02b,SN3700,swp6,,,QSFP28-100G-DR1,,US-PHX01,c160:022:42,net-01-c160-gg1-a1-r022-us-west-02b,SN2201,swp51,,,,QSFP28-100G-DR1,LC-TO-LC-SMF,,,,,,,,,,,,,,
,,,,,,,,,,,,,,,,,,,,,,,,,,,,,,,,,
NET-DIST GG1-B,,,,,,,,,,,,,,,,,,,,,,,,,,,,,,,,,
LLDP:  Passed,US-PHX01,c160:033:26,net-dist-gg1-b1-01-r033-us-west-02b,SN3700,swp1,,,QSFP28-100G-DR1,,US-PHX01,c160:033:20,net-01-c160-gg1-b1-r033-us-west-02b,SN2201,swp49,,,,QSFP28-100G-DR1,LC-TO-LC-SMF,,,,,,,,,,,,,,
LLDP:  Passed,US-PHX01,c160:033:26,net-dist-gg1-b1-01-r033-us-west-02b,SN3700,swp2,,,QSFP28-100G-DR1,,US-PHX01,c160:049:20,net-01-c160-gg1-b1-r049-us-west-02b,SN2201,swp49,,,,QSFP28-100G-DR1,LC-TO-LC-SMF,,,,,,,,,,,,,,
LLDP:  Passed,US-PHX01,c160:033:26,net-dist-gg1-b1-01-r033-us-west-02b,SN3700,swp3,,,QSFP28-100G-DR1,,US-PHX01,c160:065:20,net-01-c160-gg1-b1-r065-us-west-02b,SN2201,swp49,,,,QSFP28-100G-DR1,LC-TO-LC-SMF,,,,,,,,,,,,,,
LLDP:  Passed,US-PHX01,c160:033:26,net-dist-gg1-b1-01-r033-us-west-02b,SN3700,swp4,,,QSFP28-100G-DR1,,US-PHX01,c160:081:20,net-01-c160-gg1-b1-r081-us-west-02b,SN2201,swp49,,,,QSFP28-100G-DR1,LC-TO-LC-SMF,,,,,,,,,,,,,,
LLDP:  Passed,US-PHX01,c160:033:26,net-dist-gg1-b1-01-r033-us-west-02b,SN3700,swp30,,,QSFP28-100G-DR1,,US-PHX01,c160:033:25,net-dist-gg1-b1-02-r033-us-west-02b,SN3700,swp30,,,,QSFP28-100G-DR1,LC-TO-LC-SMF,,,,,,,,,,,,,,
,,,,,,,,,,,,,,,,,,,,,,,,,,,,,,,,,
LLDP:  Passed,US-PHX01,c160:033:25,net-dist-gg1-b1-02-r033-us-west-02b,SN3700,swp1,,,QSFP28-100G-DR1,,US-PHX01,c160:033:20,net-01-c160-gg1-b1-r033-us-west-02b,SN2201,swp51,,,,QSFP28-100G-DR1,LC-TO-LC-SMF,,,,,,,,,,,,,,
LLDP:  Passed,US-PHX01,c160:033:25,net-dist-gg1-b1-02-r033-us-west-02b,SN3700,swp2,,,QSFP28-100G-DR1,,US-PHX01,c160:049:20,net-01-c160-gg1-b1-r049-us-west-02b,SN2201,swp51,,,,QSFP28-100G-DR1,LC-TO-LC-SMF,,,,,,,,,,,,,,
LLDP:  Passed,US-PHX01,c160:033:25,net-dist-gg1-b1-02-r033-us-west-02b,SN3700,swp3,,,QSFP28-100G-DR1,,US-PHX01,c160:065:20,net-01-c160-gg1-b1-r065-us-west-02b,SN2201,swp51,,,,QSFP28-100G-DR1,LC-TO-LC-SMF,,,,,,,,,,,,,,
LLDP:  Passed,US-PHX01,c160:033:25,net-dist-gg1-b1-02-r033-us-west-02b,SN3700,swp4,,,QSFP28-100G-DR1,,US-PHX01,c160:081:20,net-01-c160-gg1-b1-r081-us-west-02b,SN2201,swp51,,,,QSFP28-100G-DR1,LC-TO-LC-SMF,,,,,,,,,,,,,,
,,,,,,,,,,,,,,,,,,,,,,,,,,,,,,,,,
,,,,,,,,,,,,,,,,,,,,,,,,,,,,,,,,,
LLDP:  Passed,US-PHX01,c160:097:26,net-dist-gg1-b2-01-r097-us-west-02b,SN3700,swp1,,,QSFP28-100G-DR1,,US-PHX01,c160:097:20,net-01-c160-gg1-b2-r097-us-west-02b,SN2201,swp49,,,,QSFP28-100G-DR1,LC-TO-LC-SMF,,,,,,,,,,,,,,
LLDP:  Passed,US-PHX01,c160:097:26,net-dist-gg1-b2-01-r097-us-west-02b,SN3700,swp2,,,QSFP28-100G-DR1,,US-PHX01,c160:113:20,net-01-c160-gg1-b2-r113-us-west-02b,SN2201,swp49,,,,QSFP28-100G-DR1,LC-TO-LC-SMF,,,,,,,,,,,,,,
LLDP:  Passed,US-PHX01,c160:097:26,net-dist-gg1-b2-01-r097-us-west-02b,SN3700,swp3,,,QSFP28-100G-DR1,,US-PHX01,c160:129:20,net-01-c160-gg1-b2-r129-us-west-02b,SN2201,swp49,,,,QSFP28-100G-DR1,LC-TO-LC-SMF,,,,,,,,,,,,,,
LLDP:  Passed,US-PHX01,c160:097:26,net-dist-gg1-b2-01-r097-us-west-02b,SN3700,swp4,,,QSFP28-100G-DR1,,US-PHX01,c160:145:20,net-01-c160-gg1-b2-r145-us-west-02b,SN2201,swp49,,,,QSFP28-100G-DR1,LC-TO-LC-SMF,,,,,,,,,,,,,,
LLDP:  Passed,US-PHX01,c160:097:26,net-dist-gg1-b2-01-r097-us-west-02b,SN3700,swp5,,,QSFP28-100G-DR1,,US-PHX01,c160:161:20,net-01-c160-gg1-b2-r161-us-west-02b,SN2201,swp49,,,,QSFP28-100G-DR1,LC-TO-LC-SMF,,,,,,,,,,,,,,
LLDP:  Passed,US-PHX01,c160:097:26,net-dist-gg1-b2-01-r097-us-west-02b,SN3700,swp6,,,QSFP28-100G-DR1,,US-PHX01,c160:177:20,net-01-c160-gg1-b2-r177-us-west-02b,SN2201,swp49,,,,QSFP28-100G-DR1,LC-TO-LC-SMF,,,,,,,,,,,,,,
LLDP:  Passed,US-PHX01,c160:097:26,net-dist-gg1-b2-01-r097-us-west-02b,SN3700,swp30,,,QSFP28-100G-DR1,,US-PHX01,c160:097:25,net-dist-gg1-b2-02-r097-us-west-02b,SN3700,swp30,,,,QSFP28-100G-DR1,LC-TO-LC-SMF,,,,,,,,,,,,,,
,,,,,,,,,,,,,,,,,,,,,,,,,,,,,,,,,
LLDP:  Passed,US-PHX01,c160:097:25,net-dist-gg1-b2-02-r097-us-west-02b,SN3700,swp1,,,QSFP28-100G-DR1,,US-PHX01,c160:097:20,net-01-c160-gg1-b2-r097-us-west-02b,SN2201,swp51,,,,QSFP28-100G-DR1,LC-TO-LC-SMF,,,,,,,,,,,,,,
LLDP:  Passed,US-PHX01,c160:097:25,net-dist-gg1-b2-02-r097-us-west-02b,SN3700,swp2,,,QSFP28-100G-DR1,,US-PHX01,c160:113:20,net-01-c160-gg1-b2-r113-us-west-02b,SN2201,swp51,,,,QSFP28-100G-DR1,LC-TO-LC-SMF,,,,,,,,,,,,,,
LLDP:  Passed,US-PHX01,c160:097:25,net-dist-gg1-b2-02-r097-us-west-02b,SN3700,swp3,,,QSFP28-100G-DR1,,US-PHX01,c160:129:20,net-01-c160-gg1-b2-r129-us-west-02b,SN2201,swp51,,,,QSFP28-100G-DR1,LC-TO-LC-SMF,,,,,,,,,,,,,,
LLDP:  Passed,US-PHX01,c160:097:25,net-dist-gg1-b2-02-r097-us-west-02b,SN3700,swp4,,,QSFP28-100G-DR1,,US-PHX01,c160:145:20,net-01-c160-gg1-b2-r145-us-west-02b,SN2201,swp51,,,,QSFP28-100G-DR1,LC-TO-LC-SMF,,,,,,,,,,,,,,
LLDP:  Passed,US-PHX01,c160:097:25,net-dist-gg1-b2-02-r097-us-west-02b,SN3700,swp5,,,QSFP28-100G-DR1,,US-PHX01,c160:161:20,net-01-c160-gg1-b2-r161-us-west-02b,SN2201,swp51,,,,QSFP28-100G-DR1,LC-TO-LC-SMF,,,,,,,,,,,,,,
LLDP:  Passed,US-PHX01,c160:097:25,net-dist-gg1-b2-02-r097-us-west-02b,SN3700,swp6,,,QSFP28-100G-DR1,,US-PHX01,c160:177:20,net-01-c160-gg1-b2-r177-us-west-02b,SN2201,swp51,,,,QSFP28-100G-DR1,LC-TO-LC-SMF,,,,,,,,,,,,,,
,,,,,,,,,,,,,,,,,,,,,,,,,,,,,,,,,
,,,,,,,,,,,,,,,,,,,,,,,,,,,,,,,,,
LLDP:  Passed,US-PHX01,c160:193:26,net-dist-gg1-b3-01-r193-us-west-02b,SN3700,swp1,,,QSFP28-100G-DR1,,US-PHX01,c160:193:20,net-01-c160-gg1-b3-r193-us-west-02b,SN2201,swp49,,,,QSFP28-100G-DR1,LC-TO-LC-SMF,,,,,,,,,,,,,,
LLDP:  Passed,US-PHX01,c160:193:26,net-dist-gg1-b3-01-r193-us-west-02b,SN3700,swp2,,,QSFP28-100G-DR1,,US-PHX01,c160:209:20,net-01-c160-gg1-b3-r209-us-west-02b,SN2201,swp49,,,,QSFP28-100G-DR1,LC-TO-LC-SMF,,,,,,,,,,,,,,
LLDP:  Passed,US-PHX01,c160:193:26,net-dist-gg1-b3-01-r193-us-west-02b,SN3700,swp3,,,QSFP28-100G-DR1,,US-PHX01,c160:225:20,net-01-c160-gg1-b3-r225-us-west-02b,SN2201,swp49,,,,QSFP28-100G-DR1,LC-TO-LC-SMF,,,,,,,,,,,,,,
LLDP:  Passed,US-PHX01,c160:193:26,net-dist-gg1-b3-01-r193-us-west-02b,SN3700,swp4,,,QSFP28-100G-DR1,,US-PHX01,c160:241:20,net-01-c160-gg1-b3-r241-us-west-02b,SN2201,swp49,,,,QSFP28-100G-DR1,LC-TO-LC-SMF,,,,,,,,,,,,,,
LLDP:  Passed,US-PHX01,c160:193:26,net-dist-gg1-b3-01-r193-us-west-02b,SN3700,swp30,,,QSFP28-100G-DR1,,US-PHX01,c160:193:25,net-dist-gg1-b3-02-r193-us-west-02b,SN3700,swp30,,,,QSFP28-100G-DR1,LC-TO-LC-SMF,,,,,,,,,,,,,,
,,,,,,,,,,,,,,,,,,,,,,,,,,,,,,,,,
LLDP:  Passed,US-PHX01,c160:193:25,net-dist-gg1-b3-02-r193-us-west-02b,SN3700,swp1,,,QSFP28-100G-DR1,,US-PHX01,c160:193:20,net-01-c160-gg1-b3-r193-us-west-02b,SN2201,swp51,,,,QSFP28-100G-DR1,LC-TO-LC-SMF,,,,,,,,,,,,,,
LLDP:  Passed,US-PHX01,c160:193:25,net-dist-gg1-b3-02-r193-us-west-02b,SN3700,swp2,,,QSFP28-100G-DR1,,US-PHX01,c160:209:20,net-01-c160-gg1-b3-r209-us-west-02b,SN2201,swp51,,,,QSFP28-100G-DR1,LC-TO-LC-SMF,,,,,,,,,,,,,,
LLDP:  Passed,US-PHX01,c160:193:25,net-dist-gg1-b3-02-r193-us-west-02b,SN3700,swp3,,,QSFP28-100G-DR1,,US-PHX01,c160:225:20,net-01-c160-gg1-b3-r225-us-west-02b,SN2201,swp51,,,,QSFP28-100G-DR1,LC-TO-LC-SMF,,,,,,,,,,,,,,
LLDP:  Passed,US-PHX01,c160:193:25,net-dist-gg1-b3-02-r193-us-west-02b,SN3700,swp4,,,QSFP28-100G-DR1,,US-PHX01,c160:241:20,net-01-c160-gg1-b3-r241-us-west-02b,SN2201,swp51,,,,QSFP28-100G-DR1,LC-TO-LC-SMF,,,,,,,,,,,,,,
,,,,,,,,,,,,,,,,,,,,,,,,,,,,,,,,,
NET-DIST GG1-C,,,,,,,,,,,,,,,,,,,,,,,,,,,,,,,,,
LLDP:  Passed,US-PHX01,c160:257:26,net-dist-gg1-c1-01-r257-us-west-02b,SN3700,swp1,,,QSFP28-100G-DR1,,US-PHX01,c160:257:20,net-01-c160-gg1-c1-r257-us-west-02b,SN2201,swp49,,,,QSFP28-100G-DR1,LC-TO-LC-SMF,,,,,,,,,,,,,,
LLDP:  Passed,US-PHX01,c160:257:26,net-dist-gg1-c1-01-r257-us-west-02b,SN3700,swp2,,,QSFP28-100G-DR1,,US-PHX01,c160:273:20,net-01-c160-gg1-c1-r273-us-west-02b,SN2201,swp49,,,,QSFP28-100G-DR1,LC-TO-LC-SMF,,,,,,,,,,,,,,
LLDP:  Passed,US-PHX01,c160:257:26,net-dist-gg1-c1-01-r257-us-west-02b,SN3700,swp30,,,QSFP28-100G-DR1,,US-PHX01,c160:257:25,net-dist-gg1-c1-02-r257-us-west-02b,SN3700,swp30,,,,QSFP28-100G-DR1,LC-TO-LC-SMF,,,,,,,,,,,,,,
,,,,,,,,,,,,,,,,,,,,,,,,,,,,,,,,,
LLDP:  Passed,US-PHX01,c160:257:25,net-dist-gg1-c1-02-r257-us-west-02b,SN3700,swp1,,,QSFP28-100G-DR1,,US-PHX01,c160:257:20,net-01-c160-gg1-c1-r257-us-west-02b,SN2201,swp51,,,,QSFP28-100G-DR1,LC-TO-LC-SMF,,,,,,,,,,,,,,
LLDP:  Passed,US-PHX01,c160:257:25,net-dist-gg1-c1-02-r257-us-west-02b,SN3700,swp2,,,QSFP28-100G-DR1,,US-PHX01,c160:273:20,net-01-c160-gg1-c1-r273-us-west-02b,SN2201,swp51,,,,QSFP28-100G-DR1,LC-TO-LC-SMF,,,,,,,,,,,,,,
,,,,,,,,,,,,,,,,,,,,,,,,,,,,,,,,,
,,,,,,,,,,,,,,,,,,,,,,,,,,,,,,,,,
LLDP:  Passed,US-PHX01,c160:289:26,net-dist-gg1-c2-01-r289-us-west-02b,SN3700,swp1,,,QSFP28-100G-DR1,,US-PHX01,c160:289:20,net-01-c160-gg1-c2-r289-us-west-02b,SN2201,swp49,,,,QSFP28-100G-DR1,LC-TO-LC-SMF,,,,,,,,,,,,,,
LLDP:  Passed,US-PHX01,c160:289:26,net-dist-gg1-c2-01-r289-us-west-02b,SN3700,swp2,,,QSFP28-100G-DR1,,US-PHX01,c160:305:20,net-01-c160-gg1-c2-r305-us-west-02b,SN2201,swp49,,,,QSFP28-100G-DR1,LC-TO-LC-SMF,,,,,,,,,,,,,,
LLDP:  Passed,US-PHX01,c160:289:26,net-dist-gg1-c2-01-r289-us-west-02b,SN3700,swp3,,,QSFP28-100G-DR1,,US-PHX01,c160:321:20,net-01-c160-gg1-c2-r321-us-west-02b,SN2201,swp49,,,,QSFP28-100G-DR1,LC-TO-LC-SMF,,,,,,,,,,,,,,
LLDP:  Passed,US-PHX01,c160:289:26,net-dist-gg1-c2-01-r289-us-west-02b,SN3700,swp4,,,QSFP28-100G-DR1,,US-PHX01,c160:337:20,net-01-c160-gg1-c2-r337-us-west-02b,SN2201,swp49,,,,QSFP28-100G-DR1,LC-TO-LC-SMF,,,,,,,,,,,,,,
LLDP:  Passed,US-PHX01,c160:289:26,net-dist-gg1-c2-01-r289-us-west-02b,SN3700,swp30,,,QSFP28-100G-DR1,,US-PHX01,c160:289:25,net-dist-gg1-c2-02-r289-us-west-02b,SN3700,swp30,,,,QSFP28-100G-DR1,LC-TO-LC-SMF,,,,,,,,,,,,,,
,,,,,,,,,,,,,,,,,,,,,,,,,,,,,,,,,
LLDP:  Passed,US-PHX01,c160:289:25,net-dist-gg1-c2-02-r289-us-west-02b,SN3700,swp1,,,QSFP28-100G-DR1,,US-PHX01,c160:289:20,net-01-c160-gg1-c2-r289-us-west-02b,SN2201,swp51,,,,QSFP28-100G-DR1,LC-TO-LC-SMF,,,,,,,,,,,,,,
LLDP:  Passed,US-PHX01,c160:289:25,net-dist-gg1-c2-02-r289-us-west-02b,SN3700,swp2,,,QSFP28-100G-DR1,,US-PHX01,c160:305:20,net-01-c160-gg1-c2-r305-us-west-02b,SN2201,swp51,,,,QSFP28-100G-DR1,LC-TO-LC-SMF,,,,,,,,,,,,,,
LLDP:  Passed,US-PHX01,c160:289:25,net-dist-gg1-c2-02-r289-us-west-02b,SN3700,swp3,,,QSFP28-100G-DR1,,US-PHX01,c160:321:20,net-01-c160-gg1-c2-r321-us-west-02b,SN2201,swp51,,,,QSFP28-100G-DR1,LC-TO-LC-SMF,,,,,,,,,,,,,,
LLDP:  Passed,US-PHX01,c160:289:25,net-dist-gg1-c2-02-r289-us-west-02b,SN3700,swp4,,,QSFP28-100G-DR1,,US-PHX01,c160:337:20,net-01-c160-gg1-c2-r337-us-west-02b,SN2201,swp51,,,,QSFP28-100G-DR1,LC-TO-LC-SMF,,,,,,,,,,,,,,
,,,,,,,,,,,,,,,,,,,,,,,,,,,,,,,,,
,,,,,,,,,,,,,,,,,,,,,,,,,,,,,,,,,
LLDP:  Passed,US-PHX01,c160:385:26,net-dist-gg1-c3-01-r385-us-west-02b,SN3700,swp1,,,QSFP28-100G-DR1,,US-PHX01,c160:385:20,net-01-c160-gg1-c3-r385-us-west-02b,SN2201,swp49,,,,QSFP28-100G-DR1,LC-TO-LC-SMF,,,,,,,,,,,,,,
LLDP:  Passed,US-PHX01,c160:385:26,net-dist-gg1-c3-01-r385-us-west-02b,SN3700,swp2,,,QSFP28-100G-DR1,,US-PHX01,c160:401:20,net-01-c160-gg1-c3-r401-us-west-02b,SN2201,swp49,,,,QSFP28-100G-DR1,LC-TO-LC-SMF,,,,,,,,,,,,,,
LLDP:  Passed,US-PHX01,c160:385:26,net-dist-gg1-c3-01-r385-us-west-02b,SN3700,swp3,,,QSFP28-100G-DR1,,US-PHX01,c160:417:20,net-01-c160-gg1-c3-r417-us-west-02b,SN2201,swp49,,,,QSFP28-100G-DR1,LC-TO-LC-SMF,,,,,,,,,,,,,,
LLDP:  Passed,US-PHX01,c160:385:26,net-dist-gg1-c3-01-r385-us-west-02b,SN3700,swp4,,,QSFP28-100G-DR1,,US-PHX01,c160:433:20,net-01-c160-gg1-c3-r433-us-west-02b,SN2201,swp49,,,,QSFP28-100G-DR1,LC-TO-LC-SMF,,,,,,,,,,,,,,
LLDP:  Passed,US-PHX01,c160:385:26,net-dist-gg1-c3-01-r385-us-west-02b,SN3700,swp30,,,QSFP28-100G-DR1,,US-PHX01,c160:385:25,net-dist-gg1-c3-02-r385-us-west-02b,SN3700,swp30,,,,QSFP28-100G-DR1,LC-TO-LC-SMF,,,,,,,,,,,,,,
,,,,,,,,,,,,,,,,,,,,,,,,,,,,,,,,,
LLDP:  Passed,US-PHX01,c160:385:25,net-dist-gg1-c3-02-r385-us-west-02b,SN3700,swp1,,,QSFP28-100G-DR1,,US-PHX01,c160:385:20,net-01-c160-gg1-c3-r385-us-west-02b,SN2201,swp51,,,,QSFP28-100G-DR1,LC-TO-LC-SMF,,,,,,,,,,,,,,
LLDP:  Passed,US-PHX01,c160:385:25,net-dist-gg1-c3-02-r385-us-west-02b,SN3700,swp2,,,QSFP28-100G-DR1,,US-PHX01,c160:401:20,net-01-c160-gg1-c3-r401-us-west-02b,SN2201,swp51,,,,QSFP28-100G-DR1,LC-TO-LC-SMF,,,,,,,,,,,,,,
LLDP:  Passed,US-PHX01,c160:385:25,net-dist-gg1-c3-02-r385-us-west-02b,SN3700,swp3,,,QSFP28-100G-DR1,,US-PHX01,c160:417:20,net-01-c160-gg1-c3-r417-us-west-02b,SN2201,swp51,,,,QSFP28-100G-DR1,LC-TO-LC-SMF,,,,,,,,,,,,,,
LLDP:  Passed,US-PHX01,c160:385:25,net-dist-gg1-c3-02-r385-us-west-02b,SN3700,swp4,,,QSFP28-100G-DR1,,US-PHX01,c160:433:20,net-01-c160-gg1-c3-r433-us-west-02b,SN2201,swp51,,,,QSFP28-100G-DR1,LC-TO-LC-SMF,,,,,,,,,,,,,,
,,,,,,,,,,,,,,,,,,,,,,,,,,,,,,,,,
,,,,,,,,,,,,,,,,,,,,,,,,,,,,,,,,,
LLDP:  Passed,US-PHX01,c160:449:26,net-dist-gg1-c4-01-r449-us-west-02b,SN3700,swp1,,,QSFP28-100G-DR1,,US-PHX01,c160:449:20,net-01-c160-gg1-c4-r449-us-west-02b,SN2201,swp49,,,,QSFP28-100G-DR1,LC-TO-LC-SMF,,,,,,,,,,,,,,
LLDP:  Passed,US-PHX01,c160:449:26,net-dist-gg1-c4-01-r449-us-west-02b,SN3700,swp2,,,QSFP28-100G-DR1,,US-PHX01,c160:465:20,net-01-c160-gg1-c4-r465-us-west-02b,SN2201,swp49,,,,QSFP28-100G-DR1,LC-TO-LC-SMF,,,,,,,,,,,,,,
LLDP:  Passed,US-PHX01,c160:449:26,net-dist-gg1-c4-01-r449-us-west-02b,SN3700,swp3,,,QSFP28-100G-DR1,,US-PHX01,c160:481:20,net-01-c160-gg1-c4-r481-us-west-02b,SN2201,swp49,,,,QSFP28-100G-DR1,LC-TO-LC-SMF,,,,,,,,,,,,,,
LLDP:  Passed,US-PHX01,c160:449:26,net-dist-gg1-c4-01-r449-us-west-02b,SN3700,swp4,,,QSFP28-100G-DR1,,US-PHX01,c160:497:20,net-01-c160-gg1-c4-r497-us-west-02b,SN2201,swp49,,,,QSFP28-100G-DR1,LC-TO-LC-SMF,,,,,,,,,,,,,,
LLDP:  Passed,US-PHX01,c160:449:26,net-dist-gg1-c4-01-r449-us-west-02b,SN3700,swp30,,,QSFP28-100G-DR1,,US-PHX01,c160:449:25,net-dist-gg1-c4-02-r449-us-west-02b,SN3700,swp30,,,,QSFP28-100G-DR1,LC-TO-LC-SMF,,,,,,,,,,,,,,
,,,,,,,,,,,,,,,,,,,,,,,,,,,,,,,,,
LLDP:  Passed,US-PHX01,c160:449:25,net-dist-gg1-c4-02-r449-us-west-02b,SN3700,swp1,,,QSFP28-100G-DR1,,US-PHX01,c160:449:20,net-01-c160-gg1-c4-r449-us-west-02b,SN2201,swp51,,,,QSFP28-100G-DR1,LC-TO-LC-SMF,,,,,,,,,,,,,,
LLDP:  Passed,US-PHX01,c160:449:25,net-dist-gg1-c4-02-r449-us-west-02b,SN3700,swp2,,,QSFP28-100G-DR1,,US-PHX01,c160:465:20,net-01-c160-gg1-c4-r465-us-west-02b,SN2201,swp51,,,,QSFP28-100G-DR1,LC-TO-LC-SMF,,,,,,,,,,,,,,
LLDP:  Passed,US-PHX01,c160:449:25,net-dist-gg1-c4-02-r449-us-west-02b,SN3700,swp3,,,QSFP28-100G-DR1,,US-PHX01,c160:481:20,net-01-c160-gg1-c4-r481-us-west-02b,SN2201,swp51,,,,QSFP28-100G-DR1,LC-TO-LC-SMF,,,,,,,,,,,,,,
LLDP:  Passed,US-PHX01,c160:449:25,net-dist-gg1-c4-02-r449-us-west-02b,SN3700,swp4,,,QSFP28-100G-DR1,,US-PHX01,c160:497:20,net-01-c160-gg1-c4-r497-us-west-02b,SN2201,swp51,,,,QSFP28-100G-DR1,LC-TO-LC-SMF,,,,,,,,,,,,,,
,,,,,,,,,,,,,,,,,,,,,,,,,,,,,,,,,
COMP-DIST - GG1-A,,,,,,,,,,,,,,,,,,,,,,,,,,,,,,,,,
LLDP:  Passed,US-PHX01,c160:017:29,comp-dist-gg1-a1-01-r017-us-west-02b,SN3700,swp1,,,QSFP28-100G-DR1,,US-PHX01,c160:018:40,ipmi-gg1-a1-r018-us-west-02b,SN2201,swp49,,,,QSFP28-100G-DR1,LC-TO-LC-SMF,,,,,,,,,,,,,,
LLDP:  Passed,US-PHX01,c160:017:29,comp-dist-gg1-a1-01-r017-us-west-02b,SN3700,swp2,,,QSFP28-100G-DR1,,US-PHX01,c160:019:40,ipmi-gg1-a1-r019-us-west-02b,SN2201,swp49,,,,QSFP28-100G-DR1,LC-TO-LC-SMF,,,,,,,,,,,,,,
LLDP:  Passed,US-PHX01,c160:017:29,comp-dist-gg1-a1-01-r017-us-west-02b,SN3700,swp3,,,QSFP28-100G-DR1,,US-PHX01,c160:020:40,ipmi-gg1-a1-r020-us-west-02b,SN2201,swp49,,,,QSFP28-100G-DR1,LC-TO-LC-SMF,,,,,,,,,,,,,,
LLDP:  Passed,US-PHX01,c160:017:29,comp-dist-gg1-a1-01-r017-us-west-02b,SN3700,swp4,,,QSFP28-100G-DR1,,US-PHX01,c160:021:40,ipmi-gg1-a1-r021-us-west-02b,SN2201,swp49,,,,QSFP28-100G-DR1,LC-TO-LC-SMF,,,,,,,,,,,,,,
LLDP:  Passed,US-PHX01,c160:017:29,comp-dist-gg1-a1-01-r017-us-west-02b,SN3700,swp5,,,QSFP28-100G-DR1,,US-PHX01,c160:022:40,ipmi-gg1-a1-r022-us-west-02b,SN2201,swp49,,,,QSFP28-100G-DR1,LC-TO-LC-SMF,,,,,,,,,,,,,,
LLDP:  Passed,US-PHX01,c160:017:29,comp-dist-gg1-a1-01-r017-us-west-02b,SN3700,swp6,,,QSFP28-100G-DR1,,US-PHX01,c160:018:38,dpu-gg1-a1-r018-us-west-02b,SN2201,swp49,,,,QSFP28-100G-DR1,LC-TO-LC-SMF,,,,,,,,,,,,,,
LLDP:  Passed,US-PHX01,c160:017:29,comp-dist-gg1-a1-01-r017-us-west-02b,SN3700,swp7,,,QSFP28-100G-DR1,,US-PHX01,c160:019:38,dpu-gg1-a1-r019-us-west-02b,SN2201,swp49,,,,QSFP28-100G-DR1,LC-TO-LC-SMF,,,,,,,,,,,,,,
LLDP:  Passed,US-PHX01,c160:017:29,comp-dist-gg1-a1-01-r017-us-west-02b,SN3700,swp8,,,QSFP28-100G-DR1,,US-PHX01,c160:020:38,dpu-gg1-a1-r020-us-west-02b,SN2201,swp49,,,,QSFP28-100G-DR1,LC-TO-LC-SMF,,,,,,,,,,,,,,
LLDP:  Passed,US-PHX01,c160:017:29,comp-dist-gg1-a1-01-r017-us-west-02b,SN3700,swp9,,,QSFP28-100G-DR1,,US-PHX01,c160:021:38,dpu-gg1-a1-r021-us-west-02b,SN2201,swp49,,,,QSFP28-100G-DR1,LC-TO-LC-SMF,,,,,,,,,,,,,,
LLDP:  Passed,US-PHX01,c160:017:29,comp-dist-gg1-a1-01-r017-us-west-02b,SN3700,swp10,,,QSFP28-100G-DR1,,US-PHX01,c160:022:38,dpu-gg1-a1-r022-us-west-02b,SN2201,swp49,,,,QSFP28-100G-DR1,LC-TO-LC-SMF,,,,,,,,,,,,,,
LLDP:  Passed,US-PHX01,c160:017:29,comp-dist-gg1-a1-01-r017-us-west-02b,SN3700,swp30,,,QSFP28-100G-DR1,,US-PHX01,c160:017:28,comp-dist-gg1-a1-02-r017-us-west-02b,SN3700,swp30,,,,QSFP28-100G-DR1,LC-TO-LC-SMF,,,,,,,,,,,,,,
,,,,,,,,,,,,,,,,,,,,,,,,,,,,,,,,,
LLDP:  Passed,US-PHX01,c160:017:28,comp-dist-gg1-a1-02-r017-us-west-02b,SN3700,swp1,,,QSFP28-100G-DR1,,US-PHX01,c160:018:40,ipmi-gg1-a1-r018-us-west-02b,SN2201,swp51,,,,QSFP28-100G-DR1,LC-TO-LC-SMF,,,,,,,,,,,,,,
LLDP:  Passed,US-PHX01,c160:017:28,comp-dist-gg1-a1-02-r017-us-west-02b,SN3700,swp2,,,QSFP28-100G-DR1,,US-PHX01,c160:019:40,ipmi-gg1-a1-r019-us-west-02b,SN2201,swp51,,,,QSFP28-100G-DR1,LC-TO-LC-SMF,,,,,,,,,,,,,,
LLDP:  Passed,US-PHX01,c160:017:28,comp-dist-gg1-a1-02-r017-us-west-02b,SN3700,swp3,,,QSFP28-100G-DR1,,US-PHX01,c160:020:40,ipmi-gg1-a1-r020-us-west-02b,SN2201,swp51,,,,QSFP28-100G-DR1,LC-TO-LC-SMF,,,,,,,,,,,,,,
LLDP:  Passed,US-PHX01,c160:017:28,comp-dist-gg1-a1-02-r017-us-west-02b,SN3700,swp4,,,QSFP28-100G-DR1,,US-PHX01,c160:021:40,ipmi-gg1-a1-r021-us-west-02b,SN2201,swp51,,,,QSFP28-100G-DR1,LC-TO-LC-SMF,,,,,,,,,,,,,,
LLDP:  Passed,US-PHX01,c160:017:28,comp-dist-gg1-a1-02-r017-us-west-02b,SN3700,swp5,,,QSFP28-100G-DR1,,US-PHX01,c160:022:40,ipmi-gg1-a1-r022-us-west-02b,SN2201,swp51,,,,QSFP28-100G-DR1,LC-TO-LC-SMF,,,,,,,,,,,,,,
LLDP:  Passed,US-PHX01,c160:017:28,comp-dist-gg1-a1-02-r017-us-west-02b,SN3700,swp6,,,QSFP28-100G-DR1,,US-PHX01,c160:018:38,dpu-gg1-a1-r018-us-west-02b,SN2201,swp51,,,,QSFP28-100G-DR1,LC-TO-LC-SMF,,,,,,,,,,,,,,
LLDP:  Passed,US-PHX01,c160:017:28,comp-dist-gg1-a1-02-r017-us-west-02b,SN3700,swp7,,,QSFP28-100G-DR1,,US-PHX01,c160:019:38,dpu-gg1-a1-r019-us-west-02b,SN2201,swp51,,,,QSFP28-100G-DR1,LC-TO-LC-SMF,,,,,,,,,,,,,,
LLDP:  Passed,US-PHX01,c160:017:28,comp-dist-gg1-a1-02-r017-us-west-02b,SN3700,swp8,,,QSFP28-100G-DR1,,US-PHX01,c160:020:38,dpu-gg1-a1-r020-us-west-02b,SN2201,swp51,,,,QSFP28-100G-DR1,LC-TO-LC-SMF,,,,,,,,,,,,,,
LLDP:  Passed,US-PHX01,c160:017:28,comp-dist-gg1-a1-02-r017-us-west-02b,SN3700,swp9,,,QSFP28-100G-DR1,,US-PHX01,c160:021:38,dpu-gg1-a1-r021-us-west-02b,SN2201,swp51,,,,QSFP28-100G-DR1,LC-TO-LC-SMF,,,,,,,,,,,,,,
LLDP:  Passed,US-PHX01,c160:017:28,comp-dist-gg1-a1-02-r017-us-west-02b,SN3700,swp10,,,QSFP28-100G-DR1,,US-PHX01,c160:022:38,dpu-gg1-a1-r022-us-west-02b,SN2201,swp51,,,,QSFP28-100G-DR1,LC-TO-LC-SMF,,,,,,,,,,,,,,
,,,,,,,,,,,,,,,,,,,,,,,,,,,,,,,,,
,,,,,,,,,,,,,,,,,,,,,,,,,,,,,,,,,
COMP-DIST - GG1-B,,,,,,,,,,,,,,,,,,,,,,,,,,,,,,,,,
LLDP:  Passed,US-PHX01,c160:033:29,comp-dist-gg1-b1-01-r033-us-west-02b,SN3700,swp1,,,QSFP28-100G-DR1,,US-PHX01,c160:033:18,ipmi-gg1-b1-r033-us-west-02b,SN2201,swp49,,,,QSFP28-100G-DR1,LC-TO-LC-SMF,,,,,,,,,,,,,,
LLDP:  Passed,US-PHX01,c160:033:29,comp-dist-gg1-b1-01-r033-us-west-02b,SN3700,swp2,,,QSFP28-100G-DR1,,US-PHX01,c160:049:18,ipmi-gg1-b1-r049-us-west-02b,SN2201,swp49,,,,QSFP28-100G-DR1,LC-TO-LC-SMF,,,,,,,,,,,,,,
LLDP:  Passed,US-PHX01,c160:033:29,comp-dist-gg1-b1-01-r033-us-west-02b,SN3700,swp3,,,QSFP28-100G-DR1,,US-PHX01,c160:065:18,ipmi-gg1-b1-r065-us-west-02b,SN2201,swp49,,,,QSFP28-100G-DR1,LC-TO-LC-SMF,,,,,,,,,,,,,,
LLDP:  Passed,US-PHX01,c160:033:29,comp-dist-gg1-b1-01-r033-us-west-02b,SN3700,swp4,,,QSFP28-100G-DR1,,US-PHX01,c160:081:18,ipmi-gg1-b1-r081-us-west-02b,SN2201,swp49,,,,QSFP28-100G-DR1,LC-TO-LC-SMF,,,,,,,,,,,,,,
LLDP:  Passed,US-PHX01,c160:033:29,comp-dist-gg1-b1-01-r033-us-west-02b,SN3700,swp5,,,QSFP28-100G-DR1,,US-PHX01,c160:033:16,dpu-gg1-b1-r033-us-west-02b,SN2201,swp49,,,,QSFP28-100G-DR1,LC-TO-LC-SMF,,,,,,,,,,,,,,
LLDP:  Passed,US-PHX01,c160:033:29,comp-dist-gg1-b1-01-r033-us-west-02b,SN3700,swp6,,,QSFP28-100G-DR1,,US-PHX01,c160:049:16,dpu-gg1-b1-r049-us-west-02b,SN2201,swp49,,,,QSFP28-100G-DR1,LC-TO-LC-SMF,,,,,,,,,,,,,,
LLDP:  Passed,US-PHX01,c160:033:29,comp-dist-gg1-b1-01-r033-us-west-02b,SN3700,swp7,,,QSFP28-100G-DR1,,US-PHX01,c160:065:16,dpu-gg1-b1-r065-us-west-02b,SN2201,swp49,,,,QSFP28-100G-DR1,LC-TO-LC-SMF,,,,,,,,,,,,,,
LLDP:  Passed,US-PHX01,c160:033:29,comp-dist-gg1-b1-01-r033-us-west-02b,SN3700,swp8,,,QSFP28-100G-DR1,,US-PHX01,c160:081:16,dpu-gg1-b1-r081-us-west-02b,SN2201,swp49,,,,QSFP28-100G-DR1,LC-TO-LC-SMF,,,,,,,,,,,,,,
LLDP:  Passed,US-PHX01,c160:033:29,comp-dist-gg1-b1-01-r033-us-west-02b,SN3700,swp30,,,QSFP28-100G-DR1,,US-PHX01,c160:033:28,comp-dist-gg1-b1-02-r033-us-west-02b,SN3700,swp30,,,,QSFP28-100G-DR1,LC-TO-LC-SMF,,,,,,,,,,,,,,
,,,,,,,,,,,,,,,,,,,,,,,,,,,,,,,,,
LLDP:  Passed,US-PHX01,c160:033:28,comp-dist-gg1-b1-02-r033-us-west-02b,SN3700,swp1,,,QSFP28-100G-DR1,,US-PHX01,c160:033:18,ipmi-gg1-b1-r033-us-west-02b,SN2201,swp51,,,,QSFP28-100G-DR1,LC-TO-LC-SMF,,,,,,,,,,,,,,
LLDP:  Passed,US-PHX01,c160:033:28,comp-dist-gg1-b1-02-r033-us-west-02b,SN3700,swp2,,,QSFP28-100G-DR1,,US-PHX01,c160:049:18,ipmi-gg1-b1-r049-us-west-02b,SN2201,swp51,,,,QSFP28-100G-DR1,LC-TO-LC-SMF,,,,,,,,,,,,,,
LLDP:  Passed,US-PHX01,c160:033:28,comp-dist-gg1-b1-02-r033-us-west-02b,SN3700,swp3,,,QSFP28-100G-DR1,,US-PHX01,c160:065:18,ipmi-gg1-b1-r065-us-west-02b,SN2201,swp51,,,,QSFP28-100G-DR1,LC-TO-LC-SMF,,,,,,,,,,,,,,
LLDP:  Passed,US-PHX01,c160:033:28,comp-dist-gg1-b1-02-r033-us-west-02b,SN3700,swp4,,,QSFP28-100G-DR1,,US-PHX01,c160:081:18,ipmi-gg1-b1-r081-us-west-02b,SN2201,swp51,,,,QSFP28-100G-DR1,LC-TO-LC-SMF,,,,,,,,,,,,,,
LLDP:  Passed,US-PHX01,c160:033:28,comp-dist-gg1-b1-02-r033-us-west-02b,SN3700,swp5,,,QSFP28-100G-DR1,,US-PHX01,c160:033:16,dpu-gg1-b1-r033-us-west-02b,SN2201,swp51,,,,QSFP28-100G-DR1,LC-TO-LC-SMF,,,,,,,,,,,,,,
LLDP:  Passed,US-PHX01,c160:033:28,comp-dist-gg1-b1-02-r033-us-west-02b,SN3700,swp6,,,QSFP28-100G-DR1,,US-PHX01,c160:049:16,dpu-gg1-b1-r049-us-west-02b,SN2201,swp51,,,,QSFP28-100G-DR1,LC-TO-LC-SMF,,,,,,,,,,,,,,
LLDP:  Passed,US-PHX01,c160:033:28,comp-dist-gg1-b1-02-r033-us-west-02b,SN3700,swp7,,,QSFP28-100G-DR1,,US-PHX01,c160:065:16,dpu-gg1-b1-r065-us-west-02b,SN2201,swp51,,,,QSFP28-100G-DR1,LC-TO-LC-SMF,,,,,,,,,,,,,,
LLDP:  Passed,US-PHX01,c160:033:28,comp-dist-gg1-b1-02-r033-us-west-02b,SN3700,swp8,,,QSFP28-100G-DR1,,US-PHX01,c160:081:16,dpu-gg1-b1-r081-us-west-02b,SN2201,swp51,,,,QSFP28-100G-DR1,LC-TO-LC-SMF,,,,,,,,,,,,,,
,,,,,,,,,,,,,,,,,,,,,,,,,,,,,,,,,
,,,,,,,,,,,,,,,,,,,,,,,,,,,,,,,,,
LLDP:  Passed,US-PHX01,c160:097:29,comp-dist-gg1-b2-01-r097-us-west-02b,SN3700,swp1,,,QSFP28-100G-DR1,,US-PHX01,c160:097:18,ipmi-gg1-b2-r097-us-west-02b,SN2201,swp49,,,,QSFP28-100G-DR1,LC-TO-LC-SMF,,,,,,,,,,,,,,
LLDP:  Passed,US-PHX01,c160:097:29,comp-dist-gg1-b2-01-r097-us-west-02b,SN3700,swp2,,,QSFP28-100G-DR1,,US-PHX01,c160:113:39,ipmi-gg1-b2-r113-us-west-02b,SN2201,swp49,,,,QSFP28-100G-DR1,LC-TO-LC-SMF,,,,,,,,,,,,,,
LLDP:  Passed,US-PHX01,c160:097:29,comp-dist-gg1-b2-01-r097-us-west-02b,SN3700,swp3,,,QSFP28-100G-DR1,,US-PHX01,c160:129:18,ipmi-gg1-b2-r129-us-west-02b,SN2201,swp49,,,,QSFP28-100G-DR1,LC-TO-LC-SMF,,,,,,,,,,,,,,
LLDP:  Passed,US-PHX01,c160:097:29,comp-dist-gg1-b2-01-r097-us-west-02b,SN3700,swp4,,,QSFP28-100G-DR1,,US-PHX01,c160:145:18,ipmi-gg1-b2-r145-us-west-02b,SN2201,swp49,,,,QSFP28-100G-DR1,LC-TO-LC-SMF,,,,,,,,,,,,,,
LLDP:  Passed,US-PHX01,c160:097:29,comp-dist-gg1-b2-01-r097-us-west-02b,SN3700,swp5,,,QSFP28-100G-DR1,,US-PHX01,c160:161:18,ipmi-gg1-b2-r161-us-west-02b,SN2201,swp49,,,,QSFP28-100G-DR1,LC-TO-LC-SMF,,,,,,,,,,,,,,
LLDP:  Passed,US-PHX01,c160:097:29,comp-dist-gg1-b2-01-r097-us-west-02b,SN3700,swp6,,,QSFP28-100G-DR1,,US-PHX01,c160:177:39,ipmi-gg1-b2-r177-us-west-02b,SN2201,swp49,,,,QSFP28-100G-DR1,LC-TO-LC-SMF,,,,,,,,,,,,,,
LLDP:  Passed,US-PHX01,c160:097:29,comp-dist-gg1-b2-01-r097-us-west-02b,SN3700,swp7,,,QSFP28-100G-DR1,,US-PHX01,c160:097:16,dpu-gg1-b2-r097-us-west-02b,SN2201,swp49,,,,QSFP28-100G-DR1,LC-TO-LC-SMF,,,,,,,,,,,,,,
LLDP:  Passed,US-PHX01,c160:097:29,comp-dist-gg1-b2-01-r097-us-west-02b,SN3700,swp8,,,QSFP28-100G-DR1,,US-PHX01,c160:113:37,dpu-gg1-b2-r113-us-west-02b,SN2201,swp49,,,,QSFP28-100G-DR1,LC-TO-LC-SMF,,,,,,,,,,,,,,
LLDP:  Passed,US-PHX01,c160:097:29,comp-dist-gg1-b2-01-r097-us-west-02b,SN3700,swp9,,,QSFP28-100G-DR1,,US-PHX01,c160:129:16,dpu-gg1-b2-r129-us-west-02b,SN2201,swp49,,,,QSFP28-100G-DR1,LC-TO-LC-SMF,,,,,,,,,,,,,,
LLDP:  Passed,US-PHX01,c160:097:29,comp-dist-gg1-b2-01-r097-us-west-02b,SN3700,swp10,,,QSFP28-100G-DR1,,US-PHX01,c160:145:16,dpu-gg1-b2-r145-us-west-02b,SN2201,swp49,,,,QSFP28-100G-DR1,LC-TO-LC-SMF,,,,,,,,,,,,,,
LLDP:  Passed,US-PHX01,c160:097:29,comp-dist-gg1-b2-01-r097-us-west-02b,SN3700,swp11,,,QSFP28-100G-DR1,,US-PHX01,c160:161:16,dpu-gg1-b2-r161-us-west-02b,SN2201,swp49,,,,QSFP28-100G-DR1,LC-TO-LC-SMF,,,,,,,,,,,,,,
LLDP:  Passed,US-PHX01,c160:097:29,comp-dist-gg1-b2-01-r097-us-west-02b,SN3700,swp12,,,QSFP28-100G-DR1,,US-PHX01,c160:177:37,dpu-gg1-b2-r177-us-west-02b,SN2201,swp49,,,,QSFP28-100G-DR1,LC-TO-LC-SMF,,,,,,,,,,,,,,
LLDP:  Passed,US-PHX01,c160:097:29,comp-dist-gg1-b2-01-r097-us-west-02b,SN3700,swp30,,,QSFP28-100G-DR1,,US-PHX01,c160:097:28,comp-dist-gg1-b2-02-r097-us-west-02b,SN3700,swp30,,,,QSFP28-100G-DR1,LC-TO-LC-SMF,,,,,,,,,,,,,,
,,,,,,,,,,,,,,,,,,,,,,,,,,,,,,,,,
LLDP:  Passed,US-PHX01,c160:097:28,comp-dist-gg1-b2-02-r097-us-west-02b,SN3700,swp1,,,QSFP28-100G-DR1,,US-PHX01,c160:097:18,ipmi-gg1-b2-r097-us-west-02b,SN2201,swp51,,,,QSFP28-100G-DR1,LC-TO-LC-SMF,,,,,,,,,,,,,,
LLDP:  Passed,US-PHX01,c160:097:28,comp-dist-gg1-b2-02-r097-us-west-02b,SN3700,swp2,,,QSFP28-100G-DR1,,US-PHX01,c160:113:39,ipmi-gg1-b2-r113-us-west-02b,SN2201,swp51,,,,QSFP28-100G-DR1,LC-TO-LC-SMF,,,,,,,,,,,,,,
LLDP:  Passed,US-PHX01,c160:097:28,comp-dist-gg1-b2-02-r097-us-west-02b,SN3700,swp3,,,QSFP28-100G-DR1,,US-PHX01,c160:129:18,ipmi-gg1-b2-r129-us-west-02b,SN2201,swp51,,,,QSFP28-100G-DR1,LC-TO-LC-SMF,,,,,,,,,,,,,,
LLDP:  Passed,US-PHX01,c160:097:28,comp-dist-gg1-b2-02-r097-us-west-02b,SN3700,swp4,,,QSFP28-100G-DR1,,US-PHX01,c160:145:18,ipmi-gg1-b2-r145-us-west-02b,SN2201,swp51,,,,QSFP28-100G-DR1,LC-TO-LC-SMF,,,,,,,,,,,,,,
LLDP:  Passed,US-PHX01,c160:097:28,comp-dist-gg1-b2-02-r097-us-west-02b,SN3700,swp5,,,QSFP28-100G-DR1,,US-PHX01,c160:161:18,ipmi-gg1-b2-r161-us-west-02b,SN2201,swp51,,,,QSFP28-100G-DR1,LC-TO-LC-SMF,,,,,,,,,,,,,,
LLDP:  Passed,US-PHX01,c160:097:28,comp-dist-gg1-b2-02-r097-us-west-02b,SN3700,swp6,,,QSFP28-100G-DR1,,US-PHX01,c160:177:39,ipmi-gg1-b2-r177-us-west-02b,SN2201,swp51,,,,QSFP28-100G-DR1,LC-TO-LC-SMF,,,,,,,,,,,,,,
LLDP:  Passed,US-PHX01,c160:097:28,comp-dist-gg1-b2-02-r097-us-west-02b,SN3700,swp7,,,QSFP28-100G-DR1,,US-PHX01,c160:097:16,dpu-gg1-b2-r097-us-west-02b,SN2201,swp51,,,,QSFP28-100G-DR1,LC-TO-LC-SMF,,,,,,,,,,,,,,
LLDP:  Passed,US-PHX01,c160:097:28,comp-dist-gg1-b2-02-r097-us-west-02b,SN3700,swp8,,,QSFP28-100G-DR1,,US-PHX01,c160:113:37,dpu-gg1-b2-r113-us-west-02b,SN2201,swp51,,,,QSFP28-100G-DR1,LC-TO-LC-SMF,,,,,,,,,,,,,,
LLDP:  Passed,US-PHX01,c160:097:28,comp-dist-gg1-b2-02-r097-us-west-02b,SN3700,swp9,,,QSFP28-100G-DR1,,US-PHX01,c160:129:16,dpu-gg1-b2-r129-us-west-02b,SN2201,swp51,,,,QSFP28-100G-DR1,LC-TO-LC-SMF,,,,,,,,,,,,,,
LLDP:  Passed,US-PHX01,c160:097:28,comp-dist-gg1-b2-02-r097-us-west-02b,SN3700,swp10,,,QSFP28-100G-DR1,,US-PHX01,c160:145:16,dpu-gg1-b2-r145-us-west-02b,SN2201,swp51,,,,QSFP28-100G-DR1,LC-TO-LC-SMF,,,,,,,,,,,,,,
LLDP:  Passed,US-PHX01,c160:097:28,comp-dist-gg1-b2-02-r097-us-west-02b,SN3700,swp11,,,QSFP28-100G-DR1,,US-PHX01,c160:161:16,dpu-gg1-b2-r161-us-west-02b,SN2201,swp51,,,,QSFP28-100G-DR1,LC-TO-LC-SMF,,,,,,,,,,,,,,
LLDP:  Passed,US-PHX01,c160:097:28,comp-dist-gg1-b2-02-r097-us-west-02b,SN3700,swp12,,,QSFP28-100G-DR1,,US-PHX01,c160:177:37,dpu-gg1-b2-r177-us-west-02b,SN2201,swp51,,,,QSFP28-100G-DR1,LC-TO-LC-SMF,,,,,,,,,,,,,,
,,,,,,,,,,,,,,,,,,,,,,,,,,,,,,,,,
,,,,,,,,,,,,,,,,,,,,,,,,,,,,,,,,,
,,,,,,,,,,,,,,,,,,,,,,,,,,,,,,,,,
LLDP:  Passed,US-PHX01,c160:193:29,comp-dist-gg1-b3-01-r193-us-west-02b,SN3700,swp1,,,QSFP28-100G-DR1,,US-PHX01,c160:193:18,ipmi-gg1-b3-r193-us-west-02b,SN2201,swp49,,,,QSFP28-100G-DR1,LC-TO-LC-SMF,,,,,,,,,,,,,,
LLDP:  Passed,US-PHX01,c160:193:29,comp-dist-gg1-b3-01-r193-us-west-02b,SN3700,swp2,,,QSFP28-100G-DR1,,US-PHX01,c160:209:18,ipmi-gg1-b3-r209-us-west-02b,SN2201,swp49,,,,QSFP28-100G-DR1,LC-TO-LC-SMF,,,,,,,,,,,,,,
LLDP:  Passed,US-PHX01,c160:193:29,comp-dist-gg1-b3-01-r193-us-west-02b,SN3700,swp3,,,QSFP28-100G-DR1,,US-PHX01,c160:225:18,ipmi-gg1-b3-r225-us-west-02b,SN2201,swp49,,,,QSFP28-100G-DR1,LC-TO-LC-SMF,,,,,,,,,,,,,,
LLDP:  Passed,US-PHX01,c160:193:29,comp-dist-gg1-b3-01-r193-us-west-02b,SN3700,swp4,,,QSFP28-100G-DR1,,US-PHX01,c160:241:18,ipmi-gg1-b3-r241-us-west-02b,SN2201,swp49,,,,QSFP28-100G-DR1,LC-TO-LC-SMF,,,,,,,,,,,,,,
LLDP:  Passed,US-PHX01,c160:193:29,comp-dist-gg1-b3-01-r193-us-west-02b,SN3700,swp5,,,QSFP28-100G-DR1,,US-PHX01,c160:193:16,dpu-gg1-b3-r193-us-west-02b,SN2201,swp49,,,,QSFP28-100G-DR1,LC-TO-LC-SMF,,,,,,,,,,,,,,
LLDP:  Passed,US-PHX01,c160:193:29,comp-dist-gg1-b3-01-r193-us-west-02b,SN3700,swp6,,,QSFP28-100G-DR1,,US-PHX01,c160:209:16,dpu-gg1-b3-r209-us-west-02b,SN2201,swp49,,,,QSFP28-100G-DR1,LC-TO-LC-SMF,,,,,,,,,,,,,,
LLDP:  Passed,US-PHX01,c160:193:29,comp-dist-gg1-b3-01-r193-us-west-02b,SN3700,swp7,,,QSFP28-100G-DR1,,US-PHX01,c160:225:16,dpu-gg1-b3-r225-us-west-02b,SN2201,swp49,,,,QSFP28-100G-DR1,LC-TO-LC-SMF,,,,,,,,,,,,,,
LLDP:  Passed,US-PHX01,c160:193:29,comp-dist-gg1-b3-01-r193-us-west-02b,SN3700,swp8,,,QSFP28-100G-DR1,,US-PHX01,c160:241:16,dpu-gg1-b3-r241-us-west-02b,SN2201,swp49,,,,QSFP28-100G-DR1,LC-TO-LC-SMF,,,,,,,,,,,,,,
LLDP:  Passed,US-PHX01,c160:193:29,comp-dist-gg1-b3-01-r193-us-west-02b,SN3700,swp30,,,QSFP28-100G-DR1,,US-PHX01,c160:193:28,comp-dist-gg1-b3-02-r193-us-west-02b,SN3700,swp30,,,,QSFP28-100G-DR1,LC-TO-LC-SMF,,,,,,,,,,,,,,
,,,,,,,,,,,,,,,,,,,,,,,,,,,,,,,,,
LLDP:  Passed,US-PHX01,c160:193:28,comp-dist-gg1-b3-02-r193-us-west-02b,SN3700,swp1,,,QSFP28-100G-DR1,,US-PHX01,c160:193:18,ipmi-gg1-b3-r193-us-west-02b,SN2201,swp51,,,,QSFP28-100G-DR1,LC-TO-LC-SMF,,,,,,,,,,,,,,
LLDP:  Passed,US-PHX01,c160:193:28,comp-dist-gg1-b3-02-r193-us-west-02b,SN3700,swp2,,,QSFP28-100G-DR1,,US-PHX01,c160:209:18,ipmi-gg1-b3-r209-us-west-02b,SN2201,swp51,,,,QSFP28-100G-DR1,LC-TO-LC-SMF,,,,,,,,,,,,,,
LLDP:  Passed,US-PHX01,c160:193:28,comp-dist-gg1-b3-02-r193-us-west-02b,SN3700,swp3,,,QSFP28-100G-DR1,,US-PHX01,c160:225:18,ipmi-gg1-b3-r225-us-west-02b,SN2201,swp51,,,,QSFP28-100G-DR1,LC-TO-LC-SMF,,,,,,,,,,,,,,
LLDP:  Passed,US-PHX01,c160:193:28,comp-dist-gg1-b3-02-r193-us-west-02b,SN3700,swp4,,,QSFP28-100G-DR1,,US-PHX01,c160:241:18,ipmi-gg1-b3-r241-us-west-02b,SN2201,swp51,,,,QSFP28-100G-DR1,LC-TO-LC-SMF,,,,,,,,,,,,,,
LLDP:  Passed,US-PHX01,c160:193:28,comp-dist-gg1-b3-02-r193-us-west-02b,SN3700,swp5,,,QSFP28-100G-DR1,,US-PHX01,c160:193:16,dpu-gg1-b3-r193-us-west-02b,SN2201,swp51,,,,QSFP28-100G-DR1,LC-TO-LC-SMF,,,,,,,,,,,,,,
LLDP:  Passed,US-PHX01,c160:193:28,comp-dist-gg1-b3-02-r193-us-west-02b,SN3700,swp6,,,QSFP28-100G-DR1,,US-PHX01,c160:209:16,dpu-gg1-b3-r209-us-west-02b,SN2201,swp51,,,,QSFP28-100G-DR1,LC-TO-LC-SMF,,,,,,,,,,,,,,
LLDP:  Passed,US-PHX01,c160:193:28,comp-dist-gg1-b3-02-r193-us-west-02b,SN3700,swp7,,,QSFP28-100G-DR1,,US-PHX01,c160:225:16,dpu-gg1-b3-r225-us-west-02b,SN2201,swp51,,,,QSFP28-100G-DR1,LC-TO-LC-SMF,,,,,,,,,,,,,,
LLDP:  Passed,US-PHX01,c160:193:28,comp-dist-gg1-b3-02-r193-us-west-02b,SN3700,swp8,,,QSFP28-100G-DR1,,US-PHX01,c160:241:16,dpu-gg1-b3-r241-us-west-02b,SN2201,swp51,,,,QSFP28-100G-DR1,LC-TO-LC-SMF,,,,,,,,,,,,,,
,,,,,,,,,,,,,,,,,,,,,,,,,,,,,,,,,
,,,,,,,,,,,,,,,,,,,,,,,,,,,,,,,,,
COMP-DIST - GG1-C,,,,,,,,,,,,,,,,,,,,,,,,,,,,,,,,,
LLDP:  Passed,US-PHX01,c160:257:29,comp-dist-gg1-c1-01-r257-us-west-02b,SN3700,swp1,,,QSFP28-100G-DR1,,US-PHX01,c160:257:18,ipmi-gg1-c1-r257-us-west-02b,SN2201,swp49,,,,QSFP28-100G-DR1,LC-TO-LC-SMF,,,,,,,,,,,,,,
LLDP:  Passed,US-PHX01,c160:257:29,comp-dist-gg1-c1-01-r257-us-west-02b,SN3700,swp2,,,QSFP28-100G-DR1,,US-PHX01,c160:273:39,ipmi-gg1-c1-r273-us-west-02b,SN2201,swp49,,,,QSFP28-100G-DR1,LC-TO-LC-SMF,,,,,,,,,,,,,,
LLDP:  Passed,US-PHX01,c160:257:29,comp-dist-gg1-c1-01-r257-us-west-02b,SN3700,swp3,,,QSFP28-100G-DR1,,US-PHX01,c160:257:16,dpu-gg1-c1-r257-us-west-02b,SN2201,swp49,,,,QSFP28-100G-DR1,LC-TO-LC-SMF,,,,,,,,,,,,,,
LLDP:  Passed,US-PHX01,c160:257:29,comp-dist-gg1-c1-01-r257-us-west-02b,SN3700,swp4,,,QSFP28-100G-DR1,,US-PHX01,c160:273:37,dpu-gg1-c1-r273-us-west-02b,SN2201,swp49,,,,QSFP28-100G-DR1,LC-TO-LC-SMF,,,,,,,,,,,,,,
LLDP:  Passed,US-PHX01,c160:257:29,comp-dist-gg1-c1-01-r257-us-west-02b,SN3700,swp30,,,QSFP28-100G-DR1,,US-PHX01,c160:257:28,comp-dist-gg1-c1-02-r257-us-west-02b,SN3700,swp30,,,,QSFP28-100G-DR1,LC-TO-LC-SMF,,,,,,,,,,,,,,
,,,,,,,,,,,,,,,,,,,,,,,,,,,,,,,,,
LLDP:  Passed,US-PHX01,c160:257:28,comp-dist-gg1-c1-02-r257-us-west-02b,SN3700,swp1,,,QSFP28-100G-DR1,,US-PHX01,c160:257:18,ipmi-gg1-c1-r257-us-west-02b,SN2201,swp51,,,,QSFP28-100G-DR1,LC-TO-LC-SMF,,,,,,,,,,,,,,
LLDP:  Passed,US-PHX01,c160:257:28,comp-dist-gg1-c1-02-r257-us-west-02b,SN3700,swp2,,,QSFP28-100G-DR1,,US-PHX01,c160:273:39,ipmi-gg1-c1-r273-us-west-02b,SN2201,swp51,,,,QSFP28-100G-DR1,LC-TO-LC-SMF,,,,,,,,,,,,,,
LLDP:  Passed,US-PHX01,c160:257:28,comp-dist-gg1-c1-02-r257-us-west-02b,SN3700,swp3,,,QSFP28-100G-DR1,,US-PHX01,c160:257:16,dpu-gg1-c1-r257-us-west-02b,SN2201,swp51,,,,QSFP28-100G-DR1,LC-TO-LC-SMF,,,,,,,,,,,,,,
LLDP:  Passed,US-PHX01,c160:257:28,comp-dist-gg1-c1-02-r257-us-west-02b,SN3700,swp4,,,QSFP28-100G-DR1,,US-PHX01,c160:273:37,dpu-gg1-c1-r273-us-west-02b,SN2201,swp51,,,,QSFP28-100G-DR1,LC-TO-LC-SMF,,,,,,,,,,,,,,
,,,,,,,,,,,,,,,,,,,,,,,,,,,,,,,,,
,,,,,,,,,,,,,,,,,,,,,,,,,,,,,,,,,
LLDP:  Passed,US-PHX01,c160:289:29,comp-dist-gg1-c2-01-r289-us-west-02b,SN3700,swp1,,,QSFP28-100G-DR1,,US-PHX01,c160:289:18,ipmi-gg1-c2-r289-us-west-02b,SN2201,swp49,,,,QSFP28-100G-DR1,LC-TO-LC-SMF,,,,,,,,,,,,,,
LLDP:  Passed,US-PHX01,c160:289:29,comp-dist-gg1-c2-01-r289-us-west-02b,SN3700,swp2,,,QSFP28-100G-DR1,,US-PHX01,c160:305:39,ipmi-gg1-c2-r305-us-west-02b,SN2201,swp49,,,,QSFP28-100G-DR1,LC-TO-LC-SMF,,,,,,,,,,,,,,
LLDP:  Passed,US-PHX01,c160:289:29,comp-dist-gg1-c2-01-r289-us-west-02b,SN3700,swp3,,,QSFP28-100G-DR1,,US-PHX01,c160:321:39,ipmi-gg1-c2-r321-us-west-02b,SN2201,swp49,,,,QSFP28-100G-DR1,LC-TO-LC-SMF,,,,,,,,,,,,,,
LLDP:  Passed,US-PHX01,c160:289:29,comp-dist-gg1-c2-01-r289-us-west-02b,SN3700,swp4,,,QSFP28-100G-DR1,,US-PHX01,c160:337:39,ipmi-gg1-c2-r337-us-west-02b,SN2201,swp49,,,,QSFP28-100G-DR1,LC-TO-LC-SMF,,,,,,,,,,,,,,
LLDP:  Passed,US-PHX01,c160:289:29,comp-dist-gg1-c2-01-r289-us-west-02b,SN3700,swp5,,,QSFP28-100G-DR1,,US-PHX01,c160:289:16,dpu-gg1-c2-r289-us-west-02b,SN2201,swp49,,,,QSFP28-100G-DR1,LC-TO-LC-SMF,,,,,,,,,,,,,,
LLDP:  Passed,US-PHX01,c160:289:29,comp-dist-gg1-c2-01-r289-us-west-02b,SN3700,swp6,,,QSFP28-100G-DR1,,US-PHX01,c160:305:37,dpu-gg1-c2-r305-us-west-02b,SN2201,swp49,,,,QSFP28-100G-DR1,LC-TO-LC-SMF,,,,,,,,,,,,,,
LLDP:  Passed,US-PHX01,c160:289:29,comp-dist-gg1-c2-01-r289-us-west-02b,SN3700,swp7,,,QSFP28-100G-DR1,,US-PHX01,c160:321:37,dpu-gg1-c2-r321-us-west-02b,SN2201,swp49,,,,QSFP28-100G-DR1,LC-TO-LC-SMF,,,,,,,,,,,,,,
LLDP:  Passed,US-PHX01,c160:289:29,comp-dist-gg1-c2-01-r289-us-west-02b,SN3700,swp8,,,QSFP28-100G-DR1,,US-PHX01,c160:337:37,dpu-gg1-c2-r337-us-west-02b,SN2201,swp49,,,,QSFP28-100G-DR1,LC-TO-LC-SMF,,,,,,,,,,,,,,
LLDP:  Passed,US-PHX01,c160:289:29,comp-dist-gg1-c2-01-r289-us-west-02b,SN3700,swp30,,,QSFP28-100G-DR1,,US-PHX01,c160:289:28,comp-dist-gg1-c2-02-r289-us-west-02b,SN3700,swp30,,,,QSFP28-100G-DR1,LC-TO-LC-SMF,,,,,,,,,,,,,,
,,,,,,,,,,,,,,,,,,,,,,,,,,,,,,,,,
LLDP:  Passed,US-PHX01,c160:289:28,comp-dist-gg1-c2-02-r289-us-west-02b,SN3700,swp1,,,QSFP28-100G-DR1,,US-PHX01,c160:289:18,ipmi-gg1-c2-r289-us-west-02b,SN2201,swp51,,,,QSFP28-100G-DR1,LC-TO-LC-SMF,,,,,,,,,,,,,,
LLDP:  Passed,US-PHX01,c160:289:28,comp-dist-gg1-c2-02-r289-us-west-02b,SN3700,swp2,,,QSFP28-100G-DR1,,US-PHX01,c160:305:39,ipmi-gg1-c2-r305-us-west-02b,SN2201,swp51,,,,QSFP28-100G-DR1,LC-TO-LC-SMF,,,,,,,,,,,,,,
LLDP:  Passed,US-PHX01,c160:289:28,comp-dist-gg1-c2-02-r289-us-west-02b,SN3700,swp3,,,QSFP28-100G-DR1,,US-PHX01,c160:321:39,ipmi-gg1-c2-r321-us-west-02b,SN2201,swp51,,,,QSFP28-100G-DR1,LC-TO-LC-SMF,,,,,,,,,,,,,,
LLDP:  Passed,US-PHX01,c160:289:28,comp-dist-gg1-c2-02-r289-us-west-02b,SN3700,swp4,,,QSFP28-100G-DR1,,US-PHX01,c160:337:39,ipmi-gg1-c2-r337-us-west-02b,SN2201,swp51,,,,QSFP28-100G-DR1,LC-TO-LC-SMF,,,,,,,,,,,,,,
LLDP:  Passed,US-PHX01,c160:289:28,comp-dist-gg1-c2-02-r289-us-west-02b,SN3700,swp5,,,QSFP28-100G-DR1,,US-PHX01,c160:289:16,dpu-gg1-c2-r289-us-west-02b,SN2201,swp51,,,,QSFP28-100G-DR1,LC-TO-LC-SMF,,,,,,,,,,,,,,
LLDP:  Passed,US-PHX01,c160:289:28,comp-dist-gg1-c2-02-r289-us-west-02b,SN3700,swp6,,,QSFP28-100G-DR1,,US-PHX01,c160:305:37,dpu-gg1-c2-r305-us-west-02b,SN2201,swp51,,,,QSFP28-100G-DR1,LC-TO-LC-SMF,,,,,,,,,,,,,,
LLDP:  Passed,US-PHX01,c160:289:28,comp-dist-gg1-c2-02-r289-us-west-02b,SN3700,swp7,,,QSFP28-100G-DR1,,US-PHX01,c160:321:37,dpu-gg1-c2-r321-us-west-02b,SN2201,swp51,,,,QSFP28-100G-DR1,LC-TO-LC-SMF,,,,,,,,,,,,,,
LLDP:  Passed,US-PHX01,c160:289:28,comp-dist-gg1-c2-02-r289-us-west-02b,SN3700,swp8,,,QSFP28-100G-DR1,,US-PHX01,c160:337:37,dpu-gg1-c2-r337-us-west-02b,SN2201,swp51,,,,QSFP28-100G-DR1,LC-TO-LC-SMF,,,,,,,,,,,,,,
,,,,,,,,,,,,,,,,,,,,,,,,,,,,,,,,,
,,,,,,,,,,,,,,,,,,,,,,,,,,,,,,,,,
LLDP:  Passed,US-PHX01,c160:385:29,comp-dist-gg1-c3-01-r385-us-west-02b,SN3700,swp1,,,QSFP28-100G-DR1,,US-PHX01,c160:385:18,ipmi-gg1-c3-r385-us-west-02b,SN2201,swp49,,,,QSFP28-100G-DR1,LC-TO-LC-SMF,,,,,,,,,,,,,,
LLDP:  Passed,US-PHX01,c160:385:29,comp-dist-gg1-c3-01-r385-us-west-02b,SN3700,swp2,,,QSFP28-100G-DR1,,US-PHX01,c160:401:39,ipmi-gg1-c3-r401-us-west-02b,SN2201,swp49,,,,QSFP28-100G-DR1,LC-TO-LC-SMF,,,,,,,,,,,,,,
LLDP:  Passed,US-PHX01,c160:385:29,comp-dist-gg1-c3-01-r385-us-west-02b,SN3700,swp3,,,QSFP28-100G-DR1,,US-PHX01,c160:417:18,ipmi-gg1-c3-r417-us-west-02b,SN2201,swp49,,,,QSFP28-100G-DR1,LC-TO-LC-SMF,,,,,,,,,,,,,,
LLDP:  Passed,US-PHX01,c160:385:29,comp-dist-gg1-c3-01-r385-us-west-02b,SN3700,swp4,,,QSFP28-100G-DR1,,US-PHX01,c160:433:39,ipmi-gg1-c3-r433-us-west-02b,SN2201,swp49,,,,QSFP28-100G-DR1,LC-TO-LC-SMF,,,,,,,,,,,,,,
LLDP:  Passed,US-PHX01,c160:385:29,comp-dist-gg1-c3-01-r385-us-west-02b,SN3700,swp5,,,QSFP28-100G-DR1,,US-PHX01,c160:385:16,dpu-gg1-c3-r385-us-west-02b,SN2201,swp49,,,,QSFP28-100G-DR1,LC-TO-LC-SMF,,,,,,,,,,,,,,
LLDP:  Passed,US-PHX01,c160:385:29,comp-dist-gg1-c3-01-r385-us-west-02b,SN3700,swp6,,,QSFP28-100G-DR1,,US-PHX01,c160:401:37,dpu-gg1-c3-r401-us-west-02b,SN2201,swp49,,,,QSFP28-100G-DR1,LC-TO-LC-SMF,,,,,,,,,,,,,,
LLDP:  Passed,US-PHX01,c160:385:29,comp-dist-gg1-c3-01-r385-us-west-02b,SN3700,swp7,,,QSFP28-100G-DR1,,US-PHX01,c160:417:16,dpu-gg1-c3-r417-us-west-02b,SN2201,swp49,,,,QSFP28-100G-DR1,LC-TO-LC-SMF,,,,,,,,,,,,,,
LLDP:  Passed,US-PHX01,c160:385:29,comp-dist-gg1-c3-01-r385-us-west-02b,SN3700,swp8,,,QSFP28-100G-DR1,,US-PHX01,c160:433:37,dpu-gg1-c3-r433-us-west-02b,SN2201,swp49,,,,QSFP28-100G-DR1,LC-TO-LC-SMF,,,,,,,,,,,,,,
LLDP:  Passed,US-PHX01,c160:385:29,comp-dist-gg1-c3-01-r385-us-west-02b,SN3700,swp30,,,QSFP28-100G-DR1,,US-PHX01,c160:385:28,comp-dist-gg1-c3-02-r385-us-west-02b,SN3700,swp30,,,,QSFP28-100G-DR1,LC-TO-LC-SMF,,,,,,,,,,,,,,
,,,,,,,,,,,,,,,,,,,,,,,,,,,,,,,,,
LLDP:  Passed,US-PHX01,c160:385:28,comp-dist-gg1-c3-02-r385-us-west-02b,SN3700,swp1,,,QSFP28-100G-DR1,,US-PHX01,c160:385:18,ipmi-gg1-c3-r385-us-west-02b,SN2201,swp51,,,,QSFP28-100G-DR1,LC-TO-LC-SMF,,,,,,,,,,,,,,
LLDP:  Passed,US-PHX01,c160:385:28,comp-dist-gg1-c3-02-r385-us-west-02b,SN3700,swp2,,,QSFP28-100G-DR1,,US-PHX01,c160:401:39,ipmi-gg1-c3-r401-us-west-02b,SN2201,swp51,,,,QSFP28-100G-DR1,LC-TO-LC-SMF,,,,,,,,,,,,,,
LLDP:  Passed,US-PHX01,c160:385:28,comp-dist-gg1-c3-02-r385-us-west-02b,SN3700,swp3,,,QSFP28-100G-DR1,,US-PHX01,c160:417:18,ipmi-gg1-c3-r417-us-west-02b,SN2201,swp51,,,,QSFP28-100G-DR1,LC-TO-LC-SMF,,,,,,,,,,,,,,
LLDP:  Passed,US-PHX01,c160:385:28,comp-dist-gg1-c3-02-r385-us-west-02b,SN3700,swp4,,,QSFP28-100G-DR1,,US-PHX01,c160:433:39,ipmi-gg1-c3-r433-us-west-02b,SN2201,swp51,,,,QSFP28-100G-DR1,LC-TO-LC-SMF,,,,,,,,,,,,,,
LLDP:  Passed,US-PHX01,c160:385:28,comp-dist-gg1-c3-02-r385-us-west-02b,SN3700,swp5,,,QSFP28-100G-DR1,,US-PHX01,c160:385:16,dpu-gg1-c3-r385-us-west-02b,SN2201,swp51,,,,QSFP28-100G-DR1,LC-TO-LC-SMF,,,,,,,,,,,,,,
LLDP:  Passed,US-PHX01,c160:385:28,comp-dist-gg1-c3-02-r385-us-west-02b,SN3700,swp6,,,QSFP28-100G-DR1,,US-PHX01,c160:401:37,dpu-gg1-c3-r401-us-west-02b,SN2201,swp51,,,,QSFP28-100G-DR1,LC-TO-LC-SMF,,,,,,,,,,,,,,
LLDP:  Passed,US-PHX01,c160:385:28,comp-dist-gg1-c3-02-r385-us-west-02b,SN3700,swp7,,,QSFP28-100G-DR1,,US-PHX01,c160:417:16,dpu-gg1-c3-r417-us-west-02b,SN2201,swp51,,,,QSFP28-100G-DR1,LC-TO-LC-SMF,,,,,,,,,,,,,,
LLDP:  Passed,US-PHX01,c160:385:28,comp-dist-gg1-c3-02-r385-us-west-02b,SN3700,swp8,,,QSFP28-100G-DR1,,US-PHX01,c160:433:37,dpu-gg1-c3-r433-us-west-02b,SN2201,swp51,,,,QSFP28-100G-DR1,LC-TO-LC-SMF,,,,,,,,,,,,,,
,,,,,,,,,,,,,,,,,,,,,,,,,,,,,,,,,
,,,,,,,,,,,,,,,,,,,,,,,,,,,,,,,,,
LLDP:  Passed,US-PHX01,c160:449:29,comp-dist-gg1-c4-01-r449-us-west-02b,SN3700,swp1,,,QSFP28-100G-DR1,,US-PHX01,c160:449:18,ipmi-gg1-c4-r449-us-west-02b,SN2201,swp49,,,,QSFP28-100G-DR1,LC-TO-LC-SMF,,,,,,,,,,,,,,
LLDP:  Passed,US-PHX01,c160:449:29,comp-dist-gg1-c4-01-r449-us-west-02b,SN3700,swp2,,,QSFP28-100G-DR1,,US-PHX01,c160:465:18,ipmi-gg1-c4-r465-us-west-02b,SN2201,swp49,,,,QSFP28-100G-DR1,LC-TO-LC-SMF,,,,,,,,,,,,,,
LLDP:  Passed,US-PHX01,c160:449:29,comp-dist-gg1-c4-01-r449-us-west-02b,SN3700,swp3,,,QSFP28-100G-DR1,,US-PHX01,c160:481:18,ipmi-gg1-c4-r481-us-west-02b,SN2201,swp49,,,,QSFP28-100G-DR1,LC-TO-LC-SMF,,,,,,,,,,,,,,
LLDP:  Passed,US-PHX01,c160:449:29,comp-dist-gg1-c4-01-r449-us-west-02b,SN3700,swp4,,,QSFP28-100G-DR1,,US-PHX01,c160:497:18,ipmi-gg1-c4-r497-us-west-02b,SN2201,swp49,,,,QSFP28-100G-DR1,LC-TO-LC-SMF,,,,,,,,,,,,,,
LLDP:  Passed,US-PHX01,c160:449:29,comp-dist-gg1-c4-01-r449-us-west-02b,SN3700,swp5,,,QSFP28-100G-DR1,,US-PHX01,c160:449:16,dpu-gg1-c4-r449-us-west-02b,SN2201,swp49,,,,QSFP28-100G-DR1,LC-TO-LC-SMF,,,,,,,,,,,,,,
LLDP:  Passed,US-PHX01,c160:449:29,comp-dist-gg1-c4-01-r449-us-west-02b,SN3700,swp6,,,QSFP28-100G-DR1,,US-PHX01,c160:465:16,dpu-gg1-c4-r465-us-west-02b,SN2201,swp49,,,,QSFP28-100G-DR1,LC-TO-LC-SMF,,,,,,,,,,,,,,
LLDP:  Passed,US-PHX01,c160:449:29,comp-dist-gg1-c4-01-r449-us-west-02b,SN3700,swp7,,,QSFP28-100G-DR1,,US-PHX01,c160:481:16,dpu-gg1-c4-r481-us-west-02b,SN2201,swp49,,,,QSFP28-100G-DR1,LC-TO-LC-SMF,,,,,,,,,,,,,,
LLDP:  Passed,US-PHX01,c160:449:29,comp-dist-gg1-c4-01-r449-us-west-02b,SN3700,swp8,,,QSFP28-100G-DR1,,US-PHX01,c160:497:16,dpu-gg1-c4-r497-us-west-02b,SN2201,swp49,,,,QSFP28-100G-DR1,LC-TO-LC-SMF,,,,,,,,,,,,,,
LLDP:  Passed,US-PHX01,c160:449:29,comp-dist-gg1-c4-01-r449-us-west-02b,SN3700,swp30,,,QSFP28-100G-DR1,,US-PHX01,c160:449:28,comp-dist-gg1-c4-02-r449-us-west-02b,SN3700,swp30,,,,QSFP28-100G-DR1,LC-TO-LC-SMF,,,,,,,,,,,,,,
,,,,,,,,,,,,,,,,,,,,,,,,,,,,,,,,,
LLDP:  Passed,US-PHX01,c160:449:28,comp-dist-gg1-c4-02-r449-us-west-02b,SN3700,swp1,,,QSFP28-100G-DR1,,US-PHX01,c160:449:18,ipmi-gg1-c4-r449-us-west-02b,SN2201,swp51,,,,QSFP28-100G-DR1,LC-TO-LC-SMF,,,,,,,,,,,,,,
LLDP:  Passed,US-PHX01,c160:449:28,comp-dist-gg1-c4-02-r449-us-west-02b,SN3700,swp2,,,QSFP28-100G-DR1,,US-PHX01,c160:465:18,ipmi-gg1-c4-r465-us-west-02b,SN2201,swp51,,,,QSFP28-100G-DR1,LC-TO-LC-SMF,,,,,,,,,,,,,,
LLDP:  Passed,US-PHX01,c160:449:28,comp-dist-gg1-c4-02-r449-us-west-02b,SN3700,swp3,,,QSFP28-100G-DR1,,US-PHX01,c160:481:18,ipmi-gg1-c4-r481-us-west-02b,SN2201,swp51,,,,QSFP28-100G-DR1,LC-TO-LC-SMF,,,,,,,,,,,,,,
LLDP:  Passed,US-PHX01,c160:449:28,comp-dist-gg1-c4-02-r449-us-west-02b,SN3700,swp4,,,QSFP28-100G-DR1,,US-PHX01,c160:497:18,ipmi-gg1-c4-r497-us-west-02b,SN2201,swp51,,,,QSFP28-100G-DR1,LC-TO-LC-SMF,,,,,,,,,,,,,,
LLDP:  Passed,US-PHX01,c160:449:28,comp-dist-gg1-c4-02-r449-us-west-02b,SN3700,swp5,,,QSFP28-100G-DR1,,US-PHX01,c160:449:16,dpu-gg1-c4-r449-us-west-02b,SN2201,swp51,,,,QSFP28-100G-DR1,LC-TO-LC-SMF,,,,,,,,,,,,,,
LLDP:  Passed,US-PHX01,c160:449:28,comp-dist-gg1-c4-02-r449-us-west-02b,SN3700,swp6,,,QSFP28-100G-DR1,,US-PHX01,c160:465:16,dpu-gg1-c4-r465-us-west-02b,SN2201,swp51,,,,QSFP28-100G-DR1,LC-TO-LC-SMF,,,,,,,,,,,,,,
LLDP:  Passed,US-PHX01,c160:449:28,comp-dist-gg1-c4-02-r449-us-west-02b,SN3700,swp7,,,QSFP28-100G-DR1,,US-PHX01,c160:481:16,dpu-gg1-c4-r481-us-west-02b,SN2201,swp51,,,,QSFP28-100G-DR1,LC-TO-LC-SMF,,,,,,,,,,,,,,
LLDP:  Passed,US-PHX01,c160:449:28,comp-dist-gg1-c4-02-r449-us-west-02b,SN3700,swp8,,,QSFP28-100G-DR1,,US-PHX01,c160:497:16,dpu-gg1-c4-r497-us-west-02b,SN2201,swp51,,,,QSFP28-100G-DR1,LC-TO-LC-SMF,,,,,,,,,,,,,,
,,,,,,,,,,,,,,,,,,,,,,,,,,,,,,,,,
,,,,,,,,,,,,,,,,,,,,,,,,,,,,,,,,,
END-OF-ROW MGMT GG1-A1,,,,,,,,,,,,,,,,,,,,,,,,,,,,,,,,,
LLDP:  Passed,US-PHX01,c160:026:20,net-01-c160-gg1-a-r026-us-west-02b,SN2201,swp1,,,,,US-PHX01,c160:026:42,t2a-gg1-a-01-r026-us-west-02b,SN4700,mgmt,,,,,CAT6a,,,,,,,,,,,,,,
LLDP:  Passed,US-PHX01,c160:026:20,net-01-c160-gg1-a-r026-us-west-02b,SN2201,swp2,,,,,US-PHX01,c160:026:41,t2a-gg1-a-02-r026-us-west-02b,SN4700,mgmt,,,,,CAT6a,,,,,,,,,,,,,,
LLDP:  Passed,US-PHX01,c160:026:20,net-01-c160-gg1-a-r026-us-west-02b,SN2201,swp3,,,,,US-PHX01,c160:026:36,t2b-gg1-a-01-r026-us-west-02b,SN4700,mgmt,,,,,CAT6a,,,,,,,,,,,,,,
LLDP:  Passed,US-PHX01,c160:026:20,net-01-c160-gg1-a-r026-us-west-02b,SN2201,swp4,,,,,US-PHX01,c160:026:35,t2b-gg1-a-02-r026-us-west-02b,SN4700,mgmt,,,,,CAT6a,,,,,,,,,,,,,,
LLDP:  Passed,US-PHX01,c160:026:20,net-01-c160-gg1-a-r026-us-west-02b,SN2201,swp5,,,,,US-PHX01,c160:026:17,t2c-gg1-a-01-r026-us-west-02b,SN4700,mgmt,,,,,CAT6a,,,,,,,,,,,,,,
LLDP:  Passed,US-PHX01,c160:026:20,net-01-c160-gg1-a-r026-us-west-02b,SN2201,swp6,,,,,US-PHX01,c160:026:16,t2c-gg1-a-02-r026-us-west-02b,SN4700,mgmt,,,,,CAT6a,,,,,,,,,,,,,,
LLDP:  Passed,US-PHX01,c160:026:20,net-01-c160-gg1-a-r026-us-west-02b,SN2201,swp7,,,,,US-PHX01,c160:026:11,t2d-gg1-a-01-r026-us-west-02b,SN4700,mgmt,,,,,CAT6a,,,,,,,,,,,,,,
LLDP:  Passed,US-PHX01,c160:026:20,net-01-c160-gg1-a-r026-us-west-02b,SN2201,swp8,,,,,US-PHX01,c160:026:10,t2d-gg1-a-02-r026-us-west-02b,SN4700,mgmt,,,,,CAT6a,,,,,,,,,,,,,,
Cable Is Ran: Complete,US-PHX01,c160:026:20,net-01-c160-gg1-a-r026-us-west-02b,SN2201,swp9,,,,,US-PHX01,c160:026:22,con-01-c160-gg1-a-r026-us-west-02b,OM2216-C14,NET1,,,,,CAT6a,,,,,,,,,,,,,,
LLDP:  Passed,US-PHX01,c160:026:20,net-01-c160-gg1-a-r026-us-west-02b,SN2201,swp10,,,,,US-PHX01,c160:017:26,net-dist-gg1-a1-01-r017-us-west-02b,SN3700,mgmt,,,,,CAT6a,,,,,,,,,,,,,,
LLDP:  Passed,US-PHX01,c160:026:20,net-01-c160-gg1-a-r026-us-west-02b,SN2201,swp11,,,,,US-PHX01,c160:017:25,net-dist-gg1-a1-02-r017-us-west-02b,SN3700,mgmt,,,,,CAT6a,,,,,,,,,,,,,,
LLDP:  Passed,US-PHX01,c160:026:20,net-01-c160-gg1-a-r026-us-west-02b,SN2201,swp12,,,,,US-PHX01,c160:017:20,net-01-c160-gg1-a1-r017-us-west-02b,SN2201,mgmt,,,,,CAT6a,,,,,,,,,,,,,,
,,,,,,,,,,,,,,,,,,,,,,,,,,,,,,,,,
LLDP:  Passed,US-PHX01,c160:017:20,net-01-c160-gg1-a1-r017-us-west-02b,SN2201,swp1,,,,,US-PHX01,c160:017:37,t1a-gg1-a1-01-r017-us-west-02b,SN4700,mgmt,,,,,CAT6a,,,,,,,,,,,,,,
LLDP:  Passed,US-PHX01,c160:017:20,net-01-c160-gg1-a1-r017-us-west-02b,SN2201,swp2,,,,,US-PHX01,c160:017:35,t1b-gg1-a1-01-r017-us-west-02b,SN4700,mgmt,,,,,CAT6a,,,,,,,,,,,,,,
LLDP:  Passed,US-PHX01,c160:017:20,net-01-c160-gg1-a1-r017-us-west-02b,SN2201,swp3,,,,,US-PHX01,c160:017:33,t1c-gg1-a1-01-r017-us-west-02b,SN4700,mgmt,,,,,CAT6a,,,,,,,,,,,,,,
LLDP:  Passed,US-PHX01,c160:017:20,net-01-c160-gg1-a1-r017-us-west-02b,SN2201,swp4,,,,,US-PHX01,c160:017:31,t1d-gg1-a1-01-r017-us-west-02b,SN4700,mgmt,,,,,CAT6a,,,,,,,,,,,,,,
LLDP:  Passed,US-PHX01,c160:017:20,net-01-c160-gg1-a1-r017-us-west-02b,SN2201,swp5,,,,,US-PHX01,c160:017:29,comp-dist-gg1-a1-01-r017-us-west-02b,SN3700,mgmt,,,,,CAT6a,,,,,,,,,,,,,,
LLDP:  Passed,US-PHX01,c160:017:20,net-01-c160-gg1-a1-r017-us-west-02b,SN2201,swp6,,,,,US-PHX01,c160:017:28,comp-dist-gg1-a1-02-r017-us-west-02b,SN3700,mgmt,,,,,CAT6a,,,,,,,,,,,,,,
Cable Is Ran: Complete,US-PHX01,c160:017:20,net-01-c160-gg1-a1-r017-us-west-02b,SN2201,swp7,,,,,US-PHX01,c160:017:22,con-01-c160-gg1-a1-r017-us-west-02b,OM2216-C14,NET1,,,,,CAT6a,,,,,,,,,,,,,,
LLDP:  Passed,US-PHX01,c160:017:20,net-01-c160-gg1-a1-r017-us-west-02b,SN2201,swp8,,,,,US-PHX01,c160:017:14,infra-01-gg1-a1-r017-us-west-02b,SN2201,mgmt,,,,,CAT6a,,,,,,,,,,,,,,
LLDP:  Passed,US-PHX01,c160:017:20,net-01-c160-gg1-a1-r017-us-west-02b,SN2201,swp9,,,,,US-PHX01,c160:018:42,net-01-c160-gg1-a1-r018-us-west-02b,SN2201,mgmt,,,,,CAT6a,,,,,,,,,,,,,,
LLDP:  Passed,US-PHX01,c160:017:20,net-01-c160-gg1-a1-r017-us-west-02b,SN2201,swp10,,,,,US-PHX01,c160:019:42,net-01-c160-gg1-a1-r019-us-west-02b,SN2201,mgmt,,,,,CAT6a,,,,,,,,,,,,,,
LLDP:  Passed,US-PHX01,c160:017:20,net-01-c160-gg1-a1-r017-us-west-02b,SN2201,swp11,,,,,US-PHX01,c160:020:42,net-01-c160-gg1-a1-r020-us-west-02b,SN2201,mgmt,,,,,CAT6a,,,,,,,,,,,,,,
LLDP:  Passed,US-PHX01,c160:017:20,net-01-c160-gg1-a1-r017-us-west-02b,SN2201,swp12,,,,,US-PHX01,c160:021:42,net-01-c160-gg1-a1-r021-us-west-02b,SN2201,mgmt,,,,,CAT6a,,,,,,,,,,,,,,
LLDP:  Passed,US-PHX01,c160:017:20,net-01-c160-gg1-a1-r017-us-west-02b,SN2201,swp13,,,,,US-PHX01,c160:022:42,net-01-c160-gg1-a1-r022-us-west-02b,SN2201,mgmt,,,,,CAT6a,,,,,,,,,,,,,,
,,,,,,,,,,,,,,,,,,,,,,,,,,,,,,,,,
,,,,,,,,,,,,,,,,,,,,,,,,,,,,,,,,,
,,,,,,,,,,,,,,,,,,,,,,,,,,,,,,,,,
LLDP:  Passed,US-PHX01,c160:018:42,net-01-c160-gg1-a1-r018-us-west-02b,SN2201,swp1,,,,,US-PHX01,c160:018:48,t0-gg1-a1-01-r018-us-west-02b,SN3700,mgmt,,,,,CAT6a,,,,,,,,,,,,,,
LLDP:  Passed,US-PHX01,c160:018:42,net-01-c160-gg1-a1-r018-us-west-02b,SN2201,swp2,,,,,US-PHX01,c160:018:46,t0-gg1-a1-02-r018-us-west-02b,SN3700,mgmt,,,,,CAT6a,,,,,,,,,,,,,,
Cable Is Ran: Complete,US-PHX01,c160:018:42,net-01-c160-gg1-a1-r018-us-west-02b,SN2201,swp3,,,,,US-PHX01,c160:018:44,con-01-c160-gg1-a1-r018-us-west-02b,OM2216-C14,mgmt,,,,,CAT6a,,,,,,,,,,,,,,
LLDP:  Passed,US-PHX01,c160:018:42,net-01-c160-gg1-a1-r018-us-west-02b,SN2201,swp4,,,,,US-PHX01,c160:018:40,ipmi-gg1-a1-r018-us-west-02b,SN2201,mgmt,,,,,CAT6a,,,,,,,,,,,,,,
LLDP:  Passed,US-PHX01,c160:018:42,net-01-c160-gg1-a1-r018-us-west-02b,SN2201,swp5,,,,,US-PHX01,c160:018:38,dpu-gg1-a1-r018-us-west-02b,SN2201,mgmt,,,,,CAT6a,,,,,,,,,,,,,,
,,,,,,,,,,,,,,,,,,,,,,,,,,,,,,,,,
LLDP:  Passed,US-PHX01,c160:019:42,net-01-c160-gg1-a1-r019-us-west-02b,SN2201,swp1,,,,,US-PHX01,c160:019:48,t0-gg1-a1-01-r019-us-west-02b,SN3700,mgmt,,,,,CAT6a,,,,,,,,,,,,,,
LLDP:  Passed,US-PHX01,c160:019:42,net-01-c160-gg1-a1-r019-us-west-02b,SN2201,swp2,,,,,US-PHX01,c160:019:46,t0-gg1-a1-02-r019-us-west-02b,SN3700,mgmt,,,,,CAT6a,,,,,,,,,,,,,,
Cable Is Ran: Complete,US-PHX01,c160:019:42,net-01-c160-gg1-a1-r019-us-west-02b,SN2201,swp3,,,,,US-PHX01,c160:019:44,con-01-c160-gg1-a1-r019-us-west-02b,OM2216-C14,NET1,,,,,CAT6a,,,,,,,,,,,,,,
LLDP:  Passed,US-PHX01,c160:019:42,net-01-c160-gg1-a1-r019-us-west-02b,SN2201,swp4,,,,,US-PHX01,c160:019:40,ipmi-gg1-a1-r019-us-west-02b,SN2201,mgmt,,,,,CAT6a,,,,,,,,,,,,,,
LLDP:  Passed,US-PHX01,c160:019:42,net-01-c160-gg1-a1-r019-us-west-02b,SN2201,swp5,,,,,US-PHX01,c160:019:38,dpu-gg1-a1-r019-us-west-02b,SN2201,mgmt,,,,,CAT6a,,,,,,,,,,,,,,
,,,,,,,,,,,,,,,,,,,,,,,,,,,,,,,,,
LLDP:  Passed,US-PHX01,c160:020:42,net-01-c160-gg1-a1-r020-us-west-02b,SN2201,swp1,,,,,US-PHX01,c160:020:48,t0-gg1-a1-01-r020-us-west-02b,SN3700,mgmt,,,,,CAT6a,,,,,,,,,,,,,,
LLDP:  Passed,US-PHX01,c160:020:42,net-01-c160-gg1-a1-r020-us-west-02b,SN2201,swp2,,,,,US-PHX01,c160:020:46,t0-gg1-a1-02-r020-us-west-02b,SN3700,mgmt,,,,,CAT6a,,,,,,,,,,,,,,
Cable Is Ran: Complete,US-PHX01,c160:020:42,net-01-c160-gg1-a1-r020-us-west-02b,SN2201,swp3,,,,,US-PHX01,c160:020:44,con-01-c160-gg1-a1-r020-us-west-02b,OM2216-C14,NET1,,,,,CAT6a,,,,,,,,,,,,,,
LLDP:  Passed,US-PHX01,c160:020:42,net-01-c160-gg1-a1-r020-us-west-02b,SN2201,swp4,,,,,US-PHX01,c160:020:40,ipmi-gg1-a1-r020-us-west-02b,SN2201,mgmt,,,,,CAT6a,,,,,,,,,,,,,,
LLDP:  Passed,US-PHX01,c160:020:42,net-01-c160-gg1-a1-r020-us-west-02b,SN2201,swp5,,,,,US-PHX01,c160:020:38,dpu-gg1-a1-r020-us-west-02b,SN2201,mgmt,,,,,CAT6a,,,,,,,,,,,,,,
,,,,,,,,,,,,,,,,,,,,,,,,,,,,,,,,,
LLDP:  Passed,US-PHX01,c160:021:42,net-01-c160-gg1-a1-r021-us-west-02b,SN2201,swp1,,,,,US-PHX01,c160:021:48,t0-gg1-a1-01-r021-us-west-02b,SN3700,mgmt,,,,,CAT6a,,,,,,,,,,,,,,
LLDP:  Passed,US-PHX01,c160:021:42,net-01-c160-gg1-a1-r021-us-west-02b,SN2201,swp2,,,,,US-PHX01,c160:021:46,t0-gg1-a1-02-r021-us-west-02b,SN3700,mgmt,,,,,CAT6a,,,,,,,,,,,,,,
Cable Is Ran: Complete,US-PHX01,c160:021:42,net-01-c160-gg1-a1-r021-us-west-02b,SN2201,swp3,,,,,US-PHX01,c160:021:44,con-01-c160-gg1-a1-r021-us-west-02b,OM2216-C14,NET1,,,,,CAT6a,,,,,,,,,,,,,,
LLDP:  Passed,US-PHX01,c160:021:42,net-01-c160-gg1-a1-r021-us-west-02b,SN2201,swp4,,,,,US-PHX01,c160:021:40,ipmi-gg1-a1-r021-us-west-02b,SN2201,mgmt,,,,,CAT6a,,,,,,,,,,,,,,
LLDP:  Passed,US-PHX01,c160:021:42,net-01-c160-gg1-a1-r021-us-west-02b,SN2201,swp5,,,,,US-PHX01,c160:021:38,dpu-gg1-a1-r021-us-west-02b,SN2201,mgmt,,,,,CAT6a,,,,,,,,,,,,,,
,,,,,,,,,,,,,,,,,,,,,,,,,,,,,,,,,
LLDP:  Passed,US-PHX01,c160:022:42,net-01-c160-gg1-a1-r022-us-west-02b,SN2201,swp1,,,,,US-PHX01,c160:022:48,t0-gg1-a1-01-r022-us-west-02b,SN3700,mgmt,,,,,CAT6a,,,,,,,,,,,,,,
LLDP:  Passed,US-PHX01,c160:022:42,net-01-c160-gg1-a1-r022-us-west-02b,SN2201,swp2,,,,,US-PHX01,c160:022:46,t0-gg1-a1-02-r022-us-west-02b,SN3700,mgmt,,,,,CAT6a,,,,,,,,,,,,,,
Cable Is Ran: Complete,US-PHX01,c160:022:42,net-01-c160-gg1-a1-r022-us-west-02b,SN2201,swp3,,,,,US-PHX01,c160:022:44,con-01-c160-gg1-a1-r022-us-west-02b,OM2216-C14,NET1,,,,,CAT6a,,,,,,,,,,,,,,
LLDP:  Passed,US-PHX01,c160:022:42,net-01-c160-gg1-a1-r022-us-west-02b,SN2201,swp4,,,,,US-PHX01,c160:022:40,ipmi-gg1-a1-r022-us-west-02b,SN2201,mgmt,,,,,CAT6a,,,,,,,,,,,,,,
LLDP:  Passed,US-PHX01,c160:022:42,net-01-c160-gg1-a1-r022-us-west-02b,SN2201,swp5,,,,,US-PHX01,c160:022:38,dpu-gg1-a1-r022-us-west-02b,SN2201,mgmt,,,,,CAT6a,,,,,,,,,,,,,,
,,,,,,,,,,,,,,,,,,,,,,,,,,,,,,,,,
,,,,,,,,,,,,,,,,,,,,,,,,,,,,,,,,,
END-OF-ROW CON GG1-A1,,,,,,,,,,,,,,,,,,,,,,,,,,,,,,,,,
Cable Is Ran: Complete,US-PHX01,c160:017:22,con-01-c160-gg1-a1-r017-us-west-02b,OM2216-C14,1,,,,,US-PHX01,c160:017:37,t1a-gg1-a1-01-r017-us-west-02b,SN4700,console,,,,,CAT6a,,,,,,,,,,,,,,
Cable Is Ran: Complete,US-PHX01,c160:017:22,con-01-c160-gg1-a1-r017-us-west-02b,OM2216-C14,2,,,,,US-PHX01,c160:017:35,t1b-gg1-a1-01-r017-us-west-02b,SN4700,console,,,,,CAT6a,,,,,,,,,,,,,,
Cable Is Ran: Complete,US-PHX01,c160:017:22,con-01-c160-gg1-a1-r017-us-west-02b,OM2216-C14,3,,,,,US-PHX01,c160:017:33,t1c-gg1-a1-01-r017-us-west-02b,SN4700,console,,,,,CAT6a,,,,,,,,,,,,,,
Cable Is Ran: Complete,US-PHX01,c160:017:22,con-01-c160-gg1-a1-r017-us-west-02b,OM2216-C14,4,,,,,US-PHX01,c160:017:31,t1d-gg1-a1-01-r017-us-west-02b,SN4700,console,,,,,CAT6a,,,,,,,,,,,,,,
Cable Is Ran: Complete,US-PHX01,c160:017:22,con-01-c160-gg1-a1-r017-us-west-02b,OM2216-C14,5,,,,,US-PHX01,c160:017:29,comp-dist-gg1-a1-01-r017-us-west-02b,SN3700,console,,,,,CAT6a,,,,,,,,,,,,,,
Cable Is Ran: Complete,US-PHX01,c160:017:22,con-01-c160-gg1-a1-r017-us-west-02b,OM2216-C14,6,,,,,US-PHX01,c160:017:28,comp-dist-gg1-a1-02-r017-us-west-02b,SN3700,console,,,,,CAT6a,,,,,,,,,,,,,,
Cable Is Ran: Complete,US-PHX01,c160:017:22,con-01-c160-gg1-a1-r017-us-west-02b,OM2216-C14,7,,,,,US-PHX01,c160:017:26,net-dist-gg1-a1-01-r017-us-west-02b,SN3700,console,,,,,CAT6a,,,,,,,,,,,,,,
Cable Is Ran: Complete,US-PHX01,c160:017:22,con-01-c160-gg1-a1-r017-us-west-02b,OM2216-C14,8,,,,,US-PHX01,c160:017:25,net-dist-gg1-a1-02-r017-us-west-02b,SN3700,console,,,,,CAT6a,,,,,,,,,,,,,,
Cable Is Ran: Complete,US-PHX01,c160:017:22,con-01-c160-gg1-a1-r017-us-west-02b,OM2216-C14,9,,,,,US-PHX01,c160:017:20,net-01-c160-gg1-a1-r017-us-west-02b,SN2201,console,,,,,CAT6a,,,,,,,,,,,,,,
Cable Is Ran: Complete,US-PHX01,c160:017:22,con-01-c160-gg1-a1-r017-us-west-02b,OM2216-C14,10,,,,,US-PHX01,c160:017:14,infra-01-gg1-a1-r017-us-west-02b,SN2201,console,,,,,CAT6a,,,,,,,,,,,,,,
,,,,,,,,,,,,,,,,,,,,,,,,,,,,,,,,,
Cable Is Ran: Complete,US-PHX01,c160:018:44,con-01-c160-gg1-a1-r018-us-west-02b,OM2216-C14,1,,,,,US-PHX01,c160:018:48,t0-gg1-a1-01-r018-us-west-02b,SN3700,console,,,,,CAT6a,,,,,,,,,,,,,,
Cable Is Ran: Complete,US-PHX01,c160:018:44,con-01-c160-gg1-a1-r018-us-west-02b,OM2216-C14,2,,,,,US-PHX01,c160:018:46,t0-gg1-a1-02-r018-us-west-02b,SN3700,console,,,,,CAT6a,,,,,,,,,,,,,,
Cable Is Ran: Complete,US-PHX01,c160:018:44,con-01-c160-gg1-a1-r018-us-west-02b,OM2216-C14,3,,,,,US-PHX01,c160:018:42,net-01-c160-gg1-a1-r018-us-west-02b,SN2201,console,,,,,CAT6a,,,,,,,,,,,,,,
Cable Is Ran: Complete,US-PHX01,c160:018:44,con-01-c160-gg1-a1-r018-us-west-02b,OM2216-C14,4,,,,,US-PHX01,c160:018:40,ipmi-gg1-a1-r018-us-west-02b,SN2201,console,,,,,CAT6a,,,,,,,,,,,,,,
Cable Is Ran: Complete,US-PHX01,c160:018:44,con-01-c160-gg1-a1-r018-us-west-02b,OM2216-C14,5,,,,,US-PHX01,c160:018:38,dpu-gg1-a1-r018-us-west-02b,SN2201,console,,,,,CAT6a,,,,,,,,,,,,,,
,,,,,,,,,,,,,,,,,,,,,,,,,,,,,,,,,
Cable Is Ran: Complete,US-PHX01,c160:019:44,con-01-c160-gg1-a1-r019-us-west-02b,OM2216-C14,1,,,,,US-PHX01,c160:019:48,t0-gg1-a1-01-r019-us-west-02b,SN3700,console,,,,,CAT6a,,,,,,,,,,,,,,
Cable Is Ran: Complete,US-PHX01,c160:019:44,con-01-c160-gg1-a1-r019-us-west-02b,OM2216-C14,2,,,,,US-PHX01,c160:019:46,t0-gg1-a1-02-r019-us-west-02b,SN3700,console,,,,,CAT6a,,,,,,,,,,,,,,
Cable Is Ran: Complete,US-PHX01,c160:019:44,con-01-c160-gg1-a1-r019-us-west-02b,OM2216-C14,3,,,,,US-PHX01,c160:019:42,net-01-c160-gg1-a1-r019-us-west-02b,SN2201,console,,,,,CAT6a,,,,,,,,,,,,,,
Cable Is Ran: Complete,US-PHX01,c160:019:44,con-01-c160-gg1-a1-r019-us-west-02b,OM2216-C14,4,,,,,US-PHX01,c160:019:40,ipmi-gg1-a1-r019-us-west-02b,SN2201,console,,,,,CAT6a,,,,,,,,,,,,,,
Cable Is Ran: Complete,US-PHX01,c160:019:44,con-01-c160-gg1-a1-r019-us-west-02b,OM2216-C14,5,,,,,US-PHX01,c160:019:38,dpu-gg1-a1-r019-us-west-02b,SN2201,console,,,,,CAT6a,,,,,,,,,,,,,,
,,,,,,,,,,,,,,,,,,,,,,,,,,,,,,,,,
Cable Is Ran: Complete,US-PHX01,c160:020:44,con-01-c160-gg1-a1-r020-us-west-02b,OM2216-C14,1,,,,,US-PHX01,c160:020:48,t0-gg1-a1-01-r020-us-west-02b,SN3700,console,,,,,CAT6a,,,,,,,,,,,,,,
Cable Is Ran: Complete,US-PHX01,c160:020:44,con-01-c160-gg1-a1-r020-us-west-02b,OM2216-C14,2,,,,,US-PHX01,c160:020:46,t0-gg1-a1-02-r020-us-west-02b,SN3700,console,,,,,CAT6a,,,,,,,,,,,,,,
Cable Is Ran: Complete,US-PHX01,c160:020:44,con-01-c160-gg1-a1-r020-us-west-02b,OM2216-C14,3,,,,,US-PHX01,c160:020:42,net-01-c160-gg1-a1-r020-us-west-02b,SN2201,console,,,,,CAT6a,,,,,,,,,,,,,,
Cable Is Ran: Complete,US-PHX01,c160:020:44,con-01-c160-gg1-a1-r020-us-west-02b,OM2216-C14,4,,,,,US-PHX01,c160:020:40,ipmi-gg1-a1-r020-us-west-02b,SN2201,console,,,,,CAT6a,,,,,,,,,,,,,,
Cable Is Ran: Complete,US-PHX01,c160:020:44,con-01-c160-gg1-a1-r020-us-west-02b,OM2216-C14,5,,,,,US-PHX01,c160:020:38,dpu-gg1-a1-r020-us-west-02b,SN2201,console,,,,,CAT6a,,,,,,,,,,,,,,
,,,,,,,,,,,,,,,,,,,,,,,,,,,,,,,,,
Cable Is Ran: Complete,US-PHX01,c160:021:44,con-01-c160-gg1-a1-r021-us-west-02b,OM2216-C14,1,,,,,US-PHX01,c160:021:48,t0-gg1-a1-01-r021-us-west-02b,SN3700,console,,,,,CAT6a,,,,,,,,,,,,,,
Cable Is Ran: Complete,US-PHX01,c160:021:44,con-01-c160-gg1-a1-r021-us-west-02b,OM2216-C14,2,,,,,US-PHX01,c160:021:46,t0-gg1-a1-02-r021-us-west-02b,SN3700,console,,,,,CAT6a,,,,,,,,,,,,,,
Cable Is Ran: Complete,US-PHX01,c160:021:44,con-01-c160-gg1-a1-r021-us-west-02b,OM2216-C14,3,,,,,US-PHX01,c160:021:42,net-01-c160-gg1-a1-r021-us-west-02b,SN2201,console,,,,,CAT6a,,,,,,,,,,,,,,
Cable Is Ran: Complete,US-PHX01,c160:021:44,con-01-c160-gg1-a1-r021-us-west-02b,OM2216-C14,4,,,,,US-PHX01,c160:021:40,ipmi-gg1-a1-r021-us-west-02b,SN2201,console,,,,,CAT6a,,,,,,,,,,,,,,
Cable Is Ran: Complete,US-PHX01,c160:021:44,con-01-c160-gg1-a1-r021-us-west-02b,OM2216-C14,5,,,,,US-PHX01,c160:021:38,dpu-gg1-a1-r021-us-west-02b,SN2201,console,,,,,CAT6a,,,,,,,,,,,,,,
,,,,,,,,,,,,,,,,,,,,,,,,,,,,,,,,,
Cable Is Ran: Complete,US-PHX01,c160:022:44,con-01-c160-gg1-a1-r022-us-west-02b,OM2216-C14,1,,,,,US-PHX01,c160:022:48,t0-gg1-a1-01-r022-us-west-02b,SN3700,console,,,,,CAT6a,,,,,,,,,,,,,,
Cable Is Ran: Complete,US-PHX01,c160:022:44,con-01-c160-gg1-a1-r022-us-west-02b,OM2216-C14,2,,,,,US-PHX01,c160:022:46,t0-gg1-a1-02-r022-us-west-02b,SN3700,console,,,,,CAT6a,,,,,,,,,,,,,,
Cable Is Ran: Complete,US-PHX01,c160:022:44,con-01-c160-gg1-a1-r022-us-west-02b,OM2216-C14,3,,,,,US-PHX01,c160:022:42,net-01-c160-gg1-a1-r022-us-west-02b,SN2201,console,,,,,CAT6a,,,,,,,,,,,,,,
Cable Is Ran: Complete,US-PHX01,c160:022:44,con-01-c160-gg1-a1-r022-us-west-02b,OM2216-C14,4,,,,,US-PHX01,c160:022:40,ipmi-gg1-a1-r022-us-west-02b,SN2201,console,,,,,CAT6a,,,,,,,,,,,,,,
Cable Is Ran: Complete,US-PHX01,c160:022:44,con-01-c160-gg1-a1-r022-us-west-02b,OM2216-C14,5,,,,,US-PHX01,c160:022:38,dpu-gg1-a1-r022-us-west-02b,SN2201,console,,,,,CAT6a,,,,,,,,,,,,,,
,,,,,,,,,,,,,,,,,,,,,,,,,,,,,,,,,
Cable Is Ran: Complete,US-PHX01,c160:026:22,con-01-c160-gg1-a-r026-us-west-02b,OM2216-C14,1,,,,,US-PHX01,c160:026:42,t2a-gg1-a-01-r026-us-west-02b,SN4700,console,,,,,CAT6a,,,,,,,,,,,,,,
Cable Is Ran: Complete,US-PHX01,c160:026:22,con-01-c160-gg1-a-r026-us-west-02b,OM2216-C14,2,,,,,US-PHX01,c160:026:41,t2a-gg1-a-02-r026-us-west-02b,SN4700,console,,,,,CAT6a,,,,,,,,,,,,,,
Cable Is Ran: Complete,US-PHX01,c160:026:22,con-01-c160-gg1-a-r026-us-west-02b,OM2216-C14,3,,,,,US-PHX01,c160:026:36,t2b-gg1-a-01-r026-us-west-02b,SN4700,console,,,,,CAT6a,,,,,,,,,,,,,,
Cable Is Ran: Complete,US-PHX01,c160:026:22,con-01-c160-gg1-a-r026-us-west-02b,OM2216-C14,4,,,,,US-PHX01,c160:026:35,t2b-gg1-a-02-r026-us-west-02b,SN4700,console,,,,,CAT6a,,,,,,,,,,,,,,
Cable Is Ran: Complete,US-PHX01,c160:026:22,con-01-c160-gg1-a-r026-us-west-02b,OM2216-C14,5,,,,,US-PHX01,c160:026:29,comp-agg-gg1-a-01a-r026-us-west-02b,SN3700,console,,,,,CAT6a,,,,,,,,,,,,,,
Cable Is Ran: Complete,US-PHX01,c160:026:22,con-01-c160-gg1-a-r026-us-west-02b,OM2216-C14,6,,,,,US-PHX01,c160:026:28,comp-agg-gg1-a-02a-r026-us-west-02b,SN3700,console,,,,,CAT6a,,,,,,,,,,,,,,
Cable Is Ran: Complete,US-PHX01,c160:026:22,con-01-c160-gg1-a-r026-us-west-02b,OM2216-C14,7,,,,,US-PHX01,c160:026:26,net-agg-gg1-a-01a-r026-us-west-02b,SN3700,console,,,,,CAT6a,,,,,,,,,,,,,,
Cable Is Ran: Complete,US-PHX01,c160:026:22,con-01-c160-gg1-a-r026-us-west-02b,OM2216-C14,8,,,,,US-PHX01,c160:026:25,net-agg-gg1-a-02a-r026-us-west-02b,SN3700,console,,,,,CAT6a,,,,,,,,,,,,,,
Cable Is Ran: Complete,US-PHX01,c160:026:22,con-01-c160-gg1-a-r026-us-west-02b,OM2216-C14,9,,,,,US-PHX01,c160:026:20,net-01-c160-gg1-a-r026-us-west-02b,SN2201,console,,,,,CAT6a,,,,,,,,,,,,,,
Cable Is Ran: Complete,US-PHX01,c160:026:22,con-01-c160-gg1-a-r026-us-west-02b,OM2216-C14,10,,,,,US-PHX01,c160:026:17,t2c-gg1-a-01-r026-us-west-02b,SN4700,console,,,,,CAT6a,,,,,,,,,,,,,,
Cable Is Ran: Complete,US-PHX01,c160:026:22,con-01-c160-gg1-a-r026-us-west-02b,OM2216-C14,11,,,,,US-PHX01,c160:026:16,t2c-gg1-a-02-r026-us-west-02b,SN4700,console,,,,,CAT6a,,,,,,,,,,,,,,
Cable Is Ran: Complete,US-PHX01,c160:026:22,con-01-c160-gg1-a-r026-us-west-02b,OM2216-C14,12,,,,,US-PHX01,c160:026:11,t2d-gg1-a-01-r026-us-west-02b,SN4700,console,,,,,CAT6a,,,,,,,,,,,,,,
Cable Is Ran: Complete,US-PHX01,c160:026:22,con-01-c160-gg1-a-r026-us-west-02b,OM2216-C14,13,,,,,US-PHX01,c160:026:10,t2d-gg1-a-02-r026-us-west-02b,SN4700,console,,,,,CAT6a,,,,,,,,,,,,,,
,,,,,,,,,,,,,,,,,,,,,,,,,,,,,,,,,
,,,,,,,,,,,,,,,,,,,,,,,,,,,,,,,,,
END-OF-ROW MGMT GG1-B1,,,,,,,,,,,,,,,,,,,,,,,,,,,,,,,,,
LLDP:  Passed,US-PHX01,c160:042:20,net-01-c160-gg1-b-r042-us-west-02b,SN2201,swp1,,,,,US-PHX01,c160:042:42,t2a-gg1-b-01-r042-us-west-02b,SN4700,mgmt,,,,,CAT6a,,,,,,,,,,,,,,
LLDP:  Passed,US-PHX01,c160:042:20,net-01-c160-gg1-b-r042-us-west-02b,SN2201,swp2,,,,,US-PHX01,c160:042:41,t2a-gg1-b-02-r042-us-west-02b,SN4700,mgmt,,,,,CAT6a,,,,,,,,,,,,,,
LLDP:  Passed,US-PHX01,c160:042:20,net-01-c160-gg1-b-r042-us-west-02b,SN2201,swp3,,,,,US-PHX01,c160:042:36,t2b-gg1-b-01-r042-us-west-02b,SN4700,mgmt,,,,,CAT6a,,,,,,,,,,,,,,
LLDP:  Passed,US-PHX01,c160:042:20,net-01-c160-gg1-b-r042-us-west-02b,SN2201,swp4,,,,,US-PHX01,c160:042:35,t2b-gg1-b-02-r042-us-west-02b,SN4700,mgmt,,,,,CAT6a,,,,,,,,,,,,,,
LLDP:  Passed,US-PHX01,c160:042:20,net-01-c160-gg1-b-r042-us-west-02b,SN2201,swp5,,,,,US-PHX01,c160:042:17,t2c-gg1-b-01-r042-us-west-02b,SN4700,mgmt,,,,,CAT6a,,,,,,,,,,,,,,
LLDP:  Passed,US-PHX01,c160:042:20,net-01-c160-gg1-b-r042-us-west-02b,SN2201,swp6,,,,,US-PHX01,c160:042:16,t2c-gg1-b-02-r042-us-west-02b,SN4700,mgmt,,,,,CAT6a,,,,,,,,,,,,,,
LLDP:  Passed,US-PHX01,c160:042:20,net-01-c160-gg1-b-r042-us-west-02b,SN2201,swp7,,,,,US-PHX01,c160:042:11,t2d-gg1-b-01-r042-us-west-02b,SN4700,mgmt,,,,,CAT6a,,,,,,,,,,,,,,
LLDP:  Passed,US-PHX01,c160:042:20,net-01-c160-gg1-b-r042-us-west-02b,SN2201,swp8,,,,,US-PHX01,c160:042:10,t2d-gg1-b-02-r042-us-west-02b,SN4700,mgmt,,,,,CAT6a,,,,,,,,,,,,,,
Cable Is Ran: Complete,US-PHX01,c160:042:20,net-01-c160-gg1-b-r042-us-west-02b,SN2201,swp11,,,,,US-PHX01,c160:042:22,con-01-c160-gg1-b-r042-us-west-02b,OM2216-C14,NET1,,,,,CAT6a,,,,,,,,,,,,,,
LLDP:  Passed,US-PHX01,c160:042:20,net-01-c160-gg1-b-r042-us-west-02b,SN2201,swp12,,,,,US-PHX01,c160:033:26,net-dist-gg1-b1-01-r033-us-west-02b,SN3700,mgmt,,,,,CAT6a,,,,,,,,,,,,,,
LLDP:  Passed,US-PHX01,c160:042:20,net-01-c160-gg1-b-r042-us-west-02b,SN2201,swp13,,,,,US-PHX01,c160:033:25,net-dist-gg1-b1-02-r033-us-west-02b,SN3700,mgmt,,,,,CAT6a,,,,,,,,,,,,,,
LLDP:  Passed,US-PHX01,c160:042:20,net-01-c160-gg1-b-r042-us-west-02b,SN2201,swp14,,,,,US-PHX01,c160:097:26,net-dist-gg1-b2-01-r097-us-west-02b,SN3700,mgmt,,,,,CAT6a,,,,,,,,,,,,,,
LLDP:  Passed,US-PHX01,c160:042:20,net-01-c160-gg1-b-r042-us-west-02b,SN2201,swp15,,,,,US-PHX01,c160:097:25,net-dist-gg1-b2-02-r097-us-west-02b,SN3700,mgmt,,,,,CAT6a,,,,,,,,,,,,,,
LLDP:  Passed,US-PHX01,c160:042:20,net-01-c160-gg1-b-r042-us-west-02b,SN2201,swp16,,,,,US-PHX01,c160:193:26,net-dist-gg1-b3-01-r193-us-west-02b,SN3700,mgmt,,,,,CAT6a,,,,,,,,,,,,,,
LLDP:  Passed,US-PHX01,c160:042:20,net-01-c160-gg1-b-r042-us-west-02b,SN2201,swp17,,,,,US-PHX01,c160:193:25,net-dist-gg1-b3-02-r193-us-west-02b,SN3700,mgmt,,,,,CAT6a,,,,,,,,,,,,,,
LLDP:  Passed,US-PHX01,c160:042:20,net-01-c160-gg1-b-r042-us-west-02b,SN2201,swp18,,,,,US-PHX01,c160:033:20,net-01-c160-gg1-b1-r033-us-west-02b,SN2201,mgmt,,,,,CAT6a,,,,,,,,,,,,,,
LLDP:  Passed,US-PHX01,c160:042:20,net-01-c160-gg1-b-r042-us-west-02b,SN2201,swp19,,,,,US-PHX01,c160:097:20,net-01-c160-gg1-b2-r097-us-west-02b,SN2201,mgmt,,,,,CAT6a,,,,,,,,,,,,,,
LLDP:  Passed,US-PHX01,c160:042:20,net-01-c160-gg1-b-r042-us-west-02b,SN2201,swp20,,,,,US-PHX01,c160:193:20,net-01-c160-gg1-b3-r193-us-west-02b,SN2201,mgmt,,,,,CAT6a,,,,,,,,,,,,,,
,,,,,,,,,,,,,,,,,,,,,,,,,,,,,,,,,
LLDP:  Passed,US-PHX01,c160:033:20,net-01-c160-gg1-b1-r033-us-west-02b,SN2201,swp1,,,,,US-PHX01,c160:033:42,t0-gg1-b1-01-r033-us-west-02b,SN4700,mgmt,,,,,CAT6a,,,,,,,,,,,,,,
LLDP:  Passed,US-PHX01,c160:033:20,net-01-c160-gg1-b1-r033-us-west-02b,SN2201,swp2,,,,,US-PHX01,c160:033:40,t0-gg1-b1-02-r033-us-west-02b,SN4700,mgmt,,,,,CAT6a,,,,,,,,,,,,,,
LLDP:  Passed,US-PHX01,c160:033:20,net-01-c160-gg1-b1-r033-us-west-02b,SN2201,swp3,,,,,US-PHX01,c160:033:37,t1a-gg1-b1-01-r033-us-west-02b,SN4700,mgmt,,,,,CAT6a,,,,,,,,,,,,,,
LLDP:  Passed,US-PHX01,c160:033:20,net-01-c160-gg1-b1-r033-us-west-02b,SN2201,swp4,,,,,US-PHX01,c160:033:35,t1b-gg1-b1-01-r033-us-west-02b,SN4700,mgmt,,,,,CAT6a,,,,,,,,,,,,,,
LLDP:  Passed,US-PHX01,c160:033:20,net-01-c160-gg1-b1-r033-us-west-02b,SN2201,swp5,,,,,US-PHX01,c160:033:33,t1c-gg1-b1-01-r033-us-west-02b,SN4700,mgmt,,,,,CAT6a,,,,,,,,,,,,,,
LLDP:  Passed,US-PHX01,c160:033:20,net-01-c160-gg1-b1-r033-us-west-02b,SN2201,swp6,,,,,US-PHX01,c160:033:31,t1d-gg1-b1-01-r033-us-west-02b,SN4700,mgmt,,,,,CAT6a,,,,,,,,,,,,,,
LLDP:  Passed,US-PHX01,c160:033:20,net-01-c160-gg1-b1-r033-us-west-02b,SN2201,swp7,,,,,US-PHX01,c160:033:29,comp-dist-gg1-b1-01-r033-us-west-02b,SN3700,mgmt,,,,,CAT6a,,,,,,,,,,,,,,
LLDP:  Passed,US-PHX01,c160:033:20,net-01-c160-gg1-b1-r033-us-west-02b,SN2201,swp8,,,,,US-PHX01,c160:033:28,comp-dist-gg1-b1-02-r033-us-west-02b,SN3700,mgmt,,,,,CAT6a,,,,,,,,,,,,,,
Cable Is Ran: Complete,US-PHX01,c160:033:20,net-01-c160-gg1-b1-r033-us-west-02b,SN2201,swp9,,,,,US-PHX01,c160:033:22,con-01-c160-gg1-b1-r033-us-west-02b,OM2216-C14,NET1,,,,,CAT6a,,,,,,,,,,,,,,
LLDP:  Passed,US-PHX01,c160:033:20,net-01-c160-gg1-b1-r033-us-west-02b,SN2201,swp10,,,,,US-PHX01,c160:033:18,ipmi-gg1-b1-r033-us-west-02b,SN2201,mgmt,,,,,CAT6a,,,,,,,,,,,,,,
LLDP:  Passed,US-PHX01,c160:033:20,net-01-c160-gg1-b1-r033-us-west-02b,SN2201,swp11,,,,,US-PHX01,c160:033:16,dpu-gg1-b1-r033-us-west-02b,SN2201,mgmt,,,,,CAT6a,,,,,,,,,,,,,,
LLDP:  Failed,US-PHX01,c160:033:20,net-01-c160-gg1-b1-r033-us-west-02b,SN2201,swp12,,,,,US-PHX01,c160:033:14,infra-01-gg1-b1-r033-us-west-02b,SN2201,mgmt,,,,,CAT6a,,,,,,,,,,,,,,
LLDP:  Passed,US-PHX01,c160:033:20,net-01-c160-gg1-b1-r033-us-west-02b,SN2201,swp13,,,,,US-PHX01,c160:049:20,net-01-c160-gg1-b1-r049-us-west-02b,SN2201,mgmt,,,,,CAT6a,,,,,,,,,,,,,,
LLDP:  Passed,US-PHX01,c160:033:20,net-01-c160-gg1-b1-r033-us-west-02b,SN2201,swp14,,,,,US-PHX01,c160:065:20,net-01-c160-gg1-b1-r065-us-west-02b,SN2201,mgmt,,,,,CAT6a,,,,,,,,,,,,,,
LLDP:  Passed,US-PHX01,c160:033:20,net-01-c160-gg1-b1-r033-us-west-02b,SN2201,swp15,,,,,US-PHX01,c160:081:20,net-01-c160-gg1-b1-r081-us-west-02b,SN2201,mgmt,,,,,CAT6a,,,,,,,,,,,,,,
,,,,,,,,,,,,,,,,,,,,,,,,,,,,,,,,,
LLDP:  Passed,US-PHX01,c160:049:20,net-01-c160-gg1-b1-r049-us-west-02b,SN2201,swp1,,,,,US-PHX01,c160:049:42,t0-gg1-b1-01-r049-us-west-02b,SN4700,mgmt,,,,,CAT6a,,,,,,,,,,,,,,
LLDP:  Passed,US-PHX01,c160:049:20,net-01-c160-gg1-b1-r049-us-west-02b,SN2201,swp2,,,,,US-PHX01,c160:049:40,t0-gg1-b1-02-r049-us-west-02b,SN4700,mgmt,,,,,CAT6a,,,,,,,,,,,,,,
Cable Is Ran: Complete,US-PHX01,c160:049:20,net-01-c160-gg1-b1-r049-us-west-02b,SN2201,swp3,,,,,US-PHX01,c160:049:22,con-01-c160-gg1-b1-r049-us-west-02b,OM2216-C14,NET1,,,,,CAT6a,,,,,,,,,,,,,,
LLDP:  Passed,US-PHX01,c160:049:20,net-01-c160-gg1-b1-r049-us-west-02b,SN2201,swp4,,,,,US-PHX01,c160:049:18,ipmi-gg1-b1-r049-us-west-02b,SN2201,mgmt,,,,,CAT6a,,,,,,,,,,,,,,
LLDP:  Passed,US-PHX01,c160:049:20,net-01-c160-gg1-b1-r049-us-west-02b,SN2201,swp5,,,,,US-PHX01,c160:049:16,dpu-gg1-b1-r049-us-west-02b,SN2201,mgmt,,,,,CAT6a,,,,,,,,,,,,,,
LLDP:  Failed,US-PHX01,c160:049:20,net-01-c160-gg1-b1-r049-us-west-02b,SN2201,swp6,,,,,US-PHX01,c160:049:14,infra-01-gg1-b1-r049-us-west-02b,SN2201,mgmt,,,,,CAT6a,,,,,,,,,,,,,,
,,,,,,,,,,,,,,,,,,,,,,,,,,,,,,,,,
LLDP:  Passed,US-PHX01,c160:065:20,net-01-c160-gg1-b1-r065-us-west-02b,SN2201,swp1,,,,,US-PHX01,c160:065:42,t0-gg1-b1-01-r065-us-west-02b,SN4700,mgmt,,,,,CAT6a,,,,,,,,,,,,,,
LLDP:  Passed,US-PHX01,c160:065:20,net-01-c160-gg1-b1-r065-us-west-02b,SN2201,swp2,,,,,US-PHX01,c160:065:40,t0-gg1-b1-02-r065-us-west-02b,SN4700,mgmt,,,,,CAT6a,,,,,,,,,,,,,,
Cable Is Ran: Complete,US-PHX01,c160:065:20,net-01-c160-gg1-b1-r065-us-west-02b,SN2201,swp3,,,,,US-PHX01,c160:065:22,con-01-c160-gg1-b1-r065-us-west-02b,OM2216-C14,NET1,,,,,CAT6a,,,,,,,,,,,,,,
LLDP:  Passed,US-PHX01,c160:065:20,net-01-c160-gg1-b1-r065-us-west-02b,SN2201,swp4,,,,,US-PHX01,c160:065:18,ipmi-gg1-b1-r065-us-west-02b,SN2201,mgmt,,,,,CAT6a,,,,,,,,,,,,,,
LLDP:  Passed,US-PHX01,c160:065:20,net-01-c160-gg1-b1-r065-us-west-02b,SN2201,swp5,,,,,US-PHX01,c160:065:16,dpu-gg1-b1-r065-us-west-02b,SN2201,mgmt,,,,,CAT6a,,,,,,,,,,,,,,
LLDP:  Passed,US-PHX01,c160:065:20,net-01-c160-gg1-b1-r065-us-west-02b,SN2201,swp6,,,,,US-PHX01,c160:065:14,infra-01-gg1-b1-r065-us-west-02b,SN2201,mgmt,,,,,CAT6a,,,,,,,,,,,,,,
,,,,,,,,,,,,,,,,,,,,,,,,,,,,,,,,,
LLDP:  Passed,US-PHX01,c160:081:20,net-01-c160-gg1-b1-r081-us-west-02b,SN2201,swp1,,,,,US-PHX01,c160:081:42,t0-gg1-b1-01-r081-us-west-02b,SN4700,mgmt,,,,,CAT6a,,,,,,,,,,,,,,
LLDP:  Passed,US-PHX01,c160:081:20,net-01-c160-gg1-b1-r081-us-west-02b,SN2201,swp2,,,,,US-PHX01,c160:081:40,t0-gg1-b1-02-r081-us-west-02b,SN4700,mgmt,,,,,CAT6a,,,,,,,,,,,,,,
Cable Is Ran: Complete,US-PHX01,c160:081:20,net-01-c160-gg1-b1-r081-us-west-02b,SN2201,swp3,,,,,US-PHX01,c160:081:22,con-01-c160-gg1-b1-r081-us-west-02b,OM2216-C14,NET1,,,,,CAT6a,,,,,,,,,,,,,,
LLDP:  Passed,US-PHX01,c160:081:20,net-01-c160-gg1-b1-r081-us-west-02b,SN2201,swp4,,,,,US-PHX01,c160:081:18,ipmi-gg1-b1-r081-us-west-02b,SN2201,mgmt,,,,,CAT6a,,,,,,,,,,,,,,
LLDP:  Passed,US-PHX01,c160:081:20,net-01-c160-gg1-b1-r081-us-west-02b,SN2201,swp5,,,,,US-PHX01,c160:081:16,dpu-gg1-b1-r081-us-west-02b,SN2201,mgmt,,,,,CAT6a,,,,,,,,,,,,,,
LLDP:  Passed,US-PHX01,c160:081:20,net-01-c160-gg1-b1-r081-us-west-02b,SN2201,swp6,,,,,US-PHX01,c160:081:14,infra-01-gg1-b1-r081-us-west-02b,SN2201,mgmt,,,,,CAT6a,,,,,,,,,,,,,,
,,,,,,,,,,,,,,,,,,,,,,,,,,,,,,,,,
,,,,,,,,,,,,,,,,,,,,,,,,,,,,,,,,,
END-OF-ROW CON GG1-B1,,,,,,,,,,,,,,,,,,,,,,,,,,,,,,,,,
Cable Is Ran: Complete,US-PHX01,c160:033:22,con-01-c160-gg1-b1-r033-us-west-02b,OM2216-C14,1,,,,,US-PHX01,c160:033:42,t0-gg1-b1-01-r033-us-west-02b,SN4700,console,,,,,CAT6a,,,,,,,,,,,,,,
Cable Is Ran: Complete,US-PHX01,c160:033:22,con-01-c160-gg1-b1-r033-us-west-02b,OM2216-C14,2,,,,,US-PHX01,c160:033:40,t0-gg1-b1-02-r033-us-west-02b,SN4700,console,,,,,CAT6a,,,,,,,,,,,,,,
Cable Is Ran: Complete,US-PHX01,c160:033:22,con-01-c160-gg1-b1-r033-us-west-02b,OM2216-C14,3,,,,,US-PHX01,c160:033:37,t1a-gg1-b1-01-r033-us-west-02b,SN4700,console,,,,,CAT6a,,,,,,,,,,,,,,
Cable Is Ran: Complete,US-PHX01,c160:033:22,con-01-c160-gg1-b1-r033-us-west-02b,OM2216-C14,4,,,,,US-PHX01,c160:033:35,t1b-gg1-b1-01-r033-us-west-02b,SN4700,console,,,,,CAT6a,,,,,,,,,,,,,,
Cable Is Ran: Complete,US-PHX01,c160:033:22,con-01-c160-gg1-b1-r033-us-west-02b,OM2216-C14,5,,,,,US-PHX01,c160:033:33,t1c-gg1-b1-01-r033-us-west-02b,SN4700,console,,,,,CAT6a,,,,,,,,,,,,,,
Cable Is Ran: Complete,US-PHX01,c160:033:22,con-01-c160-gg1-b1-r033-us-west-02b,OM2216-C14,6,,,,,US-PHX01,c160:033:31,t1d-gg1-b1-01-r033-us-west-02b,SN4700,console,,,,,CAT6a,,,,,,,,,,,,,,
Cable Is Ran: Complete,US-PHX01,c160:033:22,con-01-c160-gg1-b1-r033-us-west-02b,OM2216-C14,7,,,,,US-PHX01,c160:033:29,comp-dist-gg1-b1-01-r033-us-west-02b,SN3700,console,,,,,CAT6a,,,,,,,,,,,,,,
Cable Is Ran: Complete,US-PHX01,c160:033:22,con-01-c160-gg1-b1-r033-us-west-02b,OM2216-C14,8,,,,,US-PHX01,c160:033:28,comp-dist-gg1-b1-02-r033-us-west-02b,SN3700,console,,,,,CAT6a,,,,,,,,,,,,,,
Cable Is Ran: Complete,US-PHX01,c160:033:22,con-01-c160-gg1-b1-r033-us-west-02b,OM2216-C14,9,,,,,US-PHX01,c160:033:26,net-dist-gg1-b1-01-r033-us-west-02b,SN3700,console,,,,,CAT6a,,,,,,,,,,,,,,
Cable Is Ran: Complete,US-PHX01,c160:033:22,con-01-c160-gg1-b1-r033-us-west-02b,OM2216-C14,10,,,,,US-PHX01,c160:033:25,net-dist-gg1-b1-02-r033-us-west-02b,SN3700,console,,,,,CAT6a,,,,,,,,,,,,,,
Cable Is Ran: Complete,US-PHX01,c160:033:22,con-01-c160-gg1-b1-r033-us-west-02b,OM2216-C14,11,,,,,US-PHX01,c160:033:20,net-01-c160-gg1-b1-r033-us-west-02b,SN2201,console,,,,,CAT6a,,,,,,,,,,,,,,
Cable Is Ran: Complete,US-PHX01,c160:033:22,con-01-c160-gg1-b1-r033-us-west-02b,OM2216-C14,12,,,,,US-PHX01,c160:033:18,ipmi-gg1-b1-r033-us-west-02b,SN2201,console,,,,,CAT6a,,,,,,,,,,,,,,
Cable Is Ran: Complete,US-PHX01,c160:033:22,con-01-c160-gg1-b1-r033-us-west-02b,OM2216-C14,13,,,,,US-PHX01,c160:033:16,dpu-gg1-b1-r033-us-west-02b,SN2201,console,,,,,CAT6a,,,,,,,,,,,,,,
Cable Is Ran: Complete,US-PHX01,c160:033:22,con-01-c160-gg1-b1-r033-us-west-02b,OM2216-C14,14,,,,,US-PHX01,c160:033:14,infra-01-gg1-b1-r033-us-west-02b,SN2201,console,,,,,CAT6a,,,,,,,,,,,,,,
,,,,,,,,,,,,,,,,,,,,,,,,,,,,,,,,,
Cable Is Ran: Complete,US-PHX01,c160:042:22,con-01-c160-gg1-b-r042-us-west-02b,OM2216-C14,1,,,,,US-PHX01,c160:042:42,t2a-gg1-b-01-r042-us-west-02b,SN4700,console,,,,,CAT6a,,,,,,,,,,,,,,
Cable Is Ran: Complete,US-PHX01,c160:042:22,con-01-c160-gg1-b-r042-us-west-02b,OM2216-C14,2,,,,,US-PHX01,c160:042:41,t2a-gg1-b-02-r042-us-west-02b,SN4700,console,,,,,CAT6a,,,,,,,,,,,,,,
Cable Is Ran: Complete,US-PHX01,c160:042:22,con-01-c160-gg1-b-r042-us-west-02b,OM2216-C14,3,,,,,US-PHX01,c160:042:36,t2b-gg1-b-01-r042-us-west-02b,SN4700,console,,,,,CAT6a,,,,,,,,,,,,,,
Cable Is Ran: Complete,US-PHX01,c160:042:22,con-01-c160-gg1-b-r042-us-west-02b,OM2216-C14,4,,,,,US-PHX01,c160:042:35,t2b-gg1-b-02-r042-us-west-02b,SN4700,console,,,,,CAT6a,,,,,,,,,,,,,,
Cable Is Ran: Complete,US-PHX01,c160:042:22,con-01-c160-gg1-b-r042-us-west-02b,OM2216-C14,5,,,,,US-PHX01,c160:042:29,comp-agg-gg1-b-01a-r042-us-west-02b,SN3700,console,,,,,CAT6a,,,,,,,,,,,,,,
Cable Is Ran: Complete,US-PHX01,c160:042:22,con-01-c160-gg1-b-r042-us-west-02b,OM2216-C14,6,,,,,US-PHX01,c160:042:28,comp-agg-gg1-b-02a-r042-us-west-02b,SN3700,console,,,,,CAT6a,,,,,,,,,,,,,,
Cable Is Ran: Complete,US-PHX01,c160:042:22,con-01-c160-gg1-b-r042-us-west-02b,OM2216-C14,7,,,,,US-PHX01,c160:042:26,net-agg-gg1-b-01a-r042-us-west-02b,SN3700,console,,,,,CAT6a,,,,,,,,,,,,,,
Cable Is Ran: Complete,US-PHX01,c160:042:22,con-01-c160-gg1-b-r042-us-west-02b,OM2216-C14,8,,,,,US-PHX01,c160:042:25,net-agg-gg1-b-02a-r042-us-west-02b,SN3700,console,,,,,CAT6a,,,,,,,,,,,,,,
Cable Is Ran: Complete,US-PHX01,c160:042:22,con-01-c160-gg1-b-r042-us-west-02b,OM2216-C14,9,,,,,US-PHX01,c160:042:20,net-01-c160-gg1-b-r042-us-west-02b,SN2201,console,,,,,CAT6a,,,,,,,,,,,,,,
Cable Is Ran: Complete,US-PHX01,c160:042:22,con-01-c160-gg1-b-r042-us-west-02b,OM2216-C14,10,,,,,US-PHX01,c160:042:17,t2c-gg1-b-01-r042-us-west-02b,SN4700,console,,,,,CAT6a,,,,,,,,,,,,,,
Cable Is Ran: Complete,US-PHX01,c160:042:22,con-01-c160-gg1-b-r042-us-west-02b,OM2216-C14,11,,,,,US-PHX01,c160:042:16,t2c-gg1-b-02-r042-us-west-02b,SN4700,console,,,,,CAT6a,,,,,,,,,,,,,,
Cable Is Ran: Complete,US-PHX01,c160:042:22,con-01-c160-gg1-b-r042-us-west-02b,OM2216-C14,12,,,,,US-PHX01,c160:042:11,t2d-gg1-b-01-r042-us-west-02b,SN4700,console,,,,,CAT6a,,,,,,,,,,,,,,
Cable Is Ran: Complete,US-PHX01,c160:042:22,con-01-c160-gg1-b-r042-us-west-02b,OM2216-C14,13,,,,,US-PHX01,c160:042:10,t2d-gg1-b-02-r042-us-west-02b,SN4700,console,,,,,CAT6a,,,,,,,,,,,,,,
,,,,,,,,,,,,,,,,,,,,,,,,,,,,,,,,,
Cable Is Ran: Complete,US-PHX01,c160:049:22,con-01-c160-gg1-b1-r049-us-west-02b,OM2216-C14,1,,,,,US-PHX01,c160:049:42,t0-gg1-b1-01-r049-us-west-02b,SN4700,console,,,,,CAT6a,,,,,,,,,,,,,,
Cable Is Ran: Complete,US-PHX01,c160:049:22,con-01-c160-gg1-b1-r049-us-west-02b,OM2216-C14,2,,,,,US-PHX01,c160:049:40,t0-gg1-b1-02-r049-us-west-02b,SN4700,console,,,,,CAT6a,,,,,,,,,,,,,,
Cable Is Ran: Complete,US-PHX01,c160:049:22,con-01-c160-gg1-b1-r049-us-west-02b,OM2216-C14,3,,,,,US-PHX01,c160:049:20,net-01-c160-gg1-b1-r049-us-west-02b,SN2201,console,,,,,CAT6a,,,,,,,,,,,,,,
Cable Is Ran: Complete,US-PHX01,c160:049:22,con-01-c160-gg1-b1-r049-us-west-02b,OM2216-C14,4,,,,,US-PHX01,c160:049:18,ipmi-gg1-b1-r049-us-west-02b,SN2201,console,,,,,CAT6a,,,,,,,,,,,,,,
Cable Is Ran: Complete,US-PHX01,c160:049:22,con-01-c160-gg1-b1-r049-us-west-02b,OM2216-C14,5,,,,,US-PHX01,c160:049:16,dpu-gg1-b1-r049-us-west-02b,SN2201,console,,,,,CAT6a,,,,,,,,,,,,,,
Cable Is Ran: Complete,US-PHX01,c160:049:22,con-01-c160-gg1-b1-r049-us-west-02b,OM2216-C14,6,,,,,US-PHX01,c160:049:14,infra-01-gg1-b1-r049-us-west-02b,SN2201,console,,,,,CAT6a,,,,,,,,,,,,,,
,,,,,,,,,,,,,,,,,,,,,,,,,,,,,,,,,
Cable Is Ran: Complete,US-PHX01,c160:065:22,con-01-c160-gg1-b1-r065-us-west-02b,OM2216-C14,1,,,,,US-PHX01,c160:065:42,t0-gg1-b1-01-r065-us-west-02b,SN4700,console,,,,,CAT6a,,,,,,,,,,,,,,
Cable Is Ran: Complete,US-PHX01,c160:065:22,con-01-c160-gg1-b1-r065-us-west-02b,OM2216-C14,2,,,,,US-PHX01,c160:065:40,t0-gg1-b1-02-r065-us-west-02b,SN4700,console,,,,,CAT6a,,,,,,,,,,,,,,
Cable Is Ran: Complete,US-PHX01,c160:065:22,con-01-c160-gg1-b1-r065-us-west-02b,OM2216-C14,3,,,,,US-PHX01,c160:065:20,net-01-c160-gg1-b1-r065-us-west-02b,SN2201,console,,,,,CAT6a,,,,,,,,,,,,,,
Cable Is Ran: Complete,US-PHX01,c160:065:22,con-01-c160-gg1-b1-r065-us-west-02b,OM2216-C14,4,,,,,US-PHX01,c160:065:18,ipmi-gg1-b1-r065-us-west-02b,SN2201,console,,,,,CAT6a,,,,,,,,,,,,,,
Cable Is Ran: Complete,US-PHX01,c160:065:22,con-01-c160-gg1-b1-r065-us-west-02b,OM2216-C14,5,,,,,US-PHX01,c160:065:16,dpu-gg1-b1-r065-us-west-02b,SN2201,console,,,,,CAT6a,,,,,,,,,,,,,,
Cable Is Ran: Complete,US-PHX01,c160:065:22,con-01-c160-gg1-b1-r065-us-west-02b,OM2216-C14,6,,,,,US-PHX01,c160:065:14,infra-01-gg1-b1-r065-us-west-02b,SN2201,console,,,,,CAT6a,,,,,,,,,,,,,,
,,,,,,,,,,,,,,,,,,,,,,,,,,,,,,,,,
Cable Is Ran: Complete,US-PHX01,c160:081:22,con-01-c160-gg1-b1-r081-us-west-02b,OM2216-C14,1,,,,,US-PHX01,c160:081:42,t0-gg1-b1-01-r081-us-west-02b,SN4700,console,,,,,CAT6a,,,,,,,,,,,,,,
Cable Is Ran: Complete,US-PHX01,c160:081:22,con-01-c160-gg1-b1-r081-us-west-02b,OM2216-C14,2,,,,,US-PHX01,c160:081:40,t0-gg1-b1-02-r081-us-west-02b,SN4700,console,,,,,CAT6a,,,,,,,,,,,,,,
Cable Is Ran: Complete,US-PHX01,c160:081:22,con-01-c160-gg1-b1-r081-us-west-02b,OM2216-C14,3,,,,,US-PHX01,c160:081:20,net-01-c160-gg1-b1-r081-us-west-02b,SN2201,console,,,,,CAT6a,,,,,,,,,,,,,,
Cable Is Ran: Complete,US-PHX01,c160:081:22,con-01-c160-gg1-b1-r081-us-west-02b,OM2216-C14,4,,,,,US-PHX01,c160:081:18,ipmi-gg1-b1-r081-us-west-02b,SN2201,console,,,,,CAT6a,,,,,,,,,,,,,,
Cable Is Ran: Complete,US-PHX01,c160:081:22,con-01-c160-gg1-b1-r081-us-west-02b,OM2216-C14,5,,,,,US-PHX01,c160:081:16,dpu-gg1-b1-r081-us-west-02b,SN2201,console,,,,,CAT6a,,,,,,,,,,,,,,
Cable Is Ran: Complete,US-PHX01,c160:081:22,con-01-c160-gg1-b1-r081-us-west-02b,OM2216-C14,6,,,,,US-PHX01,c160:081:14,infra-01-gg1-b1-r081-us-west-02b,SN2201,console,,,,,CAT6a,,,,,,,,,,,,,,
,,,,,,,,,,,,,,,,,,,,,,,,,,,,,,,,,
,,,,,,,,,,,,,,,,,,,,,,,,,,,,,,,,,
END-OF-ROW MGMT GG1-B2,,,,,,,,,,,,,,,,,,,,,,,,,,,,,,,,,
LLDP:  Passed,US-PHX01,c160:097:20,net-01-c160-gg1-b2-r097-us-west-02b,SN2201,swp1,,,,,US-PHX01,c160:097:42,t0-gg1-b2-01-r097-us-west-02b,SN4700,mgmt,,,,,CAT6a,,,,,,,,,,,,,,
LLDP:  Passed,US-PHX01,c160:097:20,net-01-c160-gg1-b2-r097-us-west-02b,SN2201,swp2,,,,,US-PHX01,c160:097:40,t0-gg1-b2-02-r097-us-west-02b,SN4700,mgmt,,,,,CAT6a,,,,,,,,,,,,,,
LLDP:  Passed,US-PHX01,c160:097:20,net-01-c160-gg1-b2-r097-us-west-02b,SN2201,swp3,,,,,US-PHX01,c160:097:37,t1a-gg1-b2-01-r097-us-west-02b,SN4700,mgmt,,,,,CAT6a,,,,,,,,,,,,,,
LLDP:  Passed,US-PHX01,c160:097:20,net-01-c160-gg1-b2-r097-us-west-02b,SN2201,swp4,,,,,US-PHX01,c160:097:35,t1b-gg1-b2-01-r097-us-west-02b,SN4700,mgmt,,,,,CAT6a,,,,,,,,,,,,,,
LLDP:  Passed,US-PHX01,c160:097:20,net-01-c160-gg1-b2-r097-us-west-02b,SN2201,swp5,,,,,US-PHX01,c160:097:33,t1c-gg1-b2-01-r097-us-west-02b,SN4700,mgmt,,,,,CAT6a,,,,,,,,,,,,,,
LLDP:  Passed,US-PHX01,c160:097:20,net-01-c160-gg1-b2-r097-us-west-02b,SN2201,swp6,,,,,US-PHX01,c160:097:31,t1d-gg1-b2-01-r097-us-west-02b,SN4700,mgmt,,,,,CAT6a,,,,,,,,,,,,,,
LLDP:  Passed,US-PHX01,c160:097:20,net-01-c160-gg1-b2-r097-us-west-02b,SN2201,swp7,,,,,US-PHX01,c160:097:29,comp-dist-gg1-b2-01-r097-us-west-02b,SN3700,mgmt,,,,,CAT6a,,,,,,,,,,,,,,
LLDP:  Passed,US-PHX01,c160:097:20,net-01-c160-gg1-b2-r097-us-west-02b,SN2201,swp8,,,,,US-PHX01,c160:097:28,comp-dist-gg1-b2-02-r097-us-west-02b,SN3700,mgmt,,,,,CAT6a,,,,,,,,,,,,,,
Cable Is Ran: Complete,US-PHX01,c160:097:20,net-01-c160-gg1-b2-r097-us-west-02b,SN2201,swp11,,,,,US-PHX01,c160:097:22,con-01-c160-gg1-b2-r097-us-west-02b,OM2216-C14,NET1,,,,,CAT6a,,,,,,,,,,,,,,
LLDP:  Passed,US-PHX01,c160:097:20,net-01-c160-gg1-b2-r097-us-west-02b,SN2201,swp12,,,,,US-PHX01,c160:097:18,ipmi-gg1-b2-r097-us-west-02b,SN2201,mgmt,,,,,CAT6a,,,,,,,,,,,,,,
LLDP:  Passed,US-PHX01,c160:097:20,net-01-c160-gg1-b2-r097-us-west-02b,SN2201,swp13,,,,,US-PHX01,c160:097:16,dpu-gg1-b2-r097-us-west-02b,SN2201,mgmt,,,,,CAT6a,,,,,,,,,,,,,,
LLDP:  Failed,US-PHX01,c160:097:20,net-01-c160-gg1-b2-r097-us-west-02b,SN2201,swp14,,,,,US-PHX01,c160:097:14,infra-01-gg1-b2-r097-us-west-02b,SN2201,mgmt,,,,,CAT6a,,,,,,,,,,,,,,
LLDP:  Passed,US-PHX01,c160:097:20,net-01-c160-gg1-b2-r097-us-west-02b,SN2201,swp15,,,,,US-PHX01,c160:113:20,net-01-c160-gg1-b2-r113-us-west-02b,SN2201,mgmt,,,,,CAT6a,,,,,,,,,,,,,,
LLDP:  Passed,US-PHX01,c160:097:20,net-01-c160-gg1-b2-r097-us-west-02b,SN2201,swp16,,,,,US-PHX01,c160:129:20,net-01-c160-gg1-b2-r129-us-west-02b,SN2201,mgmt,,,,,CAT6a,,,,,,,,,,,,,,
LLDP:  Passed,US-PHX01,c160:097:20,net-01-c160-gg1-b2-r097-us-west-02b,SN2201,swp17,,,,,US-PHX01,c160:145:20,net-01-c160-gg1-b2-r145-us-west-02b,SN2201,mgmt,,,,,CAT6a,,,,,,,,,,,,,,
LLDP:  Passed,US-PHX01,c160:097:20,net-01-c160-gg1-b2-r097-us-west-02b,SN2201,swp18,,,,,US-PHX01,c160:161:20,net-01-c160-gg1-b2-r161-us-west-02b,SN2201,mgmt,,,,,CAT6a,,,,,,,,,,,,,,
LLDP:  Passed,US-PHX01,c160:097:20,net-01-c160-gg1-b2-r097-us-west-02b,SN2201,swp19,,,,,US-PHX01,c160:177:20,net-01-c160-gg1-b2-r177-us-west-02b,SN2201,mgmt,,,,,CAT6a,,,,,,,,,,,,,,
,,,,,,,,,,,,,,,,,,,,,,,,,,,,,,,,,
LLDP:  Passed,US-PHX01,c160:113:20,net-01-c160-gg1-b2-r113-us-west-02b,SN2201,swp1,,,,,US-PHX01,c160:113:44,t0-gg1-b2-01-r113-us-west-02b,SN4700,mgmt,,,,,CAT6a,,,,,,,,,,,,,,
LLDP:  Passed,US-PHX01,c160:113:20,net-01-c160-gg1-b2-r113-us-west-02b,SN2201,swp2,,,,,US-PHX01,c160:113:42,t0-gg1-b2-02-r113-us-west-02b,SN4700,mgmt,,,,,CAT6a,,,,,,,,,,,,,,
Cable Is Ran: Complete,US-PHX01,c160:113:20,net-01-c160-gg1-b2-r113-us-west-02b,SN2201,swp3,,,,,US-PHX01,c160:113:22,con-01-c160-gg1-b2-r113-us-west-02b,OM2216-C14,NET1,,,,,CAT6a,,,,,,,,,,,,,,
LLDP:  Passed,US-PHX01,c160:113:20,net-01-c160-gg1-b2-r113-us-west-02b,SN2201,swp4,,,,,US-PHX01,c160:113:39,ipmi-gg1-b2-r113-us-west-02b,SN2201,mgmt,,,,,CAT6a,,,,,,,,,,,,,,
LLDP:  Passed,US-PHX01,c160:113:20,net-01-c160-gg1-b2-r113-us-west-02b,SN2201,swp5,,,,,US-PHX01,c160:113:37,dpu-gg1-b2-r113-us-west-02b,SN2201,mgmt,,,,,CAT6a,,,,,,,,,,,,,,
LLDP:  Failed,US-PHX01,c160:113:20,net-01-c160-gg1-b2-r113-us-west-02b,SN2201,swp6,,,,,US-PHX01,c160:113:14,infra-01-gg1-b2-r113-us-west-02b,SN2201,mgmt,,,,,CAT6a,,,,,,,,,,,,,,
,,,,,,,,,,,,,,,,,,,,,,,,,,,,,,,,,
LLDP:  Passed,US-PHX01,c160:129:20,net-01-c160-gg1-b2-r129-us-west-02b,SN2201,swp1,,,,,US-PHX01,c160:129:42,t0-gg1-b2-01-r129-us-west-02b,SN4700,mgmt,,,,,CAT6a,,,,,,,,,,,,,,
LLDP:  Passed,US-PHX01,c160:129:20,net-01-c160-gg1-b2-r129-us-west-02b,SN2201,swp2,,,,,US-PHX01,c160:129:40,t0-gg1-b2-02-r129-us-west-02b,SN4700,mgmt,,,,,CAT6a,,,,,,,,,,,,,,
Cable Is Ran: Complete,US-PHX01,c160:129:20,net-01-c160-gg1-b2-r129-us-west-02b,SN2201,swp3,,,,,US-PHX01,c160:129:22,con-01-c160-gg1-b2-r129-us-west-02b,OM2216-C14,NET1,,,,,CAT6a,,,,,,,,,,,,,,
LLDP:  Passed,US-PHX01,c160:129:20,net-01-c160-gg1-b2-r129-us-west-02b,SN2201,swp4,,,,,US-PHX01,c160:129:18,ipmi-gg1-b2-r129-us-west-02b,SN2201,mgmt,,,,,CAT6a,,,,,,,,,,,,,,
LLDP:  Passed,US-PHX01,c160:129:20,net-01-c160-gg1-b2-r129-us-west-02b,SN2201,swp5,,,,,US-PHX01,c160:129:16,dpu-gg1-b2-r129-us-west-02b,SN2201,mgmt,,,,,CAT6a,,,,,,,,,,,,,,
LLDP:  Passed,US-PHX01,c160:129:20,net-01-c160-gg1-b2-r129-us-west-02b,SN2201,swp6,,,,,US-PHX01,c160:129:14,infra-01-gg1-b2-r129-us-west-02b,SN2201,mgmt,,,,,CAT6a,,,,,,,,,,,,,,
,,,,,,,,,,,,,,,,,,,,,,,,,,,,,,,,,
LLDP:  Passed,US-PHX01,c160:145:20,net-01-c160-gg1-b2-r145-us-west-02b,SN2201,swp1,,,,,US-PHX01,c160:145:44,t0-gg1-b2-01-r145-us-west-02b,SN4700,mgmt,,,,,CAT6a,,,,,,,,,,,,,,
LLDP:  Passed,US-PHX01,c160:145:20,net-01-c160-gg1-b2-r145-us-west-02b,SN2201,swp2,,,,,US-PHX01,c160:145:42,t0-gg1-b2-02-r145-us-west-02b,SN4700,mgmt,,,,,CAT6a,,,,,,,,,,,,,,
Cable Is Ran: Complete,US-PHX01,c160:145:20,net-01-c160-gg1-b2-r145-us-west-02b,SN2201,swp3,,,,,US-PHX01,c160:145:22,con-01-c160-gg1-b2-r145-us-west-02b,OM2216-C14,NET1,,,,,CAT6a,,,,,,,,,,,,,,
LLDP:  Passed,US-PHX01,c160:145:20,net-01-c160-gg1-b2-r145-us-west-02b,SN2201,swp4,,,,,US-PHX01,c160:145:39,ipmi-gg1-b2-r145-us-west-02b,SN2201,mgmt,,,,,CAT6a,,,,,,,,,,,,,,
LLDP:  Passed,US-PHX01,c160:145:20,net-01-c160-gg1-b2-r145-us-west-02b,SN2201,swp5,,,,,US-PHX01,c160:145:37,dpu-gg1-b2-r145-us-west-02b,SN2201,mgmt,,,,,CAT6a,,,,,,,,,,,,,,
LLDP:  Failed,US-PHX01,c160:145:20,net-01-c160-gg1-b2-r145-us-west-02b,SN2201,swp6,,,,,US-PHX01,c160:145:14,infra-01-gg1-b2-r145-us-west-02b,SN2201,mgmt,,,,,CAT6a,,,,,,,,,,,,,,
,,,,,,,,,,,,,,,,,,,,,,,,,,,,,,,,,
LLDP:  Passed,US-PHX01,c160:161:20,net-01-c160-gg1-b2-r161-us-west-02b,SN2201,swp1,,,,,US-PHX01,c160:161:42,t0-gg1-b2-01-r161-us-west-02b,SN4700,mgmt,,,,,CAT6a,,,,,,,,,,,,,,
LLDP:  Passed,US-PHX01,c160:161:20,net-01-c160-gg1-b2-r161-us-west-02b,SN2201,swp2,,,,,US-PHX01,c160:161:40,t0-gg1-b2-02-r161-us-west-02b,SN4700,mgmt,,,,,CAT6a,,,,,,,,,,,,,,
Cable Is Ran: Complete,US-PHX01,c160:161:20,net-01-c160-gg1-b2-r161-us-west-02b,SN2201,swp3,,,,,US-PHX01,c160:161:22,con-01-c160-gg1-b2-r161-us-west-02b,OM2216-C14,NET1,,,,,CAT6a,,,,,,,,,,,,,,
LLDP:  Passed,US-PHX01,c160:161:20,net-01-c160-gg1-b2-r161-us-west-02b,SN2201,swp4,,,,,US-PHX01,c160:161:18,ipmi-gg1-b2-r161-us-west-02b,SN2201,mgmt,,,,,CAT6a,,,,,,,,,,,,,,
LLDP:  Passed,US-PHX01,c160:161:20,net-01-c160-gg1-b2-r161-us-west-02b,SN2201,swp5,,,,,US-PHX01,c160:161:16,dpu-gg1-b2-r161-us-west-02b,SN2201,mgmt,,,,,CAT6a,,,,,,,,,,,,,,
LLDP:  Passed,US-PHX01,c160:161:20,net-01-c160-gg1-b2-r161-us-west-02b,SN2201,swp6,,,,,US-PHX01,c160:161:14,infra-01-gg1-b2-r161-us-west-02b,SN2201,mgmt,,,,,CAT6a,,,,,,,,,,,,,,
,,,,,,,,,,,,,,,,,,,,,,,,,,,,,,,,,
LLDP:  Passed,US-PHX01,c160:177:20,net-01-c160-gg1-b2-r177-us-west-02b,SN2201,swp1,,,,,US-PHX01,c160:177:44,t0-gg1-b2-01-r177-us-west-02b,SN4700,mgmt,,,,,CAT6a,,,,,,,,,,,,,,
LLDP:  Passed,US-PHX01,c160:177:20,net-01-c160-gg1-b2-r177-us-west-02b,SN2201,swp2,,,,,US-PHX01,c160:177:42,t0-gg1-b2-02-r177-us-west-02b,SN4700,mgmt,,,,,CAT6a,,,,,,,,,,,,,,
Cable Is Ran: Complete,US-PHX01,c160:177:20,net-01-c160-gg1-b2-r177-us-west-02b,SN2201,swp3,,,,,US-PHX01,c160:177:22,con-01-c160-gg1-b2-r177-us-west-02b,OM2216-C14,NET1,,,,,CAT6a,,,,,,,,,,,,,,
LLDP:  Passed,US-PHX01,c160:177:20,net-01-c160-gg1-b2-r177-us-west-02b,SN2201,swp4,,,,,US-PHX01,c160:177:39,ipmi-gg1-b2-r177-us-west-02b,SN2201,mgmt,,,,,CAT6a,,,,,,,,,,,,,,
LLDP:  Passed,US-PHX01,c160:177:20,net-01-c160-gg1-b2-r177-us-west-02b,SN2201,swp5,,,,,US-PHX01,c160:177:16,dpu-gg1-b2-r177-us-west-02b,SN2201,mgmt,,,,,CAT6a,,,,,,,,,,,,,,
LLDP:  Failed,US-PHX01,c160:177:20,net-01-c160-gg1-b2-r177-us-west-02b,SN2201,swp6,,,,,US-PHX01,c160:177:14,infra-01-gg1-b2-r177-us-west-02b,SN2201,mgmt,,,,,CAT6a,,,,,,,,,,,,,,
,,,,,,,,,,,,,,,,,,,,,,,,,,,,,,,,,
,,,,,,,,,,,,,,,,,,,,,,,,,,,,,,,,,
END-OF-ROW CON GG1-B2,,,,,,,,,,,,,,,,,,,,,,,,,,,,,,,,,
Cable Is Ran: Complete,US-PHX01,c160:097:22,con-01-c160-gg1-b2-r097-us-west-02b,OM2216-C14,1,,,,,US-PHX01,c160:097:42,t0-gg1-b2-01-r097-us-west-02b,SN4700,console,,,,,CAT6a,,,,,,,,,,,,,,
Cable Is Ran: Complete,US-PHX01,c160:097:22,con-01-c160-gg1-b2-r097-us-west-02b,OM2216-C14,2,,,,,US-PHX01,c160:097:40,t0-gg1-b2-02-r097-us-west-02b,SN4700,console,,,,,CAT6a,,,,,,,,,,,,,,
Cable Is Ran: Complete,US-PHX01,c160:097:22,con-01-c160-gg1-b2-r097-us-west-02b,OM2216-C14,3,,,,,US-PHX01,c160:097:37,t1a-gg1-b2-01-r097-us-west-02b,SN4700,console,,,,,CAT6a,,,,,,,,,,,,,,
Cable Is Ran: Complete,US-PHX01,c160:097:22,con-01-c160-gg1-b2-r097-us-west-02b,OM2216-C14,4,,,,,US-PHX01,c160:097:35,t1b-gg1-b2-01-r097-us-west-02b,SN4700,console,,,,,CAT6a,,,,,,,,,,,,,,
Cable Is Ran: Complete,US-PHX01,c160:097:22,con-01-c160-gg1-b2-r097-us-west-02b,OM2216-C14,5,,,,,US-PHX01,c160:097:33,t1c-gg1-b2-01-r097-us-west-02b,SN4700,console,,,,,CAT6a,,,,,,,,,,,,,,
Cable Is Ran: Complete,US-PHX01,c160:097:22,con-01-c160-gg1-b2-r097-us-west-02b,OM2216-C14,6,,,,,US-PHX01,c160:097:31,t1d-gg1-b2-01-r097-us-west-02b,SN4700,console,,,,,CAT6a,,,,,,,,,,,,,,
Cable Is Ran: Complete,US-PHX01,c160:097:22,con-01-c160-gg1-b2-r097-us-west-02b,OM2216-C14,7,,,,,US-PHX01,c160:097:29,comp-dist-gg1-b2-01-r097-us-west-02b,SN3700,console,,,,,CAT6a,,,,,,,,,,,,,,
Cable Is Ran: Complete,US-PHX01,c160:097:22,con-01-c160-gg1-b2-r097-us-west-02b,OM2216-C14,8,,,,,US-PHX01,c160:097:28,comp-dist-gg1-b2-02-r097-us-west-02b,SN3700,console,,,,,CAT6a,,,,,,,,,,,,,,
Cable Is Ran: Complete,US-PHX01,c160:097:22,con-01-c160-gg1-b2-r097-us-west-02b,OM2216-C14,9,,,,,US-PHX01,c160:097:26,net-dist-gg1-b2-01-r097-us-west-02b,SN3700,console,,,,,CAT6a,,,,,,,,,,,,,,
Cable Is Ran: Complete,US-PHX01,c160:097:22,con-01-c160-gg1-b2-r097-us-west-02b,OM2216-C14,10,,,,,US-PHX01,c160:097:25,net-dist-gg1-b2-02-r097-us-west-02b,SN3700,console,,,,,CAT6a,,,,,,,,,,,,,,
Cable Is Ran: Complete,US-PHX01,c160:097:22,con-01-c160-gg1-b2-r097-us-west-02b,OM2216-C14,11,,,,,US-PHX01,c160:097:20,net-01-c160-gg1-b2-r097-us-west-02b,SN2201,console,,,,,CAT6a,,,,,,,,,,,,,,
Cable Is Ran: Complete,US-PHX01,c160:097:22,con-01-c160-gg1-b2-r097-us-west-02b,OM2216-C14,12,,,,,US-PHX01,c160:097:18,ipmi-gg1-b2-r097-us-west-02b,SN2201,console,,,,,CAT6a,,,,,,,,,,,,,,
Cable Is Ran: Complete,US-PHX01,c160:097:22,con-01-c160-gg1-b2-r097-us-west-02b,OM2216-C14,13,,,,,US-PHX01,c160:097:16,dpu-gg1-b2-r097-us-west-02b,SN2201,console,,,,,CAT6a,,,,,,,,,,,,,,
Cable Is Ran: Complete,US-PHX01,c160:097:22,con-01-c160-gg1-b2-r097-us-west-02b,OM2216-C14,14,,,,,US-PHX01,c160:097:14,infra-01-gg1-b2-r097-us-west-02b,SN2201,console,,,,,CAT6a,,,,,,,,,,,,,,
,,,,,,,,,,,,,,,,,,,,,,,,,,,,,,,,,
Cable Is Ran: Complete,US-PHX01,c160:113:22,con-01-c160-gg1-b2-r113-us-west-02b,OM2216-C14,1,,,,,US-PHX01,c160:113:44,t0-gg1-b2-01-r113-us-west-02b,SN4700,console,,,,,CAT6a,,,,,,,,,,,,,,
Cable Is Ran: Complete,US-PHX01,c160:113:22,con-01-c160-gg1-b2-r113-us-west-02b,OM2216-C14,2,,,,,US-PHX01,c160:113:42,t0-gg1-b2-02-r113-us-west-02b,SN4700,console,,,,,CAT6a,,,,,,,,,,,,,,
Cable Is Ran: Complete,US-PHX01,c160:113:22,con-01-c160-gg1-b2-r113-us-west-02b,OM2216-C14,3,,,,,US-PHX01,c160:113:20,net-01-c160-gg1-b2-r113-us-west-02b,SN2201,console,,,,,CAT6a,,,,,,,,,,,,,,
Cable Is Ran: Complete,US-PHX01,c160:113:22,con-01-c160-gg1-b2-r113-us-west-02b,OM2216-C14,4,,,,,US-PHX01,c160:113:39,ipmi-gg1-b2-r113-us-west-02b,SN2201,console,,,,,CAT6a,,,,,,,,,,,,,,
Cable Is Ran: Complete,US-PHX01,c160:113:22,con-01-c160-gg1-b2-r113-us-west-02b,OM2216-C14,5,,,,,US-PHX01,c160:113:37,dpu-gg1-b2-r113-us-west-02b,SN2201,console,,,,,CAT6a,,,,,,,,,,,,,,
Cable Is Ran: Complete,US-PHX01,c160:113:22,con-01-c160-gg1-b2-r113-us-west-02b,OM2216-C14,6,,,,,US-PHX01,c160:113:14,infra-01-gg1-b2-r113-us-west-02b,SN2201,console,,,,,CAT6a,,,,,,,,,,,,,,
,,,,,,,,,,,,,,,,,,,,,,,,,,,,,,,,,
Cable Is Ran: Complete,US-PHX01,c160:129:22,con-01-c160-gg1-b2-r129-us-west-02b,OM2216-C14,1,,,,,US-PHX01,c160:129:42,t0-gg1-b2-01-r129-us-west-02b,SN4700,console,,,,,CAT6a,,,,,,,,,,,,,,
Cable Is Ran: Complete,US-PHX01,c160:129:22,con-01-c160-gg1-b2-r129-us-west-02b,OM2216-C14,2,,,,,US-PHX01,c160:129:40,t0-gg1-b2-02-r129-us-west-02b,SN4700,console,,,,,CAT6a,,,,,,,,,,,,,,
Cable Is Ran: Complete,US-PHX01,c160:129:22,con-01-c160-gg1-b2-r129-us-west-02b,OM2216-C14,3,,,,,US-PHX01,c160:129:20,net-01-c160-gg1-b2-r129-us-west-02b,SN2201,console,,,,,CAT6a,,,,,,,,,,,,,,
Cable Is Ran: Complete,US-PHX01,c160:129:22,con-01-c160-gg1-b2-r129-us-west-02b,OM2216-C14,4,,,,,US-PHX01,c160:129:18,ipmi-gg1-b2-r129-us-west-02b,SN2201,console,,,,,CAT6a,,,,,,,,,,,,,,
Cable Is Ran: Complete,US-PHX01,c160:129:22,con-01-c160-gg1-b2-r129-us-west-02b,OM2216-C14,5,,,,,US-PHX01,c160:129:16,dpu-gg1-b2-r129-us-west-02b,SN2201,console,,,,,CAT6a,,,,,,,,,,,,,,
Cable Is Ran: Complete,US-PHX01,c160:129:22,con-01-c160-gg1-b2-r129-us-west-02b,OM2216-C14,6,,,,,US-PHX01,c160:129:14,infra-01-gg1-b2-r129-us-west-02b,SN2201,console,,,,,CAT6a,,,,,,,,,,,,,,
,,,,,,,,,,,,,,,,,,,,,,,,,,,,,,,,,
Cable Is Ran: Complete,US-PHX01,c160:145:22,con-01-c160-gg1-b2-r145-us-west-02b,OM2216-C14,1,,,,,US-PHX01,c160:145:42,t0-gg1-b2-01-r145-us-west-02b,SN4700,console,,,,,CAT6a,,,,,,,,,,,,,,
Cable Is Ran: Complete,US-PHX01,c160:145:22,con-01-c160-gg1-b2-r145-us-west-02b,OM2216-C14,2,,,,,US-PHX01,c160:145:40,t0-gg1-b2-02-r145-us-west-02b,SN4700,console,,,,,CAT6a,,,,,,,,,,,,,,
Cable Is Ran: Complete,US-PHX01,c160:145:22,con-01-c160-gg1-b2-r145-us-west-02b,OM2216-C14,3,,,,,US-PHX01,c160:145:20,net-01-c160-gg1-b2-r145-us-west-02b,SN2201,console,,,,,CAT6a,,,,,,,,,,,,,,
Cable Is Ran: Complete,US-PHX01,c160:145:22,con-01-c160-gg1-b2-r145-us-west-02b,OM2216-C14,4,,,,,US-PHX01,c160:145:18,ipmi-gg1-b2-r145-us-west-02b,SN2201,console,,,,,CAT6a,,,,,,,,,,,,,,
Cable Is Ran: Complete,US-PHX01,c160:145:22,con-01-c160-gg1-b2-r145-us-west-02b,OM2216-C14,5,,,,,US-PHX01,c160:145:16,dpu-gg1-b2-r145-us-west-02b,SN2201,console,,,,,CAT6a,,,,,,,,,,,,,,
Cable Is Ran: Complete,US-PHX01,c160:145:22,con-01-c160-gg1-b2-r145-us-west-02b,OM2216-C14,6,,,,,US-PHX01,c160:145:14,infra-01-gg1-b2-r145-us-west-02b,SN2201,console,,,,,CAT6a,,,,,,,,,,,,,,
,,,,,,,,,,,,,,,,,,,,,,,,,,,,,,,,,
Cable Is Ran: Complete,US-PHX01,c160:161:22,con-01-c160-gg1-b2-r161-us-west-02b,OM2216-C14,1,,,,,US-PHX01,c160:161:42,t0-gg1-b2-01-r161-us-west-02b,SN4700,console,,,,,CAT6a,,,,,,,,,,,,,,
Cable Is Ran: Complete,US-PHX01,c160:161:22,con-01-c160-gg1-b2-r161-us-west-02b,OM2216-C14,2,,,,,US-PHX01,c160:161:40,t0-gg1-b2-02-r161-us-west-02b,SN4700,console,,,,,CAT6a,,,,,,,,,,,,,,
Cable Is Ran: Complete,US-PHX01,c160:161:22,con-01-c160-gg1-b2-r161-us-west-02b,OM2216-C14,3,,,,,US-PHX01,c160:161:20,net-01-c160-gg1-b2-r161-us-west-02b,SN2201,console,,,,,CAT6a,,,,,,,,,,,,,,
Cable Is Ran: Complete,US-PHX01,c160:161:22,con-01-c160-gg1-b2-r161-us-west-02b,OM2216-C14,4,,,,,US-PHX01,c160:161:18,ipmi-gg1-b2-r161-us-west-02b,SN2201,console,,,,,CAT6a,,,,,,,,,,,,,,
Cable Is Ran: Complete,US-PHX01,c160:161:22,con-01-c160-gg1-b2-r161-us-west-02b,OM2216-C14,5,,,,,US-PHX01,c160:161:16,dpu-gg1-b2-r161-us-west-02b,SN2201,console,,,,,CAT6a,,,,,,,,,,,,,,
Cable Is Ran: Complete,US-PHX01,c160:161:22,con-01-c160-gg1-b2-r161-us-west-02b,OM2216-C14,6,,,,,US-PHX01,c160:161:14,infra-01-gg1-b2-r161-us-west-02b,SN2201,console,,,,,CAT6a,,,,,,,,,,,,,,
,,,,,,,,,,,,,,,,,,,,,,,,,,,,,,,,,
Cable Is Ran: Complete,US-PHX01,c160:177:22,con-01-c160-gg1-b2-r177-us-west-02b,OM2216-C14,1,,,,,US-PHX01,c160:177:44,t0-gg1-b2-01-r177-us-west-02b,SN4700,console,,,,,CAT6a,,,,,,,,,,,,,,
Cable Is Ran: Complete,US-PHX01,c160:177:22,con-01-c160-gg1-b2-r177-us-west-02b,OM2216-C14,2,,,,,US-PHX01,c160:177:42,t0-gg1-b2-02-r177-us-west-02b,SN4700,console,,,,,CAT6a,,,,,,,,,,,,,,
Cable Is Ran: Complete,US-PHX01,c160:177:22,con-01-c160-gg1-b2-r177-us-west-02b,OM2216-C14,3,,,,,US-PHX01,c160:177:20,net-01-c160-gg1-b2-r177-us-west-02b,SN2201,console,,,,,CAT6a,,,,,,,,,,,,,,
Cable Is Ran: Complete,US-PHX01,c160:177:22,con-01-c160-gg1-b2-r177-us-west-02b,OM2216-C14,4,,,,,US-PHX01,c160:177:39,ipmi-gg1-b2-r177-us-west-02b,SN2201,console,,,,,CAT6a,,,,,,,,,,,,,,
Cable Is Ran: Complete,US-PHX01,c160:177:22,con-01-c160-gg1-b2-r177-us-west-02b,OM2216-C14,5,,,,,US-PHX01,c160:177:37,dpu-gg1-b2-r177-us-west-02b,SN2201,console,,,,,CAT6a,,,,,,,,,,,,,,
Cable Is Ran: Complete,US-PHX01,c160:177:22,con-01-c160-gg1-b2-r177-us-west-02b,OM2216-C14,6,,,,,US-PHX01,c160:177:14,infra-01-gg1-b2-r177-us-west-02b,SN2201,console,,,,,CAT6a,,,,,,,,,,,,,,
,,,,,,,,,,,,,,,,,,,,,,,,,,,,,,,,,
,,,,,,,,,,,,,,,,,,,,,,,,,,,,,,,,,
END-OF-ROW MGMT GG1-B3,,,,,,,,,,,,,,,,,,,,,,,,,,,,,,,,,
LLDP:  Passed,US-PHX01,c160:193:20,net-01-c160-gg1-b3-r193-us-west-02b,SN2201,swp1,,,,,US-PHX01,c160:193:42,t0-gg1-b3-01-r193-us-west-02b,SN4700,mgmt,,,,,CAT6a,,,,,,,,,,,,,,
LLDP:  Passed,US-PHX01,c160:193:20,net-01-c160-gg1-b3-r193-us-west-02b,SN2201,swp2,,,,,US-PHX01,c160:193:40,t0-gg1-b3-02-r193-us-west-02b,SN4700,mgmt,,,,,CAT6a,,,,,,,,,,,,,,
LLDP:  Passed,US-PHX01,c160:193:20,net-01-c160-gg1-b3-r193-us-west-02b,SN2201,swp3,,,,,US-PHX01,c160:193:37,t1a-gg1-b3-01-r193-us-west-02b,SN4700,mgmt,,,,,CAT6a,,,,,,,,,,,,,,
LLDP:  Passed,US-PHX01,c160:193:20,net-01-c160-gg1-b3-r193-us-west-02b,SN2201,swp4,,,,,US-PHX01,c160:193:35,t1b-gg1-b3-01-r193-us-west-02b,SN4700,mgmt,,,,,CAT6a,,,,,,,,,,,,,,
LLDP:  Passed,US-PHX01,c160:193:20,net-01-c160-gg1-b3-r193-us-west-02b,SN2201,swp5,,,,,US-PHX01,c160:193:33,t1c-gg1-b3-01-r193-us-west-02b,SN4700,mgmt,,,,,CAT6a,,,,,,,,,,,,,,
LLDP:  Passed,US-PHX01,c160:193:20,net-01-c160-gg1-b3-r193-us-west-02b,SN2201,swp6,,,,,US-PHX01,c160:193:31,t1d-gg1-b3-01-r193-us-west-02b,SN4700,mgmt,,,,,CAT6a,,,,,,,,,,,,,,
LLDP:  Passed,US-PHX01,c160:193:20,net-01-c160-gg1-b3-r193-us-west-02b,SN2201,swp7,,,,,US-PHX01,c160:193:29,comp-dist-gg1-b3-01-r193-us-west-02b,SN3700,mgmt,,,,,CAT6a,,,,,,,,,,,,,,
LLDP:  Passed,US-PHX01,c160:193:20,net-01-c160-gg1-b3-r193-us-west-02b,SN2201,swp8,,,,,US-PHX01,c160:193:28,comp-dist-gg1-b3-02-r193-us-west-02b,SN3700,mgmt,,,,,CAT6a,,,,,,,,,,,,,,
Cable Is Ran: Complete,US-PHX01,c160:193:20,net-01-c160-gg1-b3-r193-us-west-02b,SN2201,swp9,,,,,US-PHX01,c160:193:22,con-01-c160-gg1-b3-r193-us-west-02b,OM2216-C14,NET1,,,,,CAT6a,,,,,,,,,,,,,,
LLDP:  Passed,US-PHX01,c160:193:20,net-01-c160-gg1-b3-r193-us-west-02b,SN2201,swp10,,,,,US-PHX01,c160:193:18,ipmi-gg1-b3-r193-us-west-02b,SN2201,mgmt,,,,,CAT6a,,,,,,,,,,,,,,
LLDP:  Passed,US-PHX01,c160:193:20,net-01-c160-gg1-b3-r193-us-west-02b,SN2201,swp11,,,,,US-PHX01,c160:193:16,dpu-gg1-b3-r193-us-west-02b,SN2201,mgmt,,,,,CAT6a,,,,,,,,,,,,,,
LLDP:  Failed,US-PHX01,c160:193:20,net-01-c160-gg1-b3-r193-us-west-02b,SN2201,swp12,,,,,US-PHX01,c160:193:14,infra-01-gg1-b3-r193-us-west-02b,SN2201,mgmt,,,,,CAT6a,,,,,,,,,,,,,,
LLDP:  Passed,US-PHX01,c160:193:20,net-01-c160-gg1-b3-r193-us-west-02b,SN2201,swp13,,,,,US-PHX01,c160:209:20,net-01-c160-gg1-b3-r209-us-west-02b,SN2201,mgmt,,,,,CAT6a,,,,,,,,,,,,,,
LLDP:  Passed,US-PHX01,c160:193:20,net-01-c160-gg1-b3-r193-us-west-02b,SN2201,swp14,,,,,US-PHX01,c160:225:20,net-01-c160-gg1-b3-r225-us-west-02b,SN2201,mgmt,,,,,CAT6a,,,,,,,,,,,,,,
LLDP:  Passed,US-PHX01,c160:193:20,net-01-c160-gg1-b3-r193-us-west-02b,SN2201,swp15,,,,,US-PHX01,c160:241:20,net-01-c160-gg1-b3-r241-us-west-02b,SN2201,mgmt,,,,,CAT6a,,,,,,,,,,,,,,
,,,,,,,,,,,,,,,,,,,,,,,,,,,,,,,,,
LLDP:  Passed,US-PHX01,c160:209:20,net-01-c160-gg1-b3-r209-us-west-02b,SN2201,swp1,,,,,US-PHX01,c160:209:44,t0-gg1-b3-01-r209-us-west-02b,SN4700,mgmt,,,,,CAT6a,,,,,,,,,,,,,,
LLDP:  Passed,US-PHX01,c160:209:20,net-01-c160-gg1-b3-r209-us-west-02b,SN2201,swp2,,,,,US-PHX01,c160:209:42,t0-gg1-b3-02-r209-us-west-02b,SN4700,mgmt,,,,,CAT6a,,,,,,,,,,,,,,
Cable Is Ran: Complete,US-PHX01,c160:209:20,net-01-c160-gg1-b3-r209-us-west-02b,SN2201,swp3,,,,,US-PHX01,c160:209:22,con-01-c160-gg1-b3-r209-us-west-02b,OM2216-C14,NET1,,,,,CAT6a,,,,,,,,,,,,,,
LLDP:  Passed,US-PHX01,c160:209:20,net-01-c160-gg1-b3-r209-us-west-02b,SN2201,swp4,,,,,US-PHX01,c160:209:39,ipmi-gg1-b3-r209-us-west-02b,SN2201,mgmt,,,,,CAT6a,,,,,,,,,,,,,,
LLDP:  Passed,US-PHX01,c160:209:20,net-01-c160-gg1-b3-r209-us-west-02b,SN2201,swp5,,,,,US-PHX01,c160:209:37,dpu-gg1-b3-r209-us-west-02b,SN2201,mgmt,,,,,CAT6a,,,,,,,,,,,,,,
LLDP:  Failed,US-PHX01,c160:209:20,net-01-c160-gg1-b3-r209-us-west-02b,SN2201,swp6,,,,,US-PHX01,c160:209:14,infra-01-gg1-b3-r209-us-west-02b,SN2201,mgmt,,,,,CAT6a,,,,,,,,,,,,,,
,,,,,,,,,,,,,,,,,,,,,,,,,,,,,,,,,
LLDP:  Passed,US-PHX01,c160:225:20,net-01-c160-gg1-b3-r225-us-west-02b,SN2201,swp1,,,,,US-PHX01,c160:225:42,t0-gg1-b3-01-r225-us-west-02b,SN4700,mgmt,,,,,CAT6a,,,,,,,,,,,,,,
LLDP:  Passed,US-PHX01,c160:225:20,net-01-c160-gg1-b3-r225-us-west-02b,SN2201,swp2,,,,,US-PHX01,c160:225:40,t0-gg1-b3-02-r225-us-west-02b,SN4700,mgmt,,,,,CAT6a,,,,,,,,,,,,,,
Cable Is Ran: Complete,US-PHX01,c160:225:20,net-01-c160-gg1-b3-r225-us-west-02b,SN2201,swp3,,,,,US-PHX01,c160:225:22,con-01-c160-gg1-b3-r225-us-west-02b,OM2216-C14,NET1,,,,,CAT6a,,,,,,,,,,,,,,
LLDP:  Passed,US-PHX01,c160:225:20,net-01-c160-gg1-b3-r225-us-west-02b,SN2201,swp4,,,,,US-PHX01,c160:225:18,ipmi-gg1-b3-r225-us-west-02b,SN2201,mgmt,,,,,CAT6a,,,,,,,,,,,,,,
LLDP:  Passed,US-PHX01,c160:225:20,net-01-c160-gg1-b3-r225-us-west-02b,SN2201,swp5,,,,,US-PHX01,c160:225:16,dpu-gg1-b3-r225-us-west-02b,SN2201,mgmt,,,,,CAT6a,,,,,,,,,,,,,,
LLDP:  Passed,US-PHX01,c160:225:20,net-01-c160-gg1-b3-r225-us-west-02b,SN2201,swp6,,,,,US-PHX01,c160:225:14,infra-01-gg1-b3-r225-us-west-02b,SN2201,mgmt,,,,,CAT6a,,,,,,,,,,,,,,
,,,,,,,,,,,,,,,,,,,,,,,,,,,,,,,,,
LLDP:  Passed,US-PHX01,c160:241:20,net-01-c160-gg1-b3-r241-us-west-02b,SN2201,swp1,,,,,US-PHX01,c160:241:42,t0-gg1-b3-01-r241-us-west-02b,SN4700,mgmt,,,,,CAT6a,,,,,,,,,,,,,,
LLDP:  Passed,US-PHX01,c160:241:20,net-01-c160-gg1-b3-r241-us-west-02b,SN2201,swp2,,,,,US-PHX01,c160:241:40,t0-gg1-b3-02-r241-us-west-02b,SN4700,mgmt,,,,,CAT6a,,,,,,,,,,,,,,
Cable Is Ran: Complete,US-PHX01,c160:241:20,net-01-c160-gg1-b3-r241-us-west-02b,SN2201,swp3,,,,,US-PHX01,c160:241:22,con-01-c160-gg1-b3-r241-us-west-02b,OM2216-C14,NET1,,,,,CAT6a,,,,,,,,,,,,,,
LLDP:  Passed,US-PHX01,c160:241:20,net-01-c160-gg1-b3-r241-us-west-02b,SN2201,swp4,,,,,US-PHX01,c160:241:18,ipmi-gg1-b3-r241-us-west-02b,SN2201,mgmt,,,,,CAT6a,,,,,,,,,,,,,,
LLDP:  Passed,US-PHX01,c160:241:20,net-01-c160-gg1-b3-r241-us-west-02b,SN2201,swp5,,,,,US-PHX01,c160:241:16,dpu-gg1-b3-r241-us-west-02b,SN2201,mgmt,,,,,CAT6a,,,,,,,,,,,,,,
LLDP:  Passed,US-PHX01,c160:241:20,net-01-c160-gg1-b3-r241-us-west-02b,SN2201,swp6,,,,,US-PHX01,c160:241:14,infra-01-gg1-b3-r241-us-west-02b,SN2201,mgmt,,,,,CAT6a,,,,,,,,,,,,,,
,,,,,,,,,,,,,,,,,,,,,,,,,,,,,,,,,
,,,,,,,,,,,,,,,,,,,,,,,,,,,,,,,,,
END-OF-ROW CON GG1-B3,,,,,,,,,,,,,,,,,,,,,,,,,,,,,,,,,
Cable Is Ran: Complete,US-PHX01,c160:193:22,con-01-c160-gg1-b3-r193-us-west-02b,OM2216-C14,1,,,,,US-PHX01,c160:193:42,t0-gg1-b3-01-r193-us-west-02b,SN4700,console,,,,,CAT6a,,,,,,,,,,,,,,
Cable Is Ran: Complete,US-PHX01,c160:193:22,con-01-c160-gg1-b3-r193-us-west-02b,OM2216-C14,2,,,,,US-PHX01,c160:193:40,t0-gg1-b3-02-r193-us-west-02b,SN4700,console,,,,,CAT6a,,,,,,,,,,,,,,
Cable Is Ran: Complete,US-PHX01,c160:193:22,con-01-c160-gg1-b3-r193-us-west-02b,OM2216-C14,3,,,,,US-PHX01,c160:193:37,t1a-gg1-b3-01-r193-us-west-02b,SN4700,console,,,,,CAT6a,,,,,,,,,,,,,,
Cable Is Ran: Complete,US-PHX01,c160:193:22,con-01-c160-gg1-b3-r193-us-west-02b,OM2216-C14,4,,,,,US-PHX01,c160:193:35,t1b-gg1-b3-01-r193-us-west-02b,SN4700,console,,,,,CAT6a,,,,,,,,,,,,,,
Cable Is Ran: Complete,US-PHX01,c160:193:22,con-01-c160-gg1-b3-r193-us-west-02b,OM2216-C14,5,,,,,US-PHX01,c160:193:33,t1c-gg1-b3-01-r193-us-west-02b,SN4700,console,,,,,CAT6a,,,,,,,,,,,,,,
Cable Is Ran: Complete,US-PHX01,c160:193:22,con-01-c160-gg1-b3-r193-us-west-02b,OM2216-C14,6,,,,,US-PHX01,c160:193:31,t1d-gg1-b3-01-r193-us-west-02b,SN4700,console,,,,,CAT6a,,,,,,,,,,,,,,
Cable Is Ran: Complete,US-PHX01,c160:193:22,con-01-c160-gg1-b3-r193-us-west-02b,OM2216-C14,7,,,,,US-PHX01,c160:193:29,comp-dist-gg1-b3-01-r193-us-west-02b,SN3700,console,,,,,CAT6a,,,,,,,,,,,,,,
Cable Is Ran: Complete,US-PHX01,c160:193:22,con-01-c160-gg1-b3-r193-us-west-02b,OM2216-C14,8,,,,,US-PHX01,c160:193:28,comp-dist-gg1-b3-02-r193-us-west-02b,SN3700,console,,,,,CAT6a,,,,,,,,,,,,,,
Cable Is Ran: Complete,US-PHX01,c160:193:22,con-01-c160-gg1-b3-r193-us-west-02b,OM2216-C14,9,,,,,US-PHX01,c160:193:20,net-01-c160-gg1-b3-r193-us-west-02b,SN2201,console,,,,,CAT6a,,,,,,,,,,,,,,
Cable Is Ran: Complete,US-PHX01,c160:193:22,con-01-c160-gg1-b3-r193-us-west-02b,OM2216-C14,10,,,,,US-PHX01,c160:193:18,ipmi-gg1-b3-r193-us-west-02b,SN2201,console,,,,,CAT6a,,,,,,,,,,,,,,
Cable Is Ran: Complete,US-PHX01,c160:193:22,con-01-c160-gg1-b3-r193-us-west-02b,OM2216-C14,11,,,,,US-PHX01,c160:193:16,dpu-gg1-b3-r193-us-west-02b,SN2201,console,,,,,CAT6a,,,,,,,,,,,,,,
Cable Is Ran: Complete,US-PHX01,c160:193:22,con-01-c160-gg1-b3-r193-us-west-02b,OM2216-C14,12,,,,,US-PHX01,c160:193:14,infra-01-gg1-b3-r193-us-west-02b,SN2201,console,,,,,CAT6a,,,,,,,,,,,,,,
,,,,,,,,,,,,,,,,,,,,,,,,,,,,,,,,,
Cable Is Ran: Complete,US-PHX01,c160:209:22,con-01-c160-gg1-b3-r209-us-west-02b,OM2216-C14,1,,,,,US-PHX01,c160:209:44,t0-gg1-b3-01-r209-us-west-02b,SN4700,console,,,,,CAT6a,,,,,,,,,,,,,,
Cable Is Ran: Complete,US-PHX01,c160:209:22,con-01-c160-gg1-b3-r209-us-west-02b,OM2216-C14,2,,,,,US-PHX01,c160:209:42,t0-gg1-b3-02-r209-us-west-02b,SN4700,console,,,,,CAT6a,,,,,,,,,,,,,,
Cable Is Ran: Complete,US-PHX01,c160:209:22,con-01-c160-gg1-b3-r209-us-west-02b,OM2216-C14,3,,,,,US-PHX01,c160:209:20,net-01-c160-gg1-b3-r209-us-west-02b,SN2201,console,,,,,CAT6a,,,,,,,,,,,,,,
Cable Is Ran: Complete,US-PHX01,c160:209:22,con-01-c160-gg1-b3-r209-us-west-02b,OM2216-C14,4,,,,,US-PHX01,c160:209:39,ipmi-gg1-b3-r209-us-west-02b,SN2201,console,,,,,CAT6a,,,,,,,,,,,,,,
Cable Is Ran: Complete,US-PHX01,c160:209:22,con-01-c160-gg1-b3-r209-us-west-02b,OM2216-C14,5,,,,,US-PHX01,c160:209:37,dpu-gg1-b3-r209-us-west-02b,SN2201,console,,,,,CAT6a,,,,,,,,,,,,,,
Cable Is Ran: Complete,US-PHX01,c160:209:22,con-01-c160-gg1-b3-r209-us-west-02b,OM2216-C14,6,,,,,US-PHX01,c160:209:14,infra-01-gg1-b3-r209-us-west-02b,SN2201,console,,,,,CAT6a,,,,,,,,,,,,,,
,,,,,,,,,,,,,,,,,,,,,,,,,,,,,,,,,
Cable Is Ran: Complete,US-PHX01,c160:225:22,con-01-c160-gg1-b3-r225-us-west-02b,OM2216-C14,1,,,,,US-PHX01,c160:225:42,t0-gg1-b3-01-r225-us-west-02b,SN4700,console,,,,,CAT6a,,,,,,,,,,,,,,
Cable Is Ran: Complete,US-PHX01,c160:225:22,con-01-c160-gg1-b3-r225-us-west-02b,OM2216-C14,2,,,,,US-PHX01,c160:225:40,t0-gg1-b3-02-r225-us-west-02b,SN4700,console,,,,,CAT6a,,,,,,,,,,,,,,
Cable Is Ran: Complete,US-PHX01,c160:225:22,con-01-c160-gg1-b3-r225-us-west-02b,OM2216-C14,3,,,,,US-PHX01,c160:225:20,net-01-c160-gg1-b3-r225-us-west-02b,SN2201,console,,,,,CAT6a,,,,,,,,,,,,,,
Cable Is Ran: Complete,US-PHX01,c160:225:22,con-01-c160-gg1-b3-r225-us-west-02b,OM2216-C14,4,,,,,US-PHX01,c160:225:18,ipmi-gg1-b3-r225-us-west-02b,SN2201,console,,,,,CAT6a,,,,,,,,,,,,,,
Cable Is Ran: Complete,US-PHX01,c160:225:22,con-01-c160-gg1-b3-r225-us-west-02b,OM2216-C14,5,,,,,US-PHX01,c160:225:16,dpu-gg1-b3-r225-us-west-02b,SN2201,console,,,,,CAT6a,,,,,,,,,,,,,,
Cable Is Ran: Complete,US-PHX01,c160:225:22,con-01-c160-gg1-b3-r225-us-west-02b,OM2216-C14,6,,,,,US-PHX01,c160:225:14,infra-01-gg1-b3-r225-us-west-02b,SN2201,console,,,,,CAT6a,,,,,,,,,,,,,,
,,,,,,,,,,,,,,,,,,,,,,,,,,,,,,,,,
Cable Is Ran: Complete,US-PHX01,c160:241:22,con-01-c160-gg1-b3-r241-us-west-02b,OM2216-C14,1,,,,,US-PHX01,c160:241:42,t0-gg1-b3-01-r241-us-west-02b,SN4700,console,,,,,CAT6a,,,,,,,,,,,,,,
Cable Is Ran: Complete,US-PHX01,c160:241:22,con-01-c160-gg1-b3-r241-us-west-02b,OM2216-C14,2,,,,,US-PHX01,c160:241:40,t0-gg1-b3-02-r241-us-west-02b,SN4700,console,,,,,CAT6a,,,,,,,,,,,,,,
Cable Is Ran: Complete,US-PHX01,c160:241:22,con-01-c160-gg1-b3-r241-us-west-02b,OM2216-C14,3,,,,,US-PHX01,c160:241:20,net-01-c160-gg1-b3-r241-us-west-02b,SN2201,console,,,,,CAT6a,,,,,,,,,,,,,,
Cable Is Ran: Complete,US-PHX01,c160:241:22,con-01-c160-gg1-b3-r241-us-west-02b,OM2216-C14,4,,,,,US-PHX01,c160:241:18,ipmi-gg1-b3-r241-us-west-02b,SN2201,console,,,,,CAT6a,,,,,,,,,,,,,,
Cable Is Ran: Complete,US-PHX01,c160:241:22,con-01-c160-gg1-b3-r241-us-west-02b,OM2216-C14,5,,,,,US-PHX01,c160:241:16,dpu-gg1-b3-r241-us-west-02b,SN2201,console,,,,,CAT6a,,,,,,,,,,,,,,
Cable Is Ran: Complete,US-PHX01,c160:241:22,con-01-c160-gg1-b3-r241-us-west-02b,OM2216-C14,6,,,,,US-PHX01,c160:241:14,infra-01-gg1-b3-r241-us-west-02b,SN2201,console,,,,,CAT6a,,,,,,,,,,,,,,
,,,,,,,,,,,,,,,,,,,,,,,,,,,,,,,,,
,,,,,,,,,,,,,,,,,,,,,,,,,,,,,,,,,
END-OF-ROW MGMT GG1-C1,,,,,,,,,,,,,,,,,,,,,,,,,,,,,,,,,
LLDP:  Passed,US-PHX01,c160:272:20,net-01-c160-gg1-c-r272-us-west-02b,SN2201,swp1,,,,,US-PHX01,c160:272:42,t2a-gg1-c-01-r272-us-west-02b,SN4700,mgmt,,,,,CAT6a,,,,,,,,,,,,,,
LLDP:  Passed,US-PHX01,c160:272:20,net-01-c160-gg1-c-r272-us-west-02b,SN2201,swp2,,,,,US-PHX01,c160:272:41,t2a-gg1-c-02-r272-us-west-02b,SN4700,mgmt,,,,,CAT6a,,,,,,,,,,,,,,
LLDP:  Passed,US-PHX01,c160:272:20,net-01-c160-gg1-c-r272-us-west-02b,SN2201,swp3,,,,,US-PHX01,c160:272:36,t2b-gg1-c-01-r272-us-west-02b,SN4700,mgmt,,,,,CAT6a,,,,,,,,,,,,,,
LLDP:  Passed,US-PHX01,c160:272:20,net-01-c160-gg1-c-r272-us-west-02b,SN2201,swp4,,,,,US-PHX01,c160:272:35,t2b-gg1-c-02-r272-us-west-02b,SN4700,mgmt,,,,,CAT6a,,,,,,,,,,,,,,
LLDP:  Passed,US-PHX01,c160:272:20,net-01-c160-gg1-c-r272-us-west-02b,SN2201,swp5,,,,,US-PHX01,c160:272:17,t2c-gg1-c-01-r272-us-west-02b,SN4700,mgmt,,,,,CAT6a,,,,,,,,,,,,,,
LLDP:  Passed,US-PHX01,c160:272:20,net-01-c160-gg1-c-r272-us-west-02b,SN2201,swp6,,,,,US-PHX01,c160:272:16,t2c-gg1-c-02-r272-us-west-02b,SN4700,mgmt,,,,,CAT6a,,,,,,,,,,,,,,
LLDP:  Passed,US-PHX01,c160:272:20,net-01-c160-gg1-c-r272-us-west-02b,SN2201,swp7,,,,,US-PHX01,c160:272:11,t2d-gg1-c-01-r272-us-west-02b,SN4700,mgmt,,,,,CAT6a,,,,,,,,,,,,,,
LLDP:  Passed,US-PHX01,c160:272:20,net-01-c160-gg1-c-r272-us-west-02b,SN2201,swp8,,,,,US-PHX01,c160:272:10,t2d-gg1-c-02-r272-us-west-02b,SN4700,mgmt,,,,,CAT6a,,,,,,,,,,,,,,
Cable Is Ran: Complete,US-PHX01,c160:272:20,net-01-c160-gg1-c-r272-us-west-02b,SN2201,swp9,,,,,US-PHX01,c160:272:22,con-01-c160-gg1-c-r272-us-west-02b,OM2216-C14,NET1,,,,,CAT6a,,,,,,,,,,,,,,
LLDP:  Passed,US-PHX01,c160:272:20,net-01-c160-gg1-c-r272-us-west-02b,SN2201,swp10,,,,,US-PHX01,c160:257:26,net-dist-gg1-c1-01-r257-us-west-02b,SN3700,mgmt,,,,,CAT6a,,,,,,,,,,,,,,
LLDP:  Passed,US-PHX01,c160:272:20,net-01-c160-gg1-c-r272-us-west-02b,SN2201,swp11,,,,,US-PHX01,c160:257:25,net-dist-gg1-c1-02-r257-us-west-02b,SN3700,mgmt,,,,,CAT6a,,,,,,,,,,,,,,
LLDP:  Passed,US-PHX01,c160:272:20,net-01-c160-gg1-c-r272-us-west-02b,SN2201,swp12,,,,,US-PHX01,c160:289:26,net-dist-gg1-c2-01-r289-us-west-02b,SN3700,mgmt,,,,,CAT6a,,,,,,,,,,,,,,
LLDP:  Passed,US-PHX01,c160:272:20,net-01-c160-gg1-c-r272-us-west-02b,SN2201,swp13,,,,,US-PHX01,c160:289:25,net-dist-gg1-c2-02-r289-us-west-02b,SN3700,mgmt,,,,,CAT6a,,,,,,,,,,,,,,
LLDP:  Passed,US-PHX01,c160:272:20,net-01-c160-gg1-c-r272-us-west-02b,SN2201,swp14,,,,,US-PHX01,c160:385:26,net-dist-gg1-c3-01-r385-us-west-02b,SN3700,mgmt,,,,,CAT6a,,,,,,,,,,,,,,
LLDP:  Passed,US-PHX01,c160:272:20,net-01-c160-gg1-c-r272-us-west-02b,SN2201,swp15,,,,,US-PHX01,c160:385:25,net-dist-gg1-c3-02-r385-us-west-02b,SN3700,mgmt,,,,,CAT6a,,,,,,,,,,,,,,
LLDP:  Passed,US-PHX01,c160:272:20,net-01-c160-gg1-c-r272-us-west-02b,SN2201,swp16,,,,,US-PHX01,c160:449:26,net-dist-gg1-c4-01-r449-us-west-02b,SN3700,mgmt,,,,,CAT6a,,,,,,,,,,,,,,
LLDP:  Passed,US-PHX01,c160:272:20,net-01-c160-gg1-c-r272-us-west-02b,SN2201,swp17,,,,,US-PHX01,c160:449:25,net-dist-gg1-c4-02-r449-us-west-02b,SN3700,mgmt,,,,,CAT6a,,,,,,,,,,,,,,
LLDP:  Passed,US-PHX01,c160:272:20,net-01-c160-gg1-c-r272-us-west-02b,SN2201,swp18,,,,,US-PHX01,c160:257:20,net-01-c160-gg1-c1-r257-us-west-02b,SN2201,mgmt,,,,,CAT6a,,,,,,,,,,,,,,
LLDP:  Passed,US-PHX01,c160:272:20,net-01-c160-gg1-c-r272-us-west-02b,SN2201,swp19,,,,,US-PHX01,c160:289:20,net-01-c160-gg1-c2-r289-us-west-02b,SN2201,mgmt,,,,,CAT6a,,,,,,,,,,,,,,
LLDP:  Passed,US-PHX01,c160:272:20,net-01-c160-gg1-c-r272-us-west-02b,SN2201,swp20,,,,,US-PHX01,c160:385:20,net-01-c160-gg1-c3-r385-us-west-02b,SN2201,mgmt,,,,,CAT6a,,,,,,,,,,,,,,
LLDP:  Passed,US-PHX01,c160:272:20,net-01-c160-gg1-c-r272-us-west-02b,SN2201,swp21,,,,,US-PHX01,c160:449:20,net-01-c160-gg1-c4-r449-us-west-02b,SN2201,mgmt,,,,,CAT6a,,,,,,,,,,,,,,
,,,,,,,,,,,,,,,,,,,,,,,,,,,,,,,,,
LLDP:  Passed,US-PHX01,c160:257:20,net-01-c160-gg1-c1-r257-us-west-02b,SN2201,swp1,,,,,US-PHX01,c160:257:42,t0-gg1-c1-01-r257-us-west-02b,SN4700,mgmt,,,,,CAT6a,,,,,,,,,,,,,,
LLDP:  Passed,US-PHX01,c160:257:20,net-01-c160-gg1-c1-r257-us-west-02b,SN2201,swp2,,,,,US-PHX01,c160:257:40,t0-gg1-c1-02-r257-us-west-02b,SN4700,mgmt,,,,,CAT6a,,,,,,,,,,,,,,
LLDP:  Passed,US-PHX01,c160:257:20,net-01-c160-gg1-c1-r257-us-west-02b,SN2201,swp3,,,,,US-PHX01,c160:257:37,t1a-gg1-c1-01-r257-us-west-02b,SN4700,mgmt,,,,,CAT6a,,,,,,,,,,,,,,
LLDP:  Passed,US-PHX01,c160:257:20,net-01-c160-gg1-c1-r257-us-west-02b,SN2201,swp4,,,,,US-PHX01,c160:257:35,t1b-gg1-c1-01-r257-us-west-02b,SN4700,mgmt,,,,,CAT6a,,,,,,,,,,,,,,
LLDP:  Passed,US-PHX01,c160:257:20,net-01-c160-gg1-c1-r257-us-west-02b,SN2201,swp5,,,,,US-PHX01,c160:257:33,t1c-gg1-c1-01-r257-us-west-02b,SN4700,mgmt,,,,,CAT6a,,,,,,,,,,,,,,
LLDP:  Passed,US-PHX01,c160:257:20,net-01-c160-gg1-c1-r257-us-west-02b,SN2201,swp6,,,,,US-PHX01,c160:257:31,t1d-gg1-c1-01-r257-us-west-02b,SN4700,mgmt,,,,,CAT6a,,,,,,,,,,,,,,
LLDP:  Passed,US-PHX01,c160:257:20,net-01-c160-gg1-c1-r257-us-west-02b,SN2201,swp7,,,,,US-PHX01,c160:257:29,comp-dist-gg1-c1-01-r257-us-west-02b,SN3700,mgmt,,,,,CAT6a,,,,,,,,,,,,,,
LLDP:  Passed,US-PHX01,c160:257:20,net-01-c160-gg1-c1-r257-us-west-02b,SN2201,swp8,,,,,US-PHX01,c160:257:28,comp-dist-gg1-c1-02-r257-us-west-02b,SN3700,mgmt,,,,,CAT6a,,,,,,,,,,,,,,
Cable Is Ran: Complete,US-PHX01,c160:257:20,net-01-c160-gg1-c1-r257-us-west-02b,SN2201,swp9,,,,,US-PHX01,c160:257:22,con-01-c160-gg1-c1-r257-us-west-02b,OM2216-C14,NET1,,,,,CAT6a,,,,,,,,,,,,,,
LLDP:  Passed,US-PHX01,c160:257:20,net-01-c160-gg1-c1-r257-us-west-02b,SN2201,swp10,,,,,US-PHX01,c160:257:18,ipmi-gg1-c1-r257-us-west-02b,SN2201,mgmt,,,,,CAT6a,,,,,,,,,,,,,,
LLDP:  Passed,US-PHX01,c160:257:20,net-01-c160-gg1-c1-r257-us-west-02b,SN2201,swp11,,,,,US-PHX01,c160:257:16,dpu-gg1-c1-r257-us-west-02b,SN2201,mgmt,,,,,CAT6a,,,,,,,,,,,,,,
LLDP:  Failed,US-PHX01,c160:257:20,net-01-c160-gg1-c1-r257-us-west-02b,SN2201,swp12,,,,,US-PHX01,c160:257:14,infra-01-gg1-c1-r257-us-west-02b,SN2201,mgmt,,,,,CAT6a,,,,,,,,,,,,,,
LLDP:  Passed,US-PHX01,c160:257:20,net-01-c160-gg1-c1-r257-us-west-02b,SN2201,swp13,,,,,US-PHX01,c160:273:20,net-01-c160-gg1-c1-r273-us-west-02b,SN2201,mgmt,,,,,,,,,,,,,,,,,,,
,,,,,,,,,,,,,,,,,,,,,,,,,,,,,,,,,
LLDP:  Passed,US-PHX01,c160:273:20,net-01-c160-gg1-c1-r273-us-west-02b,SN2201,swp1,,,,,US-PHX01,c160:273:44,t0-gg1-c1-01-r273-us-west-02b,SN4700,mgmt,,,,,CAT6a,,,,,,,,,,,,,,
LLDP:  Passed,US-PHX01,c160:273:20,net-01-c160-gg1-c1-r273-us-west-02b,SN2201,swp2,,,,,US-PHX01,c160:273:42,t0-gg1-c1-02-r273-us-west-02b,SN4700,mgmt,,,,,CAT6a,,,,,,,,,,,,,,
Cable Is Ran: Complete,US-PHX01,c160:273:20,net-01-c160-gg1-c1-r273-us-west-02b,SN2201,swp3,,,,,US-PHX01,c160:273:22,con-01-c160-gg1-c1-r273-us-west-02b,OM2216-C14,NET1,,,,,CAT6a,,,,,,,,,,,,,,
LLDP:  Passed,US-PHX01,c160:273:20,net-01-c160-gg1-c1-r273-us-west-02b,SN2201,swp4,,,,,US-PHX01,c160:273:39,ipmi-gg1-c1-r273-us-west-02b,SN2201,mgmt,,,,,CAT6a,,,,,,,,,,,,,,
LLDP:  Passed,US-PHX01,c160:273:20,net-01-c160-gg1-c1-r273-us-west-02b,SN2201,swp5,,,,,US-PHX01,c160:273:37,dpu-gg1-c1-r273-us-west-02b,SN2201,mgmt,,,,,CAT6a,,,,,,,,,,,,,,
LLDP:  Failed,US-PHX01,c160:273:20,net-01-c160-gg1-c1-r273-us-west-02b,SN2201,swp6,,,,,US-PHX01,c160:273:14,infra-01-gg1-c1-r273-us-west-02b,SN2201,mgmt,,,,,CAT6a,,,,,,,,,,,,,,
,,,,,,,,,,,,,,,,,,,,,,,,,,,,,,,,,
,,,,,,,,,,,,,,,,,,,,,,,,,,,,,,,,,
END-OF-ROW CON GG1-C1,,,,,,,,,,,,,,,,,,,,,,,,,,,,,,,,,
Cable Is Ran: Complete,US-PHX01,c160:272:22,con-01-c160-gg1-c-r272-us-west-02b,OM2216-C14,1,,,,,US-PHX01,c160:272:42,t2a-gg1-c-01-r272-us-west-02b,SN4700,console,,,,,CAT6a,,,,,,,,,,,,,,
Cable Is Ran: Complete,US-PHX01,c160:272:22,con-01-c160-gg1-c-r272-us-west-02b,OM2216-C14,2,,,,,US-PHX01,c160:272:41,t2a-gg1-c-02-r272-us-west-02b,SN4700,console,,,,,CAT6a,,,,,,,,,,,,,,
Cable Is Ran: Complete,US-PHX01,c160:272:22,con-01-c160-gg1-c-r272-us-west-02b,OM2216-C14,3,,,,,US-PHX01,c160:272:36,t2b-gg1-c-01-r272-us-west-02b,SN4700,console,,,,,CAT6a,,,,,,,,,,,,,,
Cable Is Ran: Complete,US-PHX01,c160:272:22,con-01-c160-gg1-c-r272-us-west-02b,OM2216-C14,4,,,,,US-PHX01,c160:272:35,t2b-gg1-c-02-r272-us-west-02b,SN4700,console,,,,,CAT6a,,,,,,,,,,,,,,
Cable Is Ran: Complete,US-PHX01,c160:272:22,con-01-c160-gg1-c-r272-us-west-02b,OM2216-C14,5,,,,,US-PHX01,c160:272:29,comp-agg-gg1-c-01a-r272-us-west-02b,SN3700,console,,,,,CAT6a,,,,,,,,,,,,,,
Cable Is Ran: Complete,US-PHX01,c160:272:22,con-01-c160-gg1-c-r272-us-west-02b,OM2216-C14,6,,,,,US-PHX01,c160:272:28,comp-agg-gg1-c-02a-r272-us-west-02b,SN3700,console,,,,,CAT6a,,,,,,,,,,,,,,
Cable Is Ran: Complete,US-PHX01,c160:272:22,con-01-c160-gg1-c-r272-us-west-02b,OM2216-C14,7,,,,,US-PHX01,c160:272:26,net-agg-gg1-c-01a-r272-us-west-02b,SN3700,console,,,,,CAT6a,,,,,,,,,,,,,,
Cable Is Ran: Complete,US-PHX01,c160:272:22,con-01-c160-gg1-c-r272-us-west-02b,OM2216-C14,8,,,,,US-PHX01,c160:272:25,net-agg-gg1-c-02a-r272-us-west-02b,SN3700,console,,,,,CAT6a,,,,,,,,,,,,,,
Cable Is Ran: Complete,US-PHX01,c160:272:22,con-01-c160-gg1-c-r272-us-west-02b,OM2216-C14,9,,,,,US-PHX01,c160:272:20,net-01-c160-gg1-c-r272-us-west-02b,SN2201,console,,,,,CAT6a,,,,,,,,,,,,,,
Cable Is Ran: Complete,US-PHX01,c160:272:22,con-01-c160-gg1-c-r272-us-west-02b,OM2216-C14,10,,,,,US-PHX01,c160:272:17,t2c-gg1-c-01-r272-us-west-02b,SN4700,console,,,,,CAT6a,,,,,,,,,,,,,,
Cable Is Ran: Complete,US-PHX01,c160:272:22,con-01-c160-gg1-c-r272-us-west-02b,OM2216-C14,11,,,,,US-PHX01,c160:272:16,t2c-gg1-c-02-r272-us-west-02b,SN4700,console,,,,,CAT6a,,,,,,,,,,,,,,
Cable Is Ran: Complete,US-PHX01,c160:272:22,con-01-c160-gg1-c-r272-us-west-02b,OM2216-C14,12,,,,,US-PHX01,c160:272:11,t2d-gg1-c-01-r272-us-west-02b,SN4700,console,,,,,CAT6a,,,,,,,,,,,,,,
Cable Is Ran: Complete,US-PHX01,c160:272:22,con-01-c160-gg1-c-r272-us-west-02b,OM2216-C14,13,,,,,US-PHX01,c160:272:10,t2d-gg1-c-02-r272-us-west-02b,SN4700,console,,,,,CAT6a,,,,,,,,,,,,,,
,,,,,,,,,,,,,,,,,,,,,,,,,,,,,,,,,
Cable Is Ran: Complete,US-PHX01,c160:257:22,con-01-c160-gg1-c1-r257-us-west-02b,OM2216-C14,1,,,,,US-PHX01,c160:257:42,t0-gg1-c1-01-r257-us-west-02b,SN4700,console,,,,,CAT6a,,,,,,,,,,,,,,
Cable Is Ran: Complete,US-PHX01,c160:257:22,con-01-c160-gg1-c1-r257-us-west-02b,OM2216-C14,2,,,,,US-PHX01,c160:257:40,t0-gg1-c1-02-r257-us-west-02b,SN4700,console,,,,,CAT6a,,,,,,,,,,,,,,
Cable Is Ran: Complete,US-PHX01,c160:257:22,con-01-c160-gg1-c1-r257-us-west-02b,OM2216-C14,3,,,,,US-PHX01,c160:257:37,t1a-gg1-c1-01-r257-us-west-02b,SN4700,console,,,,,CAT6a,,,,,,,,,,,,,,
Cable Is Ran: Complete,US-PHX01,c160:257:22,con-01-c160-gg1-c1-r257-us-west-02b,OM2216-C14,4,,,,,US-PHX01,c160:257:35,t1b-gg1-c1-01-r257-us-west-02b,SN4700,console,,,,,CAT6a,,,,,,,,,,,,,,
Cable Is Ran: Complete,US-PHX01,c160:257:22,con-01-c160-gg1-c1-r257-us-west-02b,OM2216-C14,5,,,,,US-PHX01,c160:257:33,t1c-gg1-c1-01-r257-us-west-02b,SN4700,console,,,,,CAT6a,,,,,,,,,,,,,,
Cable Is Ran: Complete,US-PHX01,c160:257:22,con-01-c160-gg1-c1-r257-us-west-02b,OM2216-C14,6,,,,,US-PHX01,c160:257:31,t1d-gg1-c1-01-r257-us-west-02b,SN4700,console,,,,,CAT6a,,,,,,,,,,,,,,
Cable Is Ran: Complete,US-PHX01,c160:257:22,con-01-c160-gg1-c1-r257-us-west-02b,OM2216-C14,7,,,,,US-PHX01,c160:257:29,comp-dist-gg1-c1-01-r257-us-west-02b,SN3700,console,,,,,CAT6a,,,,,,,,,,,,,,
Cable Is Ran: Complete,US-PHX01,c160:257:22,con-01-c160-gg1-c1-r257-us-west-02b,OM2216-C14,8,,,,,US-PHX01,c160:257:28,comp-dist-gg1-c1-02-r257-us-west-02b,SN3700,console,,,,,CAT6a,,,,,,,,,,,,,,
Cable Is Ran: Complete,US-PHX01,c160:257:22,con-01-c160-gg1-c1-r257-us-west-02b,OM2216-C14,9,,,,,US-PHX01,c160:257:20,net-01-c160-gg1-c1-r257-us-west-02b,SN2201,console,,,,,CAT6a,,,,,,,,,,,,,,
Cable Is Ran: Complete,US-PHX01,c160:257:22,con-01-c160-gg1-c1-r257-us-west-02b,OM2216-C14,10,,,,,US-PHX01,c160:257:18,ipmi-gg1-c1-r257-us-west-02b,SN2201,console,,,,,CAT6a,,,,,,,,,,,,,,
Cable Is Ran: Complete,US-PHX01,c160:257:22,con-01-c160-gg1-c1-r257-us-west-02b,OM2216-C14,11,,,,,US-PHX01,c160:257:16,dpu-gg1-c1-r257-us-west-02b,SN2201,console,,,,,CAT6a,,,,,,,,,,,,,,
Cable Is Ran: Complete,US-PHX01,c160:257:22,con-01-c160-gg1-c1-r257-us-west-02b,OM2216-C14,12,,,,,US-PHX01,c160:257:14,infra-01-gg1-c1-r257-us-west-02b,SN2201,console,,,,,CAT6a,,,,,,,,,,,,,,
,,,,,,,,,,,,,,,,,,,,,,,,,,,,,,,,,
,,,,,,,,,,,,,,,,,,,,,,,,,,,,,,,,,
Cable Is Ran: Complete,US-PHX01,c160:273:22,con-01-c160-gg1-c1-r273-us-west-02b,OM2216-C14,1,,,,,US-PHX01,c160:273:44,t0-gg1-c1-01-r273-us-west-02b,SN4700,console,,,,,CAT6a,,,,,,,,,,,,,,
Cable Is Ran: Complete,US-PHX01,c160:273:22,con-01-c160-gg1-c1-r273-us-west-02b,OM2216-C14,2,,,,,US-PHX01,c160:273:42,t0-gg1-c1-02-r273-us-west-02b,SN4700,console,,,,,CAT6a,,,,,,,,,,,,,,
Cable Is Ran: Complete,US-PHX01,c160:273:22,con-01-c160-gg1-c1-r273-us-west-02b,OM2216-C14,3,,,,,US-PHX01,c160:273:20,net-01-c160-gg1-c1-r273-us-west-02b,SN2201,console,,,,,CAT6a,,,,,,,,,,,,,,
Cable Is Ran: Complete,US-PHX01,c160:273:22,con-01-c160-gg1-c1-r273-us-west-02b,OM2216-C14,4,,,,,US-PHX01,c160:273:39,ipmi-gg1-c1-r273-us-west-02b,SN2201,console,,,,,CAT6a,,,,,,,,,,,,,,
Cable Is Ran: Complete,US-PHX01,c160:273:22,con-01-c160-gg1-c1-r273-us-west-02b,OM2216-C14,5,,,,,US-PHX01,c160:273:37,dpu-gg1-c1-r273-us-west-02b,SN2201,console,,,,,CAT6a,,,,,,,,,,,,,,
Cable Is Ran: Complete,US-PHX01,c160:273:22,con-01-c160-gg1-c1-r273-us-west-02b,OM2216-C14,6,,,,,US-PHX01,c160:273:14,infra-01-gg1-c1-r273-us-west-02b,SN2201,console,,,,,CAT6a,,,,,,,,,,,,,,
,,,,,,,,,,,,,,,,,,,,,,,,,,,,,,,,,
,,,,,,,,,,,,,,,,,,,,,,,,,,,,,,,,,
END-OF-ROW MGMT GG1-C2,,,,,,,,,,,,,,,,,,,,,,,,,,,,,,,,,
LLDP:  Passed,US-PHX01,c160:289:20,net-01-c160-gg1-c2-r289-us-west-02b,SN2201,swp1,,,,,US-PHX01,c160:289:42,t0-gg1-c2-01-r289-us-west-02b,SN4700,mgmt,,,,,CAT6a,,,,,,,,,,,,,,
LLDP:  Passed,US-PHX01,c160:289:20,net-01-c160-gg1-c2-r289-us-west-02b,SN2201,swp2,,,,,US-PHX01,c160:289:40,t0-gg1-c2-02-r289-us-west-02b,SN4700,mgmt,,,,,CAT6a,,,,,,,,,,,,,,
LLDP:  Passed,US-PHX01,c160:289:20,net-01-c160-gg1-c2-r289-us-west-02b,SN2201,swp3,,,,,US-PHX01,c160:289:37,t1a-gg1-c2-01-r289-us-west-02b,SN4700,mgmt,,,,,CAT6a,,,,,,,,,,,,,,
LLDP:  Passed,US-PHX01,c160:289:20,net-01-c160-gg1-c2-r289-us-west-02b,SN2201,swp4,,,,,US-PHX01,c160:289:35,t1b-gg1-c2-01-r289-us-west-02b,SN4700,mgmt,,,,,CAT6a,,,,,,,,,,,,,,
LLDP:  Passed,US-PHX01,c160:289:20,net-01-c160-gg1-c2-r289-us-west-02b,SN2201,swp5,,,,,US-PHX01,c160:289:33,t1c-gg1-c2-01-r289-us-west-02b,SN4700,mgmt,,,,,CAT6a,,,,,,,,,,,,,,
LLDP:  Passed,US-PHX01,c160:289:20,net-01-c160-gg1-c2-r289-us-west-02b,SN2201,swp6,,,,,US-PHX01,c160:289:31,t1d-gg1-c2-01-r289-us-west-02b,SN4700,mgmt,,,,,CAT6a,,,,,,,,,,,,,,
LLDP:  Passed,US-PHX01,c160:289:20,net-01-c160-gg1-c2-r289-us-west-02b,SN2201,swp7,,,,,US-PHX01,c160:289:29,comp-dist-gg1-c2-01-r289-us-west-02b,SN3700,mgmt,,,,,CAT6a,,,,,,,,,,,,,,
LLDP:  Passed,US-PHX01,c160:289:20,net-01-c160-gg1-c2-r289-us-west-02b,SN2201,swp8,,,,,US-PHX01,c160:289:28,comp-dist-gg1-c2-02-r289-us-west-02b,SN3700,mgmt,,,,,CAT6a,,,,,,,,,,,,,,
Cable Is Ran: Complete,US-PHX01,c160:289:20,net-01-c160-gg1-c2-r289-us-west-02b,SN2201,swp9,,,,,US-PHX01,c160:289:22,con-01-c160-gg1-c2-r289-us-west-02b,OM2216-C14,NET1,,,,,CAT6a,,,,,,,,,,,,,,
LLDP:  Passed,US-PHX01,c160:289:20,net-01-c160-gg1-c2-r289-us-west-02b,SN2201,swp10,,,,,US-PHX01,c160:289:18,ipmi-gg1-c2-r289-us-west-02b,SN2201,mgmt,,,,,CAT6a,,,,,,,,,,,,,,
LLDP:  Passed,US-PHX01,c160:289:20,net-01-c160-gg1-c2-r289-us-west-02b,SN2201,swp11,,,,,US-PHX01,c160:289:16,dpu-gg1-c2-r289-us-west-02b,SN2201,mgmt,,,,,CAT6a,,,,,,,,,,,,,,
LLDP:  Passed,US-PHX01,c160:289:20,net-01-c160-gg1-c2-r289-us-west-02b,SN2201,swp12,,,,,US-PHX01,c160:289:14,infra-01-gg1-c2-r289-us-west-02b,SN2201,mgmt,,,,,CAT6a,,,,,,,,,,,,,,
LLDP:  Passed,US-PHX01,c160:289:20,net-01-c160-gg1-c2-r289-us-west-02b,SN2201,swp13,,,,,US-PHX01,c160:305:20,net-01-c160-gg1-c2-r305-us-west-02b,SN2201,mgmt,,,,,CAT6a,,,,,,,,,,,,,,
LLDP:  Passed,US-PHX01,c160:289:20,net-01-c160-gg1-c2-r289-us-west-02b,SN2201,swp14,,,,,US-PHX01,c160:321:20,net-01-c160-gg1-c2-r321-us-west-02b,SN2201,mgmt,,,,,CAT6a,,,,,,,,,,,,,,
LLDP:  Passed,US-PHX01,c160:289:20,net-01-c160-gg1-c2-r289-us-west-02b,SN2201,swp15,,,,,US-PHX01,c160:337:20,net-01-c160-gg1-c2-r337-us-west-02b,SN2201,mgmt,,,,,CAT6a,,,,,,,,,,,,,,
,,,,,,,,,,,,,,,,,,,,,,,,,,,,,,,,,
LLDP:  Passed,US-PHX01,c160:305:20,net-01-c160-gg1-c2-r305-us-west-02b,SN2201,swp1,,,,,US-PHX01,c160:305:44,t0-gg1-c2-01-r305-us-west-02b,SN4700,mgmt,,,,,CAT6a,,,,,,,,,,,,,,
LLDP:  Passed,US-PHX01,c160:305:20,net-01-c160-gg1-c2-r305-us-west-02b,SN2201,swp2,,,,,US-PHX01,c160:305:42,t0-gg1-c2-02-r305-us-west-02b,SN4700,mgmt,,,,,CAT6a,,,,,,,,,,,,,,
Cable Is Ran: Complete,US-PHX01,c160:305:20,net-01-c160-gg1-c2-r305-us-west-02b,SN2201,swp3,,,,,US-PHX01,c160:305:22,con-01-c160-gg1-c2-r305-us-west-02b,OM2216-C14,NET1,,,,,CAT6a,,,,,,,,,,,,,,
LLDP:  Passed,US-PHX01,c160:305:20,net-01-c160-gg1-c2-r305-us-west-02b,SN2201,swp4,,,,,US-PHX01,c160:305:39,ipmi-gg1-c2-r305-us-west-02b,SN2201,mgmt,,,,,CAT6a,,,,,,,,,,,,,,
LLDP:  Passed,US-PHX01,c160:305:20,net-01-c160-gg1-c2-r305-us-west-02b,SN2201,swp5,,,,,US-PHX01,c160:305:37,dpu-gg1-c2-r305-us-west-02b,SN2201,mgmt,,,,,CAT6a,,,,,,,,,,,,,,
LLDP:  Failed,US-PHX01,c160:305:20,net-01-c160-gg1-c2-r305-us-west-02b,SN2201,swp6,,,,,US-PHX01,c160:305:14,infra-01-gg1-c2-r305-us-west-02b,SN2201,mgmt,,,,,CAT6a,,,,,,,,,,,,,,
,,,,,,,,,,,,,,,,,,,,,,,,,,,,,,,,,
LLDP:  Passed,US-PHX01,c160:321:20,net-01-c160-gg1-c2-r321-us-west-02b,SN2201,swp1,,,,,US-PHX01,c160:321:44,t0-gg1-c2-01-r321-us-west-02b,SN4700,mgmt,,,,,CAT6a,,,,,,,,,,,,,,
LLDP:  Passed,US-PHX01,c160:321:20,net-01-c160-gg1-c2-r321-us-west-02b,SN2201,swp2,,,,,US-PHX01,c160:321:42,t0-gg1-c2-02-r321-us-west-02b,SN4700,mgmt,,,,,CAT6a,,,,,,,,,,,,,,
Cable Is Ran: Complete,US-PHX01,c160:321:20,net-01-c160-gg1-c2-r321-us-west-02b,SN2201,swp3,,,,,US-PHX01,c160:321:22,con-01-c160-gg1-c2-r321-us-west-02b,OM2216-C14,NET1,,,,,CAT6a,,,,,,,,,,,,,,
LLDP:  Passed,US-PHX01,c160:321:20,net-01-c160-gg1-c2-r321-us-west-02b,SN2201,swp4,,,,,US-PHX01,c160:321:39,ipmi-gg1-c2-r321-us-west-02b,SN2201,mgmt,,,,,CAT6a,,,,,,,,,,,,,,
LLDP:  Passed,US-PHX01,c160:321:20,net-01-c160-gg1-c2-r321-us-west-02b,SN2201,swp5,,,,,US-PHX01,c160:321:37,dpu-gg1-c2-r321-us-west-02b,SN2201,mgmt,,,,,CAT6a,,,,,,,,,,,,,,
LLDP:  Failed,US-PHX01,c160:321:20,net-01-c160-gg1-c2-r321-us-west-02b,SN2201,swp6,,,,,US-PHX01,c160:321:14,infra-01-gg1-c2-r321-us-west-02b,SN2201,mgmt,,,,,CAT6a,,,,,,,,,,,,,,
,,,,,,,,,,,,,,,,,,,,,,,,,,,,,,,,,
LLDP:  Passed,US-PHX01,c160:337:20,net-01-c160-gg1-c2-r337-us-west-02b,SN2201,swp1,,,,,US-PHX01,c160:337:44,t0-gg1-c2-01-r337-us-west-02b,SN4700,mgmt,,,,,CAT6a,,,,,,,,,,,,,,
LLDP:  Passed,US-PHX01,c160:337:20,net-01-c160-gg1-c2-r337-us-west-02b,SN2201,swp2,,,,,US-PHX01,c160:337:42,t0-gg1-c2-02-r337-us-west-02b,SN4700,mgmt,,,,,CAT6a,,,,,,,,,,,,,,
Cable Is Ran: Complete,US-PHX01,c160:337:20,net-01-c160-gg1-c2-r337-us-west-02b,SN2201,swp3,,,,,US-PHX01,c160:337:22,con-01-c160-gg1-c2-r337-us-west-02b,OM2216-C14,NET1,,,,,CAT6a,,,,,,,,,,,,,,
LLDP:  Passed,US-PHX01,c160:337:20,net-01-c160-gg1-c2-r337-us-west-02b,SN2201,swp4,,,,,US-PHX01,c160:337:39,ipmi-gg1-c2-r337-us-west-02b,SN2201,mgmt,,,,,CAT6a,,,,,,,,,,,,,,
LLDP:  Passed,US-PHX01,c160:337:20,net-01-c160-gg1-c2-r337-us-west-02b,SN2201,swp5,,,,,US-PHX01,c160:337:37,dpu-gg1-c2-r337-us-west-02b,SN2201,mgmt,,,,,CAT6a,,,,,,,,,,,,,,
LLDP:  Failed,US-PHX01,c160:337:20,net-01-c160-gg1-c2-r337-us-west-02b,SN2201,swp6,,,,,US-PHX01,c160:337:14,infra-01-gg1-c2-r337-us-west-02b,SN2201,mgmt,,,,,CAT6a,,,,,,,,,,,,,,
,,,,,,,,,,,,,,,,,,,,,,,,,,,,,,,,,
,,,,,,,,,,,,,,,,,,,,,,,,,,,,,,,,,
END-OF-ROW CON GG1-C2,,,,,,,,,,,,,,,,,,,,,,,,,,,,,,,,,
Cable Is Ran: Complete,US-PHX01,c160:289:22,con-01-c160-gg1-c2-r289-us-west-02b,OM2216-C14,1,,,,,US-PHX01,c160:289:42,t0-gg1-c2-01-r289-us-west-02b,SN4700,console,,,,,CAT6a,,,,,,,,,,,,,,
Cable Is Ran: Complete,US-PHX01,c160:289:22,con-01-c160-gg1-c2-r289-us-west-02b,OM2216-C14,2,,,,,US-PHX01,c160:289:40,t0-gg1-c2-02-r289-us-west-02b,SN4700,console,,,,,CAT6a,,,,,,,,,,,,,,
Cable Is Ran: Complete,US-PHX01,c160:289:22,con-01-c160-gg1-c2-r289-us-west-02b,OM2216-C14,3,,,,,US-PHX01,c160:289:37,t1a-gg1-c2-01-r289-us-west-02b,SN4700,console,,,,,CAT6a,,,,,,,,,,,,,,
Cable Is Ran: Complete,US-PHX01,c160:289:22,con-01-c160-gg1-c2-r289-us-west-02b,OM2216-C14,4,,,,,US-PHX01,c160:289:35,t1b-gg1-c2-01-r289-us-west-02b,SN4700,console,,,,,CAT6a,,,,,,,,,,,,,,
Cable Is Ran: Complete,US-PHX01,c160:289:22,con-01-c160-gg1-c2-r289-us-west-02b,OM2216-C14,5,,,,,US-PHX01,c160:289:33,t1c-gg1-c2-01-r289-us-west-02b,SN4700,console,,,,,CAT6a,,,,,,,,,,,,,,
Cable Is Ran: Complete,US-PHX01,c160:289:22,con-01-c160-gg1-c2-r289-us-west-02b,OM2216-C14,6,,,,,US-PHX01,c160:289:31,t1d-gg1-c2-01-r289-us-west-02b,SN4700,console,,,,,CAT6a,,,,,,,,,,,,,,
Cable Is Ran: Complete,US-PHX01,c160:289:22,con-01-c160-gg1-c2-r289-us-west-02b,OM2216-C14,7,,,,,US-PHX01,c160:289:29,comp-dist-gg1-c2-01-r289-us-west-02b,SN3700,console,,,,,CAT6a,,,,,,,,,,,,,,
Cable Is Ran: Complete,US-PHX01,c160:289:22,con-01-c160-gg1-c2-r289-us-west-02b,OM2216-C14,8,,,,,US-PHX01,c160:289:28,comp-dist-gg1-c2-02-r289-us-west-02b,SN3700,console,,,,,CAT6a,,,,,,,,,,,,,,
Cable Is Ran: Complete,US-PHX01,c160:289:22,con-01-c160-gg1-c2-r289-us-west-02b,OM2216-C14,9,,,,,US-PHX01,c160:289:26,net-dist-gg1-c2-01-r289-us-west-02b,SN3700,console,,,,,CAT6a,,,,,,,,,,,,,,
Cable Is Ran: Complete,US-PHX01,c160:289:22,con-01-c160-gg1-c2-r289-us-west-02b,OM2216-C14,10,,,,,US-PHX01,c160:289:25,net-dist-gg1-c2-02-r289-us-west-02b,SN3700,console,,,,,CAT6a,,,,,,,,,,,,,,
Cable Is Ran: Complete,US-PHX01,c160:289:22,con-01-c160-gg1-c2-r289-us-west-02b,OM2216-C14,11,,,,,US-PHX01,c160:289:20,net-01-c160-gg1-c2-r289-us-west-02b,SN2201,console,,,,,CAT6a,,,,,,,,,,,,,,
Cable Is Ran: Complete,US-PHX01,c160:289:22,con-01-c160-gg1-c2-r289-us-west-02b,OM2216-C14,12,,,,,US-PHX01,c160:289:18,ipmi-gg1-c2-r289-us-west-02b,SN2201,console,,,,,CAT6a,,,,,,,,,,,,,,
Cable Is Ran: Complete,US-PHX01,c160:289:22,con-01-c160-gg1-c2-r289-us-west-02b,OM2216-C14,13,,,,,US-PHX01,c160:289:16,dpu-gg1-c2-r289-us-west-02b,SN2201,console,,,,,CAT6a,,,,,,,,,,,,,,
Cable Is Ran: Complete,US-PHX01,c160:289:22,con-01-c160-gg1-c2-r289-us-west-02b,OM2216-C14,14,,,,,US-PHX01,c160:289:14,infra-01-gg1-c2-r289-us-west-02b,SN2201,console,,,,,CAT6a,,,,,,,,,,,,,,
,,,,,,,,,,,,,,,,,,,,,,,,,,,,,,,,,
Cable Is Ran: Complete,US-PHX01,c160:305:22,con-01-c160-gg1-c2-r305-us-west-02b,OM2216-C14,1,,,,,US-PHX01,c160:305:44,t0-gg1-c2-01-r305-us-west-02b,SN4700,console,,,,,CAT6a,,,,,,,,,,,,,,
Cable Is Ran: Complete,US-PHX01,c160:305:22,con-01-c160-gg1-c2-r305-us-west-02b,OM2216-C14,2,,,,,US-PHX01,c160:305:42,t0-gg1-c2-02-r305-us-west-02b,SN4700,console,,,,,CAT6a,,,,,,,,,,,,,,
Cable Is Ran: Complete,US-PHX01,c160:305:22,con-01-c160-gg1-c2-r305-us-west-02b,OM2216-C14,3,,,,,US-PHX01,c160:305:20,net-01-c160-gg1-c2-r305-us-west-02b,SN2201,console,,,,,CAT6a,,,,,,,,,,,,,,
Cable Is Ran: Complete,US-PHX01,c160:305:22,con-01-c160-gg1-c2-r305-us-west-02b,OM2216-C14,4,,,,,US-PHX01,c160:305:39,ipmi-gg1-c2-r305-us-west-02b,SN2201,console,,,,,CAT6a,,,,,,,,,,,,,,
Cable Is Ran: Complete,US-PHX01,c160:305:22,con-01-c160-gg1-c2-r305-us-west-02b,OM2216-C14,5,,,,,US-PHX01,c160:305:37,dpu-gg1-c2-r305-us-west-02b,SN2201,console,,,,,CAT6a,,,,,,,,,,,,,,
Cable Is Ran: Complete,US-PHX01,c160:305:22,con-01-c160-gg1-c2-r305-us-west-02b,OM2216-C14,6,,,,,US-PHX01,c160:305:14,infra-01-gg1-c2-r305-us-west-02b,SN2201,console,,,,,CAT6a,,,,,,,,,,,,,,
,,,,,,,,,,,,,,,,,,,,,,,,,,,,,,,,,
Cable Is Ran: Complete,US-PHX01,c160:321:22,con-01-c160-gg1-c2-r321-us-west-02b,OM2216-C14,1,,,,,US-PHX01,c160:321:44,t0-gg1-c2-01-r321-us-west-02b,SN4700,console,,,,,CAT6a,,,,,,,,,,,,,,
Cable Is Ran: Complete,US-PHX01,c160:321:22,con-01-c160-gg1-c2-r321-us-west-02b,OM2216-C14,2,,,,,US-PHX01,c160:321:42,t0-gg1-c2-02-r321-us-west-02b,SN4700,console,,,,,CAT6a,,,,,,,,,,,,,,
Cable Is Ran: Complete,US-PHX01,c160:321:22,con-01-c160-gg1-c2-r321-us-west-02b,OM2216-C14,3,,,,,US-PHX01,c160:321:20,net-01-c160-gg1-c2-r321-us-west-02b,SN2201,console,,,,,CAT6a,,,,,,,,,,,,,,
Cable Is Ran: Complete,US-PHX01,c160:321:22,con-01-c160-gg1-c2-r321-us-west-02b,OM2216-C14,4,,,,,US-PHX01,c160:321:39,ipmi-gg1-c2-r321-us-west-02b,SN2201,console,,,,,CAT6a,,,,,,,,,,,,,,
Cable Is Ran: Complete,US-PHX01,c160:321:22,con-01-c160-gg1-c2-r321-us-west-02b,OM2216-C14,5,,,,,US-PHX01,c160:321:37,dpu-gg1-c2-r321-us-west-02b,SN2201,console,,,,,CAT6a,,,,,,,,,,,,,,
Cable Is Ran: Complete,US-PHX01,c160:321:22,con-01-c160-gg1-c2-r321-us-west-02b,OM2216-C14,6,,,,,US-PHX01,c160:321:14,infra-01-gg1-c2-r321-us-west-02b,SN2201,console,,,,,CAT6a,,,,,,,,,,,,,,
,,,,,,,,,,,,,,,,,,,,,,,,,,,,,,,,,
Cable Is Ran: Complete,US-PHX01,c160:337:22,con-01-c160-gg1-c2-r337-us-west-02b,OM2216-C14,1,,,,,US-PHX01,c160:337:44,t0-gg1-c2-01-r337-us-west-02b,SN4700,console,,,,,CAT6a,,,,,,,,,,,,,,
Cable Is Ran: Complete,US-PHX01,c160:337:22,con-01-c160-gg1-c2-r337-us-west-02b,OM2216-C14,2,,,,,US-PHX01,c160:337:42,t0-gg1-c2-02-r337-us-west-02b,SN4700,console,,,,,CAT6a,,,,,,,,,,,,,,
Cable Is Ran: Complete,US-PHX01,c160:337:22,con-01-c160-gg1-c2-r337-us-west-02b,OM2216-C14,3,,,,,US-PHX01,c160:337:20,net-01-c160-gg1-c2-r337-us-west-02b,SN2201,console,,,,,CAT6a,,,,,,,,,,,,,,
Cable Is Ran: Complete,US-PHX01,c160:337:22,con-01-c160-gg1-c2-r337-us-west-02b,OM2216-C14,4,,,,,US-PHX01,c160:337:39,ipmi-gg1-c2-r337-us-west-02b,SN2201,console,,,,,CAT6a,,,,,,,,,,,,,,
Cable Is Ran: Complete,US-PHX01,c160:337:22,con-01-c160-gg1-c2-r337-us-west-02b,OM2216-C14,5,,,,,US-PHX01,c160:337:37,dpu-gg1-c2-r337-us-west-02b,SN2201,console,,,,,CAT6a,,,,,,,,,,,,,,
Cable Is Ran: Complete,US-PHX01,c160:337:22,con-01-c160-gg1-c2-r337-us-west-02b,OM2216-C14,6,,,,,US-PHX01,c160:337:14,infra-01-gg1-c2-r337-us-west-02b,SN2201,console,,,,,CAT6a,,,,,,,,,,,,,,
,,,,,,,,,,,,,,,,,,,,,,,,,,,,,,,,,
,,,,,,,,,,,,,,,,,,,,,,,,,,,,,,,,,
END-OF-ROW MGMT GG1-C3,,,,,,,,,,,,,,,,,,,,,,,,,,,,,,,,,
LLDP:  Passed,US-PHX01,c160:385:20,net-01-c160-gg1-c3-r385-us-west-02b,SN2201,swp1,,,,,US-PHX01,c160:385:42,t0-gg1-c3-01-r385-us-west-02b,SN4700,mgmt,,,,,CAT6a,,,,,,,,,,,,,,
LLDP:  Passed,US-PHX01,c160:385:20,net-01-c160-gg1-c3-r385-us-west-02b,SN2201,swp2,,,,,US-PHX01,c160:385:40,t0-gg1-c3-02-r385-us-west-02b,SN4700,mgmt,,,,,CAT6a,,,,,,,,,,,,,,
LLDP:  Passed,US-PHX01,c160:385:20,net-01-c160-gg1-c3-r385-us-west-02b,SN2201,swp3,,,,,US-PHX01,c160:385:37,t1a-gg1-c3-01-r385-us-west-02b,SN4700,mgmt,,,,,CAT6a,,,,,,,,,,,,,,
LLDP:  Passed,US-PHX01,c160:385:20,net-01-c160-gg1-c3-r385-us-west-02b,SN2201,swp4,,,,,US-PHX01,c160:385:35,t1b-gg1-c3-01-r385-us-west-02b,SN4700,mgmt,,,,,CAT6a,,,,,,,,,,,,,,
LLDP:  Passed,US-PHX01,c160:385:20,net-01-c160-gg1-c3-r385-us-west-02b,SN2201,swp5,,,,,US-PHX01,c160:385:33,t1c-gg1-c3-01-r385-us-west-02b,SN4700,mgmt,,,,,CAT6a,,,,,,,,,,,,,,
LLDP:  Passed,US-PHX01,c160:385:20,net-01-c160-gg1-c3-r385-us-west-02b,SN2201,swp6,,,,,US-PHX01,c160:385:31,t1d-gg1-c3-01-r385-us-west-02b,SN4700,mgmt,,,,,CAT6a,,,,,,,,,,,,,,
LLDP:  Passed,US-PHX01,c160:385:20,net-01-c160-gg1-c3-r385-us-west-02b,SN2201,swp7,,,,,US-PHX01,c160:385:29,comp-dist-gg1-c3-01-r385-us-west-02b,SN3700,mgmt,,,,,CAT6a,,,,,,,,,,,,,,
LLDP:  Passed,US-PHX01,c160:385:20,net-01-c160-gg1-c3-r385-us-west-02b,SN2201,swp8,,,,,US-PHX01,c160:385:28,comp-dist-gg1-c3-02-r385-us-west-02b,SN3700,mgmt,,,,,CAT6a,,,,,,,,,,,,,,
Cable Is Ran: Complete,US-PHX01,c160:385:20,net-01-c160-gg1-c3-r385-us-west-02b,SN2201,swp9,,,,,US-PHX01,c160:385:22,con-01-c160-gg1-c3-r385-us-west-02b,OM2216-C14,NET1,,,,,CAT6a,,,,,,,,,,,,,,
LLDP:  Passed,US-PHX01,c160:385:20,net-01-c160-gg1-c3-r385-us-west-02b,SN2201,swp10,,,,,US-PHX01,c160:385:18,ipmi-gg1-c3-r385-us-west-02b,SN2201,mgmt,,,,,CAT6a,,,,,,,,,,,,,,
LLDP:  Passed,US-PHX01,c160:385:20,net-01-c160-gg1-c3-r385-us-west-02b,SN2201,swp11,,,,,US-PHX01,c160:385:16,dpu-gg1-c3-r385-us-west-02b,SN2201,mgmt,,,,,CAT6a,,,,,,,,,,,,,,
LLDP:  Failed,US-PHX01,c160:385:20,net-01-c160-gg1-c3-r385-us-west-02b,SN2201,swp12,,,,,US-PHX01,c160:385:14,infra-01-gg1-c3-r385-us-west-02b,SN2201,mgmt,,,,,CAT6a,,,,,,,,,,,,,,
LLDP:  Passed,US-PHX01,c160:385:20,net-01-c160-gg1-c3-r385-us-west-02b,SN2201,swp13,,,,,US-PHX01,c160:401:20,net-01-c160-gg1-c3-r401-us-west-02b,SN2201,mgmt,,,,,CAT6a,,,,,,,,,,,,,,
LLDP:  Passed,US-PHX01,c160:385:20,net-01-c160-gg1-c3-r385-us-west-02b,SN2201,swp14,,,,,US-PHX01,c160:417:20,net-01-c160-gg1-c3-r417-us-west-02b,SN2201,mgmt,,,,,CAT6a,,,,,,,,,,,,,,
LLDP:  Passed,US-PHX01,c160:385:20,net-01-c160-gg1-c3-r385-us-west-02b,SN2201,swp15,,,,,US-PHX01,c160:433:20,net-01-c160-gg1-c3-r433-us-west-02b,SN2201,mgmt,,,,,CAT6a,,,,,,,,,,,,,,
,,,,,,,,,,,,,,,,,,,,,,,,,,,,,,,,,
LLDP:  Passed,US-PHX01,c160:401:20,net-01-c160-gg1-c3-r401-us-west-02b,SN2201,swp1,,,,,US-PHX01,c160:401:44,t0-gg1-c3-01-r401-us-west-02b,SN4700,mgmt,,,,,CAT6a,,,,,,,,,,,,,,
LLDP:  Passed,US-PHX01,c160:401:20,net-01-c160-gg1-c3-r401-us-west-02b,SN2201,swp2,,,,,US-PHX01,c160:401:42,t0-gg1-c3-02-r401-us-west-02b,SN4700,mgmt,,,,,CAT6a,,,,,,,,,,,,,,
Cable Is Ran: Complete,US-PHX01,c160:401:20,net-01-c160-gg1-c3-r401-us-west-02b,SN2201,swp3,,,,,US-PHX01,c160:401:22,con-01-c160-gg1-c3-r401-us-west-02b,OM2216-C14,NET1,,,,,CAT6a,,,,,,,,,,,,,,
LLDP:  Passed,US-PHX01,c160:401:20,net-01-c160-gg1-c3-r401-us-west-02b,SN2201,swp4,,,,,US-PHX01,c160:401:39,ipmi-gg1-c3-r401-us-west-02b,SN2201,mgmt,,,,,CAT6a,,,,,,,,,,,,,,
LLDP:  Passed,US-PHX01,c160:401:20,net-01-c160-gg1-c3-r401-us-west-02b,SN2201,swp5,,,,,US-PHX01,c160:401:37,dpu-gg1-c3-r401-us-west-02b,SN2201,mgmt,,,,,CAT6a,,,,,,,,,,,,,,
LLDP:  Failed,US-PHX01,c160:401:20,net-01-c160-gg1-c3-r401-us-west-02b,SN2201,swp6,,,,,US-PHX01,c160:401:14,infra-01-gg1-c3-r401-us-west-02b,SN2201,mgmt,,,,,CAT6a,,,,,,,,,,,,,,
,,,,,,,,,,,,,,,,,,,,,,,,,,,,,,,,,
LLDP:  Passed,US-PHX01,c160:417:20,net-01-c160-gg1-c3-r417-us-west-02b,SN2201,swp1,,,,,US-PHX01,c160:417:42,t0-gg1-c3-01-r417-us-west-02b,SN4700,mgmt,,,,,CAT6a,,,,,,,,,,,,,,
LLDP:  Passed,US-PHX01,c160:417:20,net-01-c160-gg1-c3-r417-us-west-02b,SN2201,swp2,,,,,US-PHX01,c160:417:40,t0-gg1-c3-02-r417-us-west-02b,SN4700,mgmt,,,,,CAT6a,,,,,,,,,,,,,,
Cable Is Ran: Complete,US-PHX01,c160:417:20,net-01-c160-gg1-c3-r417-us-west-02b,SN2201,swp3,,,,,US-PHX01,c160:417:22,con-01-c160-gg1-c3-r417-us-west-02b,OM2216-C14,NET1,,,,,CAT6a,,,,,,,,,,,,,,
LLDP:  Passed,US-PHX01,c160:417:20,net-01-c160-gg1-c3-r417-us-west-02b,SN2201,swp4,,,,,US-PHX01,c160:417:18,ipmi-gg1-c3-r417-us-west-02b,SN2201,mgmt,,,,,CAT6a,,,,,,,,,,,,,,
LLDP:  Passed,US-PHX01,c160:417:20,net-01-c160-gg1-c3-r417-us-west-02b,SN2201,swp5,,,,,US-PHX01,c160:417:16,dpu-gg1-c3-r417-us-west-02b,SN2201,mgmt,,,,,CAT6a,,,,,,,,,,,,,,
LLDP:  Passed,US-PHX01,c160:417:20,net-01-c160-gg1-c3-r417-us-west-02b,SN2201,swp6,,,,,US-PHX01,c160:417:14,infra-01-gg1-c3-r417-us-west-02b,SN2201,mgmt,,,,,CAT6a,,,,,,,,,,,,,,
,,,,,,,,,,,,,,,,,,,,,,,,,,,,,,,,,
LLDP:  Passed,US-PHX01,c160:433:20,net-01-c160-gg1-c3-r433-us-west-02b,SN2201,swp1,,,,,US-PHX01,c160:433:44,t0-gg1-c3-01-r433-us-west-02b,SN4700,mgmt,,,,,CAT6a,,,,,,,,,,,,,,
LLDP:  Passed,US-PHX01,c160:433:20,net-01-c160-gg1-c3-r433-us-west-02b,SN2201,swp2,,,,,US-PHX01,c160:433:42,t0-gg1-c3-02-r433-us-west-02b,SN4700,mgmt,,,,,CAT6a,,,,,,,,,,,,,,
Cable Is Ran: Complete,US-PHX01,c160:433:20,net-01-c160-gg1-c3-r433-us-west-02b,SN2201,swp3,,,,,US-PHX01,c160:433:22,con-01-c160-gg1-c3-r433-us-west-02b,OM2216-C14,NET1,,,,,CAT6a,,,,,,,,,,,,,,
LLDP:  Passed,US-PHX01,c160:433:20,net-01-c160-gg1-c3-r433-us-west-02b,SN2201,swp4,,,,,US-PHX01,c160:433:39,ipmi-gg1-c3-r433-us-west-02b,SN2201,mgmt,,,,,CAT6a,,,,,,,,,,,,,,
LLDP:  Passed,US-PHX01,c160:433:20,net-01-c160-gg1-c3-r433-us-west-02b,SN2201,swp5,,,,,US-PHX01,c160:433:37,dpu-gg1-c3-r433-us-west-02b,SN2201,mgmt,,,,,CAT6a,,,,,,,,,,,,,,
LLDP:  Failed,US-PHX01,c160:433:20,net-01-c160-gg1-c3-r433-us-west-02b,SN2201,swp6,,,,,US-PHX01,c160:433:14,infra-01-gg1-c3-r433-us-west-02b,SN2201,mgmt,,,,,CAT6a,,,,,,,,,,,,,,
,,,,,,,,,,,,,,,,,,,,,,,,,,,,,,,,,
,,,,,,,,,,,,,,,,,,,,,,,,,,,,,,,,,
END-OF-ROW CON GG1-C3,,,,,,,,,,,,,,,,,,,,,,,,,,,,,,,,,
Cable Is Ran: Complete,US-PHX01,c160:385:22,con-01-c160-gg1-c3-r385-us-west-02b,OM2216-C14,1,,,,,US-PHX01,c160:385:42,t0-gg1-c3-01-r385-us-west-02b,SN4700,console,,,,,CAT6a,,,,,,,,,,,,,,
Cable Is Ran: Complete,US-PHX01,c160:385:22,con-01-c160-gg1-c3-r385-us-west-02b,OM2216-C14,2,,,,,US-PHX01,c160:385:40,t0-gg1-c3-02-r385-us-west-02b,SN4700,console,,,,,CAT6a,,,,,,,,,,,,,,
Cable Is Ran: Complete,US-PHX01,c160:385:22,con-01-c160-gg1-c3-r385-us-west-02b,OM2216-C14,3,,,,,US-PHX01,c160:385:37,t1a-gg1-c3-01-r385-us-west-02b,SN4700,console,,,,,CAT6a,,,,,,,,,,,,,,
Cable Is Ran: Complete,US-PHX01,c160:385:22,con-01-c160-gg1-c3-r385-us-west-02b,OM2216-C14,4,,,,,US-PHX01,c160:385:35,t1b-gg1-c3-01-r385-us-west-02b,SN4700,console,,,,,CAT6a,,,,,,,,,,,,,,
Cable Is Ran: Complete,US-PHX01,c160:385:22,con-01-c160-gg1-c3-r385-us-west-02b,OM2216-C14,5,,,,,US-PHX01,c160:385:33,t1c-gg1-c3-01-r385-us-west-02b,SN4700,console,,,,,CAT6a,,,,,,,,,,,,,,
Cable Is Ran: Complete,US-PHX01,c160:385:22,con-01-c160-gg1-c3-r385-us-west-02b,OM2216-C14,6,,,,,US-PHX01,c160:385:31,t1d-gg1-c3-01-r385-us-west-02b,SN4700,console,,,,,CAT6a,,,,,,,,,,,,,,
Cable Is Ran: Complete,US-PHX01,c160:385:22,con-01-c160-gg1-c3-r385-us-west-02b,OM2216-C14,7,,,,,US-PHX01,c160:385:29,comp-dist-gg1-c3-01-r385-us-west-02b,SN3700,console,,,,,CAT6a,,,,,,,,,,,,,,
Cable Is Ran: Complete,US-PHX01,c160:385:22,con-01-c160-gg1-c3-r385-us-west-02b,OM2216-C14,8,,,,,US-PHX01,c160:385:28,comp-dist-gg1-c3-02-r385-us-west-02b,SN3700,console,,,,,CAT6a,,,,,,,,,,,,,,
Cable Is Ran: Complete,US-PHX01,c160:385:22,con-01-c160-gg1-c3-r385-us-west-02b,OM2216-C14,9,,,,,US-PHX01,c160:385:26,net-dist-gg1-c3-01-r385-us-west-02b,SN3700,console,,,,,CAT6a,,,,,,,,,,,,,,
Cable Is Ran: Complete,US-PHX01,c160:385:22,con-01-c160-gg1-c3-r385-us-west-02b,OM2216-C14,10,,,,,US-PHX01,c160:385:25,net-dist-gg1-c3-02-r385-us-west-02b,SN3700,console,,,,,CAT6a,,,,,,,,,,,,,,
Cable Is Ran: Complete,US-PHX01,c160:385:22,con-01-c160-gg1-c3-r385-us-west-02b,OM2216-C14,11,,,,,US-PHX01,c160:385:20,net-01-c160-gg1-c3-r385-us-west-02b,SN2201,console,,,,,CAT6a,,,,,,,,,,,,,,
Cable Is Ran: Complete,US-PHX01,c160:385:22,con-01-c160-gg1-c3-r385-us-west-02b,OM2216-C14,12,,,,,US-PHX01,c160:385:18,ipmi-gg1-c3-r385-us-west-02b,SN2201,console,,,,,CAT6a,,,,,,,,,,,,,,
Cable Is Ran: Complete,US-PHX01,c160:385:22,con-01-c160-gg1-c3-r385-us-west-02b,OM2216-C14,13,,,,,US-PHX01,c160:385:16,dpu-gg1-c3-r385-us-west-02b,SN2201,console,,,,,CAT6a,,,,,,,,,,,,,,
Cable Is Ran: Complete,US-PHX01,c160:385:22,con-01-c160-gg1-c3-r385-us-west-02b,OM2216-C14,14,,,,,US-PHX01,c160:385:14,infra-01-gg1-c3-r385-us-west-02b,SN2201,console,,,,,CAT6a,,,,,,,,,,,,,,
,,,,,,,,,,,,,,,,,,,,,,,,,,,,,,,,,
Cable Is Ran: Complete,US-PHX01,c160:401:22,con-01-c160-gg1-c3-r401-us-west-02b,OM2216-C14,1,,,,,US-PHX01,c160:401:44,t0-gg1-c3-01-r401-us-west-02b,SN4700,console,,,,,CAT6a,,,,,,,,,,,,,,
Cable Is Ran: Complete,US-PHX01,c160:401:22,con-01-c160-gg1-c3-r401-us-west-02b,OM2216-C14,2,,,,,US-PHX01,c160:401:42,t0-gg1-c3-02-r401-us-west-02b,SN4700,console,,,,,CAT6a,,,,,,,,,,,,,,
Cable Is Ran: Complete,US-PHX01,c160:401:22,con-01-c160-gg1-c3-r401-us-west-02b,OM2216-C14,3,,,,,US-PHX01,c160:401:20,net-01-c160-gg1-c3-r401-us-west-02b,SN2201,console,,,,,CAT6a,,,,,,,,,,,,,,
Cable Is Ran: Complete,US-PHX01,c160:401:22,con-01-c160-gg1-c3-r401-us-west-02b,OM2216-C14,4,,,,,US-PHX01,c160:401:39,ipmi-gg1-c3-r401-us-west-02b,SN2201,console,,,,,CAT6a,,,,,,,,,,,,,,
Cable Is Ran: Complete,US-PHX01,c160:401:22,con-01-c160-gg1-c3-r401-us-west-02b,OM2216-C14,5,,,,,US-PHX01,c160:401:37,dpu-gg1-c3-r401-us-west-02b,SN2201,console,,,,,CAT6a,,,,,,,,,,,,,,
Cable Is Ran: Complete,US-PHX01,c160:401:22,con-01-c160-gg1-c3-r401-us-west-02b,OM2216-C14,6,,,,,US-PHX01,c160:401:14,infra-01-gg1-c3-r401-us-west-02b,SN2201,console,,,,,CAT6a,,,,,,,,,,,,,,
,,,,,,,,,,,,,,,,,,,CAT6a,,,,,,,,,,,,,,
Cable Is Ran: Complete,US-PHX01,c160:417:22,con-01-c160-gg1-c3-r417-us-west-02b,OM2216-C14,1,,,,,US-PHX01,c160:417:42,t0-gg1-c3-01-r417-us-west-02b,SN4700,console,,,,,CAT6a,,,,,,,,,,,,,,
Cable Is Ran: Complete,US-PHX01,c160:417:22,con-01-c160-gg1-c3-r417-us-west-02b,OM2216-C14,2,,,,,US-PHX01,c160:417:40,t0-gg1-c3-02-r417-us-west-02b,SN4700,console,,,,,CAT6a,,,,,,,,,,,,,,
Cable Is Ran: Complete,US-PHX01,c160:417:22,con-01-c160-gg1-c3-r417-us-west-02b,OM2216-C14,3,,,,,US-PHX01,c160:417:20,net-01-c160-gg1-c3-r417-us-west-02b,SN2201,console,,,,,CAT6a,,,,,,,,,,,,,,
Cable Is Ran: Complete,US-PHX01,c160:417:22,con-01-c160-gg1-c3-r417-us-west-02b,OM2216-C14,4,,,,,US-PHX01,c160:417:18,ipmi-gg1-c3-r417-us-west-02b,SN2201,console,,,,,CAT6a,,,,,,,,,,,,,,
Cable Is Ran: Complete,US-PHX01,c160:417:22,con-01-c160-gg1-c3-r417-us-west-02b,OM2216-C14,5,,,,,US-PHX01,c160:417:16,dpu-gg1-c3-r417-us-west-02b,SN2201,console,,,,,CAT6a,,,,,,,,,,,,,,
Cable Is Ran: Complete,US-PHX01,c160:417:22,con-01-c160-gg1-c3-r417-us-west-02b,OM2216-C14,6,,,,,US-PHX01,c160:417:14,infra-01-gg1-c3-r417-us-west-02b,SN2201,console,,,,,CAT6a,,,,,,,,,,,,,,
,,,,,,,,,,,,,,,,,,,,,,,,,,,,,,,,,
Cable Is Ran: Complete,US-PHX01,c160:433:22,con-01-c160-gg1-c3-r433-us-west-02b,OM2216-C14,1,,,,,US-PHX01,c160:433:44,t0-gg1-c3-01-r433-us-west-02b,SN4700,console,,,,,CAT6a,,,,,,,,,,,,,,
Cable Is Ran: Complete,US-PHX01,c160:433:22,con-01-c160-gg1-c3-r433-us-west-02b,OM2216-C14,2,,,,,US-PHX01,c160:433:42,t0-gg1-c3-02-r433-us-west-02b,SN4700,console,,,,,CAT6a,,,,,,,,,,,,,,
Cable Is Ran: Complete,US-PHX01,c160:433:22,con-01-c160-gg1-c3-r433-us-west-02b,OM2216-C14,3,,,,,US-PHX01,c160:433:20,net-01-c160-gg1-c3-r433-us-west-02b,SN2201,console,,,,,CAT6a,,,,,,,,,,,,,,
Cable Is Ran: Complete,US-PHX01,c160:433:22,con-01-c160-gg1-c3-r433-us-west-02b,OM2216-C14,4,,,,,US-PHX01,c160:433:39,ipmi-gg1-c3-r433-us-west-02b,SN2201,console,,,,,CAT6a,,,,,,,,,,,,,,
Cable Is Ran: Complete,US-PHX01,c160:433:22,con-01-c160-gg1-c3-r433-us-west-02b,OM2216-C14,5,,,,,US-PHX01,c160:433:37,dpu-gg1-c3-r433-us-west-02b,SN2201,console,,,,,CAT6a,,,,,,,,,,,,,,
Cable Is Ran: Complete,US-PHX01,c160:433:22,con-01-c160-gg1-c3-r433-us-west-02b,OM2216-C14,6,,,,,US-PHX01,c160:433:14,infra-01-gg1-c3-r433-us-west-02b,SN2201,console,,,,,CAT6a,,,,,,,,,,,,,,
,,,,,,,,,,,,,,,,,,,,,,,,,,,,,,,,,
,,,,,,,,,,,,,,,,,,,,,,,,,,,,,,,,,
END-OF-ROW MGMT GG1-C4,,,,,,,,,,,,,,,,,,,,,,,,,,,,,,,,,
LLDP:  Passed,US-PHX01,c160:449:20,net-01-c160-gg1-c4-r449-us-west-02b,SN2201,swp1,,,,,US-PHX01,c160:449:42,t0-gg1-c4-01-r449-us-west-02b,SN4700,mgmt,,,,,CAT6a,,,,,,,,,,,,,,
LLDP:  Passed,US-PHX01,c160:449:20,net-01-c160-gg1-c4-r449-us-west-02b,SN2201,swp2,,,,,US-PHX01,c160:449:40,t0-gg1-c4-02-r449-us-west-02b,SN4700,mgmt,,,,,CAT6a,,,,,,,,,,,,,,
LLDP:  Passed,US-PHX01,c160:449:20,net-01-c160-gg1-c4-r449-us-west-02b,SN2201,swp3,,,,,US-PHX01,c160:449:37,t1a-gg1-c4-01-r449-us-west-02b,SN4700,mgmt,,,,,CAT6a,,,,,,,,,,,,,,
LLDP:  Passed,US-PHX01,c160:449:20,net-01-c160-gg1-c4-r449-us-west-02b,SN2201,swp4,,,,,US-PHX01,c160:449:35,t1b-gg1-c4-01-r449-us-west-02b,SN4700,mgmt,,,,,CAT6a,,,,,,,,,,,,,,
LLDP:  Passed,US-PHX01,c160:449:20,net-01-c160-gg1-c4-r449-us-west-02b,SN2201,swp5,,,,,US-PHX01,c160:449:33,t1c-gg1-c4-01-r449-us-west-02b,SN4700,mgmt,,,,,CAT6a,,,,,,,,,,,,,,
LLDP:  Passed,US-PHX01,c160:449:20,net-01-c160-gg1-c4-r449-us-west-02b,SN2201,swp6,,,,,US-PHX01,c160:449:31,t1d-gg1-c4-01-r449-us-west-02b,SN4700,mgmt,,,,,CAT6a,,,,,,,,,,,,,,
LLDP:  Passed,US-PHX01,c160:449:20,net-01-c160-gg1-c4-r449-us-west-02b,SN2201,swp7,,,,,US-PHX01,c160:449:29,comp-dist-gg1-c4-01-r449-us-west-02b,SN3700,mgmt,,,,,CAT6a,,,,,,,,,,,,,,
LLDP:  Passed,US-PHX01,c160:449:20,net-01-c160-gg1-c4-r449-us-west-02b,SN2201,swp8,,,,,US-PHX01,c160:449:28,comp-dist-gg1-c4-02-r449-us-west-02b,SN3700,mgmt,,,,,CAT6a,,,,,,,,,,,,,,
Cable Is Ran: Complete,US-PHX01,c160:449:20,net-01-c160-gg1-c4-r449-us-west-02b,SN2201,swp9,,,,,US-PHX01,c160:449:22,con-01-c160-gg1-c4-r449-us-west-02b,OM2216-C14,NET1,,,,,CAT6a,,,,,,,,,,,,,,
LLDP:  Passed,US-PHX01,c160:449:20,net-01-c160-gg1-c4-r449-us-west-02b,SN2201,swp10,,,,,US-PHX01,c160:449:18,ipmi-gg1-c4-r449-us-west-02b,SN2201,mgmt,,,,,CAT6a,,,,,,,,,,,,,,
LLDP:  Passed,US-PHX01,c160:449:20,net-01-c160-gg1-c4-r449-us-west-02b,SN2201,swp11,,,,,US-PHX01,c160:449:16,dpu-gg1-c4-r449-us-west-02b,SN2201,mgmt,,,,,CAT6a,,,,,,,,,,,,,,
LLDP:  Failed,US-PHX01,c160:449:20,net-01-c160-gg1-c4-r449-us-west-02b,SN2201,swp12,,,,,US-PHX01,c160:449:14,infra-01-gg1-c4-r449-us-west-02b,SN2201,mgmt,,,,,CAT6a,,,,,,,,,,,,,,
LLDP:  Passed,US-PHX01,c160:449:20,net-01-c160-gg1-c4-r449-us-west-02b,SN2201,swp13,,,,,US-PHX01,c160:465:20,net-01-c160-gg1-c4-r465-us-west-02b,SN2201,mgmt,,,,,CAT6a,,,,,,,,,,,,,,
LLDP:  Passed,US-PHX01,c160:449:20,net-01-c160-gg1-c4-r449-us-west-02b,SN2201,swp14,,,,,US-PHX01,c160:481:20,net-01-c160-gg1-c4-r481-us-west-02b,SN2201,mgmt,,,,,CAT6a,,,,,,,,,,,,,,
LLDP:  Passed,US-PHX01,c160:449:20,net-01-c160-gg1-c4-r449-us-west-02b,SN2201,swp15,,,,,US-PHX01,c160:497:20,net-01-c160-gg1-c4-r497-us-west-02b,SN2201,mgmt,,,,,CAT6a,,,,,,,,,,,,,,
,,,,,,,,,,,,,,,,,,,,,,,,,,,,,,,,,
LLDP:  Passed,US-PHX01,c160:465:20,net-01-c160-gg1-c4-r465-us-west-02b,SN2201,swp1,,,,,US-PHX01,c160:465:44,t0-gg1-c4-01-r465-us-west-02b,SN4700,mgmt,,,,,CAT6a,,,,,,,,,,,,,,
LLDP:  Passed,US-PHX01,c160:465:20,net-01-c160-gg1-c4-r465-us-west-02b,SN2201,swp2,,,,,US-PHX01,c160:465:42,t0-gg1-c4-02-r465-us-west-02b,SN4700,mgmt,,,,,CAT6a,,,,,,,,,,,,,,
Cable Is Ran: Complete,US-PHX01,c160:465:20,net-01-c160-gg1-c4-r465-us-west-02b,SN2201,swp3,,,,,US-PHX01,c160:465:22,con-01-c160-gg1-c4-r465-us-west-02b,OM2216-C14,NET1,,,,,CAT6a,,,,,,,,,,,,,,
LLDP:  Passed,US-PHX01,c160:465:20,net-01-c160-gg1-c4-r465-us-west-02b,SN2201,swp4,,,,,US-PHX01,c160:465:39,ipmi-gg1-c4-r465-us-west-02b,SN2201,mgmt,,,,,CAT6a,,,,,,,,,,,,,,
LLDP:  Passed,US-PHX01,c160:465:20,net-01-c160-gg1-c4-r465-us-west-02b,SN2201,swp5,,,,,US-PHX01,c160:465:37,dpu-gg1-c4-r465-us-west-02b,SN2201,mgmt,,,,,CAT6a,,,,,,,,,,,,,,
LLDP:  Failed,US-PHX01,c160:465:20,net-01-c160-gg1-c4-r465-us-west-02b,SN2201,swp6,,,,,US-PHX01,c160:465:14,infra-01-gg1-c4-r465-us-west-02b,SN2201,mgmt,,,,,CAT6a,,,,,,,,,,,,,,
,,,,,,,,,,,,,,,,,,,,,,,,,,,,,,,,,
LLDP:  Passed,US-PHX01,c160:481:20,net-01-c160-gg1-c4-r481-us-west-02b,SN2201,swp1,,,,,US-PHX01,c160:481:42,t0-gg1-c4-01-r481-us-west-02b,SN4700,mgmt,,,,,CAT6a,,,,,,,,,,,,,,
LLDP:  Passed,US-PHX01,c160:481:20,net-01-c160-gg1-c4-r481-us-west-02b,SN2201,swp2,,,,,US-PHX01,c160:481:40,t0-gg1-c4-02-r481-us-west-02b,SN4700,mgmt,,,,,CAT6a,,,,,,,,,,,,,,
Cable Is Ran: Complete,US-PHX01,c160:481:20,net-01-c160-gg1-c4-r481-us-west-02b,SN2201,swp3,,,,,US-PHX01,c160:481:22,con-01-c160-gg1-c4-r481-us-west-02b,OM2216-C14,NET1,,,,,CAT6a,,,,,,,,,,,,,,
LLDP:  Passed,US-PHX01,c160:481:20,net-01-c160-gg1-c4-r481-us-west-02b,SN2201,swp4,,,,,US-PHX01,c160:481:18,ipmi-gg1-c4-r481-us-west-02b,SN2201,mgmt,,,,,CAT6a,,,,,,,,,,,,,,
LLDP:  Passed,US-PHX01,c160:481:20,net-01-c160-gg1-c4-r481-us-west-02b,SN2201,swp5,,,,,US-PHX01,c160:481:16,dpu-gg1-c4-r481-us-west-02b,SN2201,mgmt,,,,,CAT6a,,,,,,,,,,,,,,
LLDP:  Passed,US-PHX01,c160:481:20,net-01-c160-gg1-c4-r481-us-west-02b,SN2201,swp6,,,,,US-PHX01,c160:481:14,infra-01-gg1-c4-r481-us-west-02b,SN2201,mgmt,,,,,CAT6a,,,,,,,,,,,,,,
,,,,,,,,,,,,,,,,,,,,,,,,,,,,,,,,,
LLDP:  Passed,US-PHX01,c160:497:20,net-01-c160-gg1-c4-r497-us-west-02b,SN2201,swp1,,,,,US-PHX01,c160:497:42,t0-gg1-c4-01-r497-us-west-02b,SN4700,mgmt,,,,,CAT6a,,,,,,,,,,,,,,
LLDP:  Passed,US-PHX01,c160:497:20,net-01-c160-gg1-c4-r497-us-west-02b,SN2201,swp2,,,,,US-PHX01,c160:497:40,t0-gg1-c4-02-r497-us-west-02b,SN4700,mgmt,,,,,CAT6a,,,,,,,,,,,,,,
Cable Is Ran: Complete,US-PHX01,c160:497:20,net-01-c160-gg1-c4-r497-us-west-02b,SN2201,swp3,,,,,US-PHX01,c160:497:22,con-01-c160-gg1-c4-r497-us-west-02b,OM2216-C14,NET1,,,,,CAT6a,,,,,,,,,,,,,,
LLDP:  Passed,US-PHX01,c160:497:20,net-01-c160-gg1-c4-r497-us-west-02b,SN2201,swp4,,,,,US-PHX01,c160:497:18,ipmi-gg1-c4-r497-us-west-02b,SN2201,mgmt,,,,,CAT6a,,,,,,,,,,,,,,
LLDP:  Passed,US-PHX01,c160:497:20,net-01-c160-gg1-c4-r497-us-west-02b,SN2201,swp5,,,,,US-PHX01,c160:497:16,dpu-gg1-c4-r497-us-west-02b,SN2201,mgmt,,,,,CAT6a,,,,,,,,,,,,,,
LLDP:  Passed,US-PHX01,c160:497:20,net-01-c160-gg1-c4-r497-us-west-02b,SN2201,swp6,,,,,US-PHX01,c160:497:14,infra-01-gg1-c4-r497-us-west-02b,SN2201,mgmt,,,,,CAT6a,,,,,,,,,,,,,,
,,,,,,,,,,,,,,,,,,,,,,,,,,,,,,,,,
,,,,,,,,,,,,,,,,,,,,,,,,,,,,,,,,,
END-OF-ROW CON GG1-C4,,,,,,,,,,,,,,,,,,,,,,,,,,,,,,,,,
Cable Is Ran: Complete,US-PHX01,c160:449:22,con-01-c160-gg1-c4-r449-us-west-02b,OM2216-C14,1,,,,,US-PHX01,c160:449:42,t0-gg1-c4-01-r449-us-west-02b,SN4700,console,,,,,CAT6a,,,,,,,,,,,,,,
Cable Is Ran: Complete,US-PHX01,c160:449:22,con-01-c160-gg1-c4-r449-us-west-02b,OM2216-C14,2,,,,,US-PHX01,c160:449:40,t0-gg1-c4-02-r449-us-west-02b,SN4700,console,,,,,CAT6a,,,,,,,,,,,,,,
Cable Is Ran: Complete,US-PHX01,c160:449:22,con-01-c160-gg1-c4-r449-us-west-02b,OM2216-C14,3,,,,,US-PHX01,c160:449:37,t1a-gg1-c4-01-r449-us-west-02b,SN4700,console,,,,,CAT6a,,,,,,,,,,,,,,
Cable Is Ran: Complete,US-PHX01,c160:449:22,con-01-c160-gg1-c4-r449-us-west-02b,OM2216-C14,4,,,,,US-PHX01,c160:449:35,t1b-gg1-c4-01-r449-us-west-02b,SN4700,console,,,,,CAT6a,,,,,,,,,,,,,,
Cable Is Ran: Complete,US-PHX01,c160:449:22,con-01-c160-gg1-c4-r449-us-west-02b,OM2216-C14,5,,,,,US-PHX01,c160:449:33,t1c-gg1-c4-01-r449-us-west-02b,SN4700,console,,,,,CAT6a,,,,,,,,,,,,,,
Cable Is Ran: Complete,US-PHX01,c160:449:22,con-01-c160-gg1-c4-r449-us-west-02b,OM2216-C14,6,,,,,US-PHX01,c160:449:31,t1d-gg1-c4-01-r449-us-west-02b,SN4700,console,,,,,CAT6a,,,,,,,,,,,,,,
Cable Is Ran: Complete,US-PHX01,c160:449:22,con-01-c160-gg1-c4-r449-us-west-02b,OM2216-C14,7,,,,,US-PHX01,c160:449:29,comp-dist-gg1-c4-01-r449-us-west-02b,SN3700,console,,,,,CAT6a,,,,,,,,,,,,,,
Cable Is Ran: Complete,US-PHX01,c160:449:22,con-01-c160-gg1-c4-r449-us-west-02b,OM2216-C14,8,,,,,US-PHX01,c160:449:28,comp-dist-gg1-c4-02-r449-us-west-02b,SN3700,console,,,,,CAT6a,,,,,,,,,,,,,,
Cable Is Ran: Complete,US-PHX01,c160:449:22,con-01-c160-gg1-c4-r449-us-west-02b,OM2216-C14,9,,,,,US-PHX01,c160:449:26,net-dist-gg1-c4-01-r449-us-west-02b,SN3700,console,,,,,CAT6a,,,,,,,,,,,,,,
Cable Is Ran: Complete,US-PHX01,c160:449:22,con-01-c160-gg1-c4-r449-us-west-02b,OM2216-C14,10,,,,,US-PHX01,c160:449:25,net-dist-gg1-c4-02-r449-us-west-02b,SN3700,console,,,,,CAT6a,,,,,,,,,,,,,,
Cable Is Ran: Complete,US-PHX01,c160:449:22,con-01-c160-gg1-c4-r449-us-west-02b,OM2216-C14,11,,,,,US-PHX01,c160:449:20,net-01-c160-gg1-c4-r449-us-west-02b,SN2201,console,,,,,CAT6a,,,,,,,,,,,,,,
Cable Is Ran: Complete,US-PHX01,c160:449:22,con-01-c160-gg1-c4-r449-us-west-02b,OM2216-C14,12,,,,,US-PHX01,c160:449:18,ipmi-gg1-c4-r449-us-west-02b,SN2201,console,,,,,CAT6a,,,,,,,,,,,,,,
Cable Is Ran: Complete,US-PHX01,c160:449:22,con-01-c160-gg1-c4-r449-us-west-02b,OM2216-C14,13,,,,,US-PHX01,c160:449:16,dpu-gg1-c4-r449-us-west-02b,SN2201,console,,,,,CAT6a,,,,,,,,,,,,,,
Cable Is Ran: Complete,US-PHX01,c160:449:22,con-01-c160-gg1-c4-r449-us-west-02b,OM2216-C14,14,,,,,US-PHX01,c160:449:14,infra-01-gg1-c4-r449-us-west-02b,SN2201,console,,,,,CAT6a,,,,,,,,,,,,,,
,,,,,,,,,,,,,,,,,,,,,,,,,,,,,,,,,
Cable Is Ran: Complete,US-PHX01,c160:465:22,con-01-c160-gg1-c4-r465-us-west-02b,OM2216-C14,1,,,,,US-PHX01,c160:465:44,t0-gg1-c4-01-r465-us-west-02b,SN4700,console,,,,,CAT6a,,,,,,,,,,,,,,
Cable Is Ran: Complete,US-PHX01,c160:465:22,con-01-c160-gg1-c4-r465-us-west-02b,OM2216-C14,2,,,,,US-PHX01,c160:465:42,t0-gg1-c4-02-r465-us-west-02b,SN4700,console,,,,,CAT6a,,,,,,,,,,,,,,
Cable Is Ran: Complete,US-PHX01,c160:465:22,con-01-c160-gg1-c4-r465-us-west-02b,OM2216-C14,3,,,,,US-PHX01,c160:465:20,net-01-c160-gg1-c4-r465-us-west-02b,SN2201,console,,,,,CAT6a,,,,,,,,,,,,,,
Cable Is Ran: Complete,US-PHX01,c160:465:22,con-01-c160-gg1-c4-r465-us-west-02b,OM2216-C14,4,,,,,US-PHX01,c160:465:39,ipmi-gg1-c4-r465-us-west-02b,SN2201,console,,,,,CAT6a,,,,,,,,,,,,,,
Cable Is Ran: Complete,US-PHX01,c160:465:22,con-01-c160-gg1-c4-r465-us-west-02b,OM2216-C14,5,,,,,US-PHX01,c160:465:37,dpu-gg1-c4-r465-us-west-02b,SN2201,console,,,,,CAT6a,,,,,,,,,,,,,,
Cable Is Ran: Complete,US-PHX01,c160:465:22,con-01-c160-gg1-c4-r465-us-west-02b,OM2216-C14,6,,,,,US-PHX01,c160:465:14,infra-01-gg1-c4-r465-us-west-02b,SN2201,console,,,,,CAT6a,,,,,,,,,,,,,,
,,,,,,,,,,,,,,,,,,,CAT6a,,,,,,,,,,,,,,
Cable Is Ran: Complete,US-PHX01,c160:481:22,con-01-c160-gg1-c4-r481-us-west-02b,OM2216-C14,1,,,,,US-PHX01,c160:481:42,t0-gg1-c4-01-r481-us-west-02b,SN4700,console,,,,,CAT6a,,,,,,,,,,,,,,
Cable Is Ran: Complete,US-PHX01,c160:481:22,con-01-c160-gg1-c4-r481-us-west-02b,OM2216-C14,2,,,,,US-PHX01,c160:481:40,t0-gg1-c4-02-r481-us-west-02b,SN4700,console,,,,,CAT6a,,,,,,,,,,,,,,
Cable Is Ran: Complete,US-PHX01,c160:481:22,con-01-c160-gg1-c4-r481-us-west-02b,OM2216-C14,3,,,,,US-PHX01,c160:481:20,net-01-c160-gg1-c4-r481-us-west-02b,SN2201,console,,,,,CAT6a,,,,,,,,,,,,,,
Cable Is Ran: Complete,US-PHX01,c160:481:22,con-01-c160-gg1-c4-r481-us-west-02b,OM2216-C14,4,,,,,US-PHX01,c160:481:18,ipmi-gg1-c4-r481-us-west-02b,SN2201,console,,,,,CAT6a,,,,,,,,,,,,,,
Cable Is Ran: Complete,US-PHX01,c160:481:22,con-01-c160-gg1-c4-r481-us-west-02b,OM2216-C14,5,,,,,US-PHX01,c160:481:16,dpu-gg1-c4-r481-us-west-02b,SN2201,console,,,,,CAT6a,,,,,,,,,,,,,,
Cable Is Ran: Complete,US-PHX01,c160:481:22,con-01-c160-gg1-c4-r481-us-west-02b,OM2216-C14,6,,,,,US-PHX01,c160:481:14,infra-01-gg1-c4-r481-us-west-02b,SN2201,console,,,,,CAT6a,,,,,,,,,,,,,,
,,,,,,,,,,,,,,,,,,,,,,,,,,,,,,,,,
Cable Is Ran: Complete,US-PHX01,c160:497:22,con-01-c160-gg1-c4-r497-us-west-02b,OM2216-C14,1,,,,,US-PHX01,c160:497:42,t0-gg1-c4-01-r497-us-west-02b,SN4700,console,,,,,CAT6a,,,,,,,,,,,,,,
Cable Is Ran: Complete,US-PHX01,c160:497:22,con-01-c160-gg1-c4-r497-us-west-02b,OM2216-C14,2,,,,,US-PHX01,c160:497:40,t0-gg1-c4-02-r497-us-west-02b,SN4700,console,,,,,CAT6a,,,,,,,,,,,,,,
Cable Is Ran: Complete,US-PHX01,c160:497:22,con-01-c160-gg1-c4-r497-us-west-02b,OM2216-C14,3,,,,,US-PHX01,c160:497:20,net-01-c160-gg1-c4-r497-us-west-02b,SN2201,console,,,,,CAT6a,,,,,,,,,,,,,,
Cable Is Ran: Complete,US-PHX01,c160:497:22,con-01-c160-gg1-c4-r497-us-west-02b,OM2216-C14,4,,,,,US-PHX01,c160:497:18,ipmi-gg1-c4-r497-us-west-02b,SN2201,console,,,,,CAT6a,,,,,,,,,,,,,,
Cable Is Ran: Complete,US-PHX01,c160:497:22,con-01-c160-gg1-c4-r497-us-west-02b,OM2216-C14,5,,,,,US-PHX01,c160:497:16,dpu-gg1-c4-r497-us-west-02b,SN2201,console,,,,,CAT6a,,,,,,,,,,,,,,
Cable Is Ran: Complete,US-PHX01,c160:497:22,con-01-c160-gg1-c4-r497-us-west-02b,OM2216-C14,6,,,,,US-PHX01,c160:497:14,infra-01-gg1-c4-r497-us-west-02b,SN2201,console,,,,,CAT6a,,,,,,,,,,,,,,
,,,,,,,,,,,,,,,,,,,,,,,,,,,,,,,,,
TIER-4 to TIER-3 GG1,,,,,,,,,,,,,,,,,,,,,,,,,,,,,,,,,
LLDP:  Passed,US-PHX01,c160:003:18,t4a-01-r003-us-west-02b,SN4700,swp1,,,QSFPDD-400G-DR4,,US-PHX01,c160:005:42,t3a-gg1-01-r005-us-west-02b,SN4700,swp29,,,,QSFPDD-400G-DR4,MPO8-SMF,,,,,,,,,,,,,,
LLDP:  Passed,US-PHX01,c160:003:18,t4a-01-r003-us-west-02b,SN4700,swp2,,,QSFPDD-400G-DR4,,US-PHX01,c160:005:40,t3a-gg1-02-r005-us-west-02b,SN4700,swp29,,,,QSFPDD-400G-DR4,MPO8-SMF,,,,,,,,,,,,,,
LLDP:  Passed,US-PHX01,c160:003:18,t4a-01-r003-us-west-02b,SN4700,swp3,,,QSFPDD-400G-DR4,,US-PHX01,c160:005:38,t3a-gg1-03-r005-us-west-02b,SN4700,swp29,,,,QSFPDD-400G-DR4,MPO8-SMF,,,,,,,,,,,,,,
LLDP:  Passed,US-PHX01,c160:003:18,t4a-01-r003-us-west-02b,SN4700,swp4,,,QSFPDD-400G-DR4,,US-PHX01,c160:005:36,t3a-gg1-04-r005-us-west-02b,SN4700,swp29,,,,QSFPDD-400G-DR4,MPO8-SMF,,,,,,,,,,,,,,
LLDP:  Passed,US-PHX01,c160:003:18,t4a-01-r003-us-west-02b,SN4700,swp5,,,QSFPDD-400G-DR4,,US-PHX01,c160:005:34,t3a-gg1-05-r005-us-west-02b,SN4700,swp29,,,,QSFPDD-400G-DR4,MPO8-SMF,,,,,,,,,,,,,,
LLDP:  Passed,US-PHX01,c160:003:18,t4a-01-r003-us-west-02b,SN4700,swp6,,,QSFPDD-400G-DR4,,US-PHX01,c160:005:32,t3a-gg1-06-r005-us-west-02b,SN4700,swp29,,,,QSFPDD-400G-DR4,MPO8-SMF,,,,,,,,,,,,,,
LLDP:  Passed,US-PHX01,c160:003:18,t4a-01-r003-us-west-02b,SN4700,swp7,,,QSFPDD-400G-DR4,,US-PHX01,c160:005:30,t3a-gg1-07-r005-us-west-02b,SN4700,swp29,,,,QSFPDD-400G-DR4,MPO8-SMF,,,,,,,,,,,,,,
LLDP:  Passed,US-PHX01,c160:003:18,t4a-01-r003-us-west-02b,SN4700,swp8,,,QSFPDD-400G-DR4,,US-PHX01,c160:005:28,t3a-gg1-08-r005-us-west-02b,SN4700,swp29,,,,QSFPDD-400G-DR4,MPO8-SMF,,,,,,,,,,,,,,
,,,,,,,,,,,,,,,,,,,,,,,,,,,,,,,,,
LLDP:  Passed,US-PHX01,c160:003:16,t4a-02-r003-us-west-02b,SN4700,swp1,,,QSFPDD-400G-DR4,,US-PHX01,c160:005:42,t3a-gg1-01-r005-us-west-02b,SN4700,swp30,,,,QSFPDD-400G-DR4,MPO8-SMF,,,,,,,,,,,,,,
LLDP:  Passed,US-PHX01,c160:003:16,t4a-02-r003-us-west-02b,SN4700,swp2,,,QSFPDD-400G-DR4,,US-PHX01,c160:005:40,t3a-gg1-02-r005-us-west-02b,SN4700,swp30,,,,QSFPDD-400G-DR4,MPO8-SMF,,,,,,,,,,,,,,
LLDP:  Passed,US-PHX01,c160:003:16,t4a-02-r003-us-west-02b,SN4700,swp3,,,QSFPDD-400G-DR4,,US-PHX01,c160:005:38,t3a-gg1-03-r005-us-west-02b,SN4700,swp30,,,,QSFPDD-400G-DR4,MPO8-SMF,,,,,,,,,,,,,,
LLDP:  Passed,US-PHX01,c160:003:16,t4a-02-r003-us-west-02b,SN4700,swp4,,,QSFPDD-400G-DR4,,US-PHX01,c160:005:36,t3a-gg1-04-r005-us-west-02b,SN4700,swp30,,,,QSFPDD-400G-DR4,MPO8-SMF,,,,,,,,,,,,,,
LLDP:  Passed,US-PHX01,c160:003:16,t4a-02-r003-us-west-02b,SN4700,swp5,,,QSFPDD-400G-DR4,,US-PHX01,c160:005:34,t3a-gg1-05-r005-us-west-02b,SN4700,swp30,,,,QSFPDD-400G-DR4,MPO8-SMF,,,,,,,,,,,,,,
LLDP:  Passed,US-PHX01,c160:003:16,t4a-02-r003-us-west-02b,SN4700,swp6,,,QSFPDD-400G-DR4,,US-PHX01,c160:005:32,t3a-gg1-06-r005-us-west-02b,SN4700,swp30,,,,QSFPDD-400G-DR4,MPO8-SMF,,,,,,,,,,,,,,
LLDP:  Passed,US-PHX01,c160:003:16,t4a-02-r003-us-west-02b,SN4700,swp7,,,QSFPDD-400G-DR4,,US-PHX01,c160:005:30,t3a-gg1-07-r005-us-west-02b,SN4700,swp30,,,,QSFPDD-400G-DR4,MPO8-SMF,,,,,,,,,,,,,,
LLDP:  Passed,US-PHX01,c160:003:16,t4a-02-r003-us-west-02b,SN4700,swp8,,,QSFPDD-400G-DR4,,US-PHX01,c160:005:28,t3a-gg1-08-r005-us-west-02b,SN4700,swp30,,,,QSFPDD-400G-DR4,MPO8-SMF,,,,,,,,,,,,,,
,,,,,,,,,,,,,,,,,,,,,,,,,,,,,,,,,
LLDP:  Passed,US-PHX01,c160:003:14,t4a-03-r003-us-west-02b,SN4700,swp1,,,QSFPDD-400G-DR4,,US-PHX01,c160:005:42,t3a-gg1-01-r005-us-west-02b,SN4700,swp31,,,,QSFPDD-400G-DR4,MPO8-SMF,,,,,,,,,,,,,,
LLDP:  Passed,US-PHX01,c160:003:14,t4a-03-r003-us-west-02b,SN4700,swp2,,,QSFPDD-400G-DR4,,US-PHX01,c160:005:40,t3a-gg1-02-r005-us-west-02b,SN4700,swp31,,,,QSFPDD-400G-DR4,MPO8-SMF,,,,,,,,,,,,,,
LLDP:  Passed,US-PHX01,c160:003:14,t4a-03-r003-us-west-02b,SN4700,swp3,,,QSFPDD-400G-DR4,,US-PHX01,c160:005:38,t3a-gg1-03-r005-us-west-02b,SN4700,swp31,,,,QSFPDD-400G-DR4,MPO8-SMF,,,,,,,,,,,,,,
LLDP:  Passed,US-PHX01,c160:003:14,t4a-03-r003-us-west-02b,SN4700,swp4,,,QSFPDD-400G-DR4,,US-PHX01,c160:005:36,t3a-gg1-04-r005-us-west-02b,SN4700,swp31,,,,QSFPDD-400G-DR4,MPO8-SMF,,,,,,,,,,,,,,
LLDP:  Passed,US-PHX01,c160:003:14,t4a-03-r003-us-west-02b,SN4700,swp5,,,QSFPDD-400G-DR4,,US-PHX01,c160:005:34,t3a-gg1-05-r005-us-west-02b,SN4700,swp31,,,,QSFPDD-400G-DR4,MPO8-SMF,,,,,,,,,,,,,,
LLDP:  Passed,US-PHX01,c160:003:14,t4a-03-r003-us-west-02b,SN4700,swp6,,,QSFPDD-400G-DR4,,US-PHX01,c160:005:32,t3a-gg1-06-r005-us-west-02b,SN4700,swp31,,,,QSFPDD-400G-DR4,MPO8-SMF,,,,,,,,,,,,,,
LLDP:  Passed,US-PHX01,c160:003:14,t4a-03-r003-us-west-02b,SN4700,swp7,,,QSFPDD-400G-DR4,,US-PHX01,c160:005:30,t3a-gg1-07-r005-us-west-02b,SN4700,swp31,,,,QSFPDD-400G-DR4,MPO8-SMF,,,,,,,,,,,,,,
LLDP:  Passed,US-PHX01,c160:003:14,t4a-03-r003-us-west-02b,SN4700,swp8,,,QSFPDD-400G-DR4,,US-PHX01,c160:005:28,t3a-gg1-08-r005-us-west-02b,SN4700,swp31,,,,QSFPDD-400G-DR4,MPO8-SMF,,,,,,,,,,,,,,
,,,,,,,,,,,,,,,,,,,,,,,,,,,,,,,,,
LLDP:  Passed,US-PHX01,c160:003:12,t4a-04-r003-us-west-02b,SN470,swp1,,,QSFPDD-400G-DR4,,US-PHX01,c160:005:42,t3a-gg1-01-r005-us-west-02b,SN4700,swp32,,,,QSFPDD-400G-DR4,MPO8-SMF,,,,,,,,,,,,,,
LLDP:  Passed,US-PHX01,c160:003:12,t4a-04-r003-us-west-02b,SN470,swp2,,,QSFPDD-400G-DR4,,US-PHX01,c160:005:40,t3a-gg1-02-r005-us-west-02b,SN4700,swp32,,,,QSFPDD-400G-DR4,MPO8-SMF,,,,,,,,,,,,,,
LLDP:  Passed,US-PHX01,c160:003:12,t4a-04-r003-us-west-02b,SN470,swp3,,,QSFPDD-400G-DR4,,US-PHX01,c160:005:38,t3a-gg1-03-r005-us-west-02b,SN4700,swp32,,,,QSFPDD-400G-DR4,MPO8-SMF,,,,,,,,,,,,,,
LLDP:  Passed,US-PHX01,c160:003:12,t4a-04-r003-us-west-02b,SN470,swp4,,,QSFPDD-400G-DR4,,US-PHX01,c160:005:36,t3a-gg1-04-r005-us-west-02b,SN4700,swp32,,,,QSFPDD-400G-DR4,MPO8-SMF,,,,,,,,,,,,,,
LLDP:  Passed,US-PHX01,c160:003:12,t4a-04-r003-us-west-02b,SN470,swp5,,,QSFPDD-400G-DR4,,US-PHX01,c160:005:34,t3a-gg1-05-r005-us-west-02b,SN4700,swp32,,,,QSFPDD-400G-DR4,MPO8-SMF,,,,,,,,,,,,,,
LLDP:  Passed,US-PHX01,c160:003:12,t4a-04-r003-us-west-02b,SN470,swp6,,,QSFPDD-400G-DR4,,US-PHX01,c160:005:32,t3a-gg1-06-r005-us-west-02b,SN4700,swp32,,,,QSFPDD-400G-DR4,MPO8-SMF,,,,,,,,,,,,,,
LLDP:  Passed,US-PHX01,c160:003:12,t4a-04-r003-us-west-02b,SN470,swp7,,,QSFPDD-400G-DR4,,US-PHX01,c160:005:30,t3a-gg1-07-r005-us-west-02b,SN4700,swp32,,,,QSFPDD-400G-DR4,MPO8-SMF,,,,,,,,,,,,,,
LLDP:  Passed,US-PHX01,c160:003:12,t4a-04-r003-us-west-02b,SN470,swp8,,,QSFPDD-400G-DR4,,US-PHX01,c160:005:28,t3a-gg1-08-r005-us-west-02b,SN4700,swp32,,,,QSFPDD-400G-DR4,MPO8-SMF,,,,,,,,,,,,,,
,,,,,,,,,,,,,,,,,,,,,,,,,,,,,,,,,
LLDP:  Passed,US-PHX01,c160:003:10,t4b-01-r003-us-west-02b,SN4700,swp1,,,QSFPDD-400G-DR4,,US-PHX01,c160:005:18,t3b-gg1-01-r005-us-west-02b,SN4700,swp29,,,,QSFPDD-400G-DR4,MPO8-SMF,,,,,,,,,,,,,,
LLDP:  Passed,US-PHX01,c160:003:10,t4b-01-r003-us-west-02b,SN4700,swp2,,,QSFPDD-400G-DR4,,US-PHX01,c160:005:16,t3b-gg1-02-r005-us-west-02b,SN4700,swp29,,,,QSFPDD-400G-DR4,MPO8-SMF,,,,,,,,,,,,,,
LLDP:  Passed,US-PHX01,c160:003:10,t4b-01-r003-us-west-02b,SN4700,swp3,,,QSFPDD-400G-DR4,,US-PHX01,c160:005:14,t3b-gg1-03-r005-us-west-02b,SN4700,swp29,,,,QSFPDD-400G-DR4,MPO8-SMF,,,,,,,,,,,,,,
LLDP:  Passed,US-PHX01,c160:003:10,t4b-01-r003-us-west-02b,SN4700,swp4,,,QSFPDD-400G-DR4,,US-PHX01,c160:005:12,t3b-gg1-04-r005-us-west-02b,SN4700,swp29,,,,QSFPDD-400G-DR4,MPO8-SMF,,,,,,,,,,,,,,
LLDP:  Passed,US-PHX01,c160:003:10,t4b-01-r003-us-west-02b,SN4700,swp5,,,QSFPDD-400G-DR4,,US-PHX01,c160:005:10,t3b-gg1-05-r005-us-west-02b,SN4700,swp29,,,,QSFPDD-400G-DR4,MPO8-SMF,,,,,,,,,,,,,,
LLDP:  Passed,US-PHX01,c160:003:10,t4b-01-r003-us-west-02b,SN4700,swp6,,,QSFPDD-400G-DR4,,US-PHX01,c160:005:08,t3b-gg1-06-r005-us-west-02b,SN4700,swp29,,,,QSFPDD-400G-DR4,MPO8-SMF,,,,,,,,,,,,,,
LLDP:  Passed,US-PHX01,c160:003:10,t4b-01-r003-us-west-02b,SN4700,swp7,,,QSFPDD-400G-DR4,,US-PHX01,c160:005:06,t3b-gg1-07-r005-us-west-02b,SN4700,swp29,,,,QSFPDD-400G-DR4,MPO8-SMF,,,,,,,,,,,,,,
LLDP:  Passed,US-PHX01,c160:003:10,t4b-01-r003-us-west-02b,SN4700,swp8,,,QSFPDD-400G-DR4,,US-PHX01,c160:005:04,t3b-gg1-08-r005-us-west-02b,SN4700,swp29,,,,QSFPDD-400G-DR4,MPO8-SMF,,,,,,,,,,,,,,
,,,,,,,,,,,,,,,,,,,,,,,,,,,,,,,,,
LLDP:  Passed,US-PHX01,c160:003:08,t4b-02-r003-us-west-02b,SN4700,swp1,,,QSFPDD-400G-DR4,,US-PHX01,c160:005:18,t3b-gg1-01-r005-us-west-02b,SN4700,swp30,,,,QSFPDD-400G-DR4,MPO8-SMF,,,,,,,,,,,,,,
LLDP:  Passed,US-PHX01,c160:003:08,t4b-02-r003-us-west-02b,SN4700,swp2,,,QSFPDD-400G-DR4,,US-PHX01,c160:005:16,t3b-gg1-02-r005-us-west-02b,SN4700,swp30,,,,QSFPDD-400G-DR4,MPO8-SMF,,,,,,,,,,,,,,
LLDP:  Passed,US-PHX01,c160:003:08,t4b-02-r003-us-west-02b,SN4700,swp3,,,QSFPDD-400G-DR4,,US-PHX01,c160:005:14,t3b-gg1-03-r005-us-west-02b,SN4700,swp30,,,,QSFPDD-400G-DR4,MPO8-SMF,,,,,,,,,,,,,,
LLDP:  Passed,US-PHX01,c160:003:08,t4b-02-r003-us-west-02b,SN4700,swp4,,,QSFPDD-400G-DR4,,US-PHX01,c160:005:12,t3b-gg1-04-r005-us-west-02b,SN4700,swp30,,,,QSFPDD-400G-DR4,MPO8-SMF,,,,,,,,,,,,,,
LLDP:  Passed,US-PHX01,c160:003:08,t4b-02-r003-us-west-02b,SN4700,swp5,,,QSFPDD-400G-DR4,,US-PHX01,c160:005:10,t3b-gg1-05-r005-us-west-02b,SN4700,swp30,,,,QSFPDD-400G-DR4,MPO8-SMF,,,,,,,,,,,,,,
LLDP:  Passed,US-PHX01,c160:003:08,t4b-02-r003-us-west-02b,SN4700,swp6,,,QSFPDD-400G-DR4,,US-PHX01,c160:005:08,t3b-gg1-06-r005-us-west-02b,SN4700,swp30,,,,QSFPDD-400G-DR4,MPO8-SMF,,,,,,,,,,,,,,
LLDP:  Passed,US-PHX01,c160:003:08,t4b-02-r003-us-west-02b,SN4700,swp7,,,QSFPDD-400G-DR4,,US-PHX01,c160:005:06,t3b-gg1-07-r005-us-west-02b,SN4700,swp30,,,,QSFPDD-400G-DR4,MPO8-SMF,,,,,,,,,,,,,,
LLDP:  Passed,US-PHX01,c160:003:08,t4b-02-r003-us-west-02b,SN4700,swp8,,,QSFPDD-400G-DR4,,US-PHX01,c160:005:04,t3b-gg1-08-r005-us-west-02b,SN4700,swp30,,,,QSFPDD-400G-DR4,MPO8-SMF,,,,,,,,,,,,,,
,,,,,,,,,,,,,,,,,,,,,,,,,,,,,,,,,
LLDP:  Passed,US-PHX01,c160:003:06,t4b-03-r003-us-west-02b,SN4700,swp1,,,QSFPDD-400G-DR4,,US-PHX01,c160:005:18,t3b-gg1-01-r005-us-west-02b,SN4700,swp31,,,,QSFPDD-400G-DR4,MPO8-SMF,,,,,,,,,,,,,,
LLDP:  Passed,US-PHX01,c160:003:06,t4b-03-r003-us-west-02b,SN4700,swp2,,,QSFPDD-400G-DR4,,US-PHX01,c160:005:16,t3b-gg1-02-r005-us-west-02b,SN4700,swp31,,,,QSFPDD-400G-DR4,MPO8-SMF,,,,,,,,,,,,,,
LLDP:  Passed,US-PHX01,c160:003:06,t4b-03-r003-us-west-02b,SN4700,swp3,,,QSFPDD-400G-DR4,,US-PHX01,c160:005:14,t3b-gg1-03-r005-us-west-02b,SN4700,swp31,,,,QSFPDD-400G-DR4,MPO8-SMF,,,,,,,,,,,,,,
LLDP:  Passed,US-PHX01,c160:003:06,t4b-03-r003-us-west-02b,SN4700,swp4,,,QSFPDD-400G-DR4,,US-PHX01,c160:005:12,t3b-gg1-04-r005-us-west-02b,SN4700,swp31,,,,QSFPDD-400G-DR4,MPO8-SMF,,,,,,,,,,,,,,
LLDP:  Passed,US-PHX01,c160:003:06,t4b-03-r003-us-west-02b,SN4700,swp5,,,QSFPDD-400G-DR4,,US-PHX01,c160:005:10,t3b-gg1-05-r005-us-west-02b,SN4700,swp31,,,,QSFPDD-400G-DR4,MPO8-SMF,,,,,,,,,,,,,,
LLDP:  Passed,US-PHX01,c160:003:06,t4b-03-r003-us-west-02b,SN4700,swp6,,,QSFPDD-400G-DR4,,US-PHX01,c160:005:08,t3b-gg1-06-r005-us-west-02b,SN4700,swp31,,,,QSFPDD-400G-DR4,MPO8-SMF,,,,,,,,,,,,,,
LLDP:  Passed,US-PHX01,c160:003:06,t4b-03-r003-us-west-02b,SN4700,swp7,,,QSFPDD-400G-DR4,,US-PHX01,c160:005:06,t3b-gg1-07-r005-us-west-02b,SN4700,swp31,,,,QSFPDD-400G-DR4,MPO8-SMF,,,,,,,,,,,,,,
LLDP:  Passed,US-PHX01,c160:003:06,t4b-03-r003-us-west-02b,SN4700,swp8,,,QSFPDD-400G-DR4,,US-PHX01,c160:005:04,t3b-gg1-08-r005-us-west-02b,SN4700,swp31,,,,QSFPDD-400G-DR4,MPO8-SMF,,,,,,,,,,,,,,
,,,,,,,,,,,,,,,,,,,,,,,,,,,,,,,,,
LLDP:  Passed,US-PHX01,c160:003:04,t4b-04-r003-us-west-02b,SN4700,swp1,,,QSFPDD-400G-DR4,,US-PHX01,c160:005:18,t3b-gg1-01-r005-us-west-02b,SN4700,swp32,,,,QSFPDD-400G-DR4,MPO8-SMF,,,,,,,,,,,,,,
LLDP:  Passed,US-PHX01,c160:003:04,t4b-04-r003-us-west-02b,SN4700,swp2,,,QSFPDD-400G-DR4,,US-PHX01,c160:005:16,t3b-gg1-02-r005-us-west-02b,SN4700,swp32,,,,QSFPDD-400G-DR4,MPO8-SMF,,,,,,,,,,,,,,
LLDP:  Passed,US-PHX01,c160:003:04,t4b-04-r003-us-west-02b,SN4700,swp3,,,QSFPDD-400G-DR4,,US-PHX01,c160:005:14,t3b-gg1-03-r005-us-west-02b,SN4700,swp32,,,,QSFPDD-400G-DR4,MPO8-SMF,,,,,,,,,,,,,,
LLDP:  Passed,US-PHX01,c160:003:04,t4b-04-r003-us-west-02b,SN4700,swp4,,,QSFPDD-400G-DR4,,US-PHX01,c160:005:12,t3b-gg1-04-r005-us-west-02b,SN4700,swp32,,,,QSFPDD-400G-DR4,MPO8-SMF,,,,,,,,,,,,,,
LLDP:  Passed,US-PHX01,c160:003:04,t4b-04-r003-us-west-02b,SN4700,swp5,,,QSFPDD-400G-DR4,,US-PHX01,c160:005:10,t3b-gg1-05-r005-us-west-02b,SN4700,swp32,,,,QSFPDD-400G-DR4,MPO8-SMF,,,,,,,,,,,,,,
LLDP:  Passed,US-PHX01,c160:003:04,t4b-04-r003-us-west-02b,SN4700,swp6,,,QSFPDD-400G-DR4,,US-PHX01,c160:005:08,t3b-gg1-06-r005-us-west-02b,SN4700,swp32,,,,QSFPDD-400G-DR4,MPO8-SMF,,,,,,,,,,,,,,
LLDP:  Passed,US-PHX01,c160:003:04,t4b-04-r003-us-west-02b,SN4700,swp7,,,QSFPDD-400G-DR4,,US-PHX01,c160:005:06,t3b-gg1-07-r005-us-west-02b,SN4700,swp32,,,,QSFPDD-400G-DR4,MPO8-SMF,,,,,,,,,,,,,,
LLDP:  Passed,US-PHX01,c160:003:04,t4b-04-r003-us-west-02b,SN4700,swp8,,,QSFPDD-400G-DR4,,US-PHX01,c160:005:04,t3b-gg1-08-r005-us-west-02b,SN4700,swp32,,,,QSFPDD-400G-DR4,MPO8-SMF,,,,,,,,,,,,,,
,,,,,,,,,,,,,,,,,,,,,,,,,,,,,,,,,
LLDP:  Passed,US-PHX01,c160:004:18,t4c-01-r004-us-west-02b,SN4700,swp1,,,QSFPDD-400G-DR4,,US-PHX01,c160:006:42,t3c-gg1-01-r006-us-west-02b,SN4700,swp29,,,,QSFPDD-400G-DR4,MPO8-SMF,,,,,,,,,,,,,,
LLDP:  Passed,US-PHX01,c160:004:18,t4c-01-r004-us-west-02b,SN4700,swp2,,,QSFPDD-400G-DR4,,US-PHX01,c160:006:40,t3c-gg1-02-r006-us-west-02b,SN4700,swp29,,,,QSFPDD-400G-DR4,MPO8-SMF,,,,,,,,,,,,,,
LLDP:  Passed,US-PHX01,c160:004:18,t4c-01-r004-us-west-02b,SN4700,swp3,,,QSFPDD-400G-DR4,,US-PHX01,c160:006:38,t3c-gg1-03-r006-us-west-02b,SN4700,swp29,,,,QSFPDD-400G-DR4,MPO8-SMF,,,,,,,,,,,,,,
LLDP:  Passed,US-PHX01,c160:004:18,t4c-01-r004-us-west-02b,SN4700,swp4,,,QSFPDD-400G-DR4,,US-PHX01,c160:006:36,t3c-gg1-04-r006-us-west-02b,SN4700,swp29,,,,QSFPDD-400G-DR4,MPO8-SMF,,,,,,,,,,,,,,
LLDP:  Passed,US-PHX01,c160:004:18,t4c-01-r004-us-west-02b,SN4700,swp5,,,QSFPDD-400G-DR4,,US-PHX01,c160:006:34,t3c-gg1-05-r006-us-west-02b,SN4700,swp29,,,,QSFPDD-400G-DR4,MPO8-SMF,,,,,,,,,,,,,,
LLDP:  Passed,US-PHX01,c160:004:18,t4c-01-r004-us-west-02b,SN4700,swp6,,,QSFPDD-400G-DR4,,US-PHX01,c160:006:32,t3c-gg1-06-r006-us-west-02b,SN4700,swp29,,,,QSFPDD-400G-DR4,MPO8-SMF,,,,,,,,,,,,,,
LLDP:  Passed,US-PHX01,c160:004:18,t4c-01-r004-us-west-02b,SN4700,swp7,,,QSFPDD-400G-DR4,,US-PHX01,c160:006:30,t3c-gg1-07-r006-us-west-02b,SN4700,swp29,,,,QSFPDD-400G-DR4,MPO8-SMF,,,,,,,,,,,,,,
LLDP:  Passed,US-PHX01,c160:004:18,t4c-01-r004-us-west-02b,SN4700,swp8,,,QSFPDD-400G-DR4,,US-PHX01,c160:006:28,t3c-gg1-08-r006-us-west-02b,SN4700,swp29,,,,QSFPDD-400G-DR4,MPO8-SMF,,,,,,,,,,,,,,
,,,,,,,,,,,,,,,,,,,,,,,,,,,,,,,,,
LLDP:  Passed,US-PHX01,c160:004:16,t4c-02-r004-us-west-02b,SN4700,swp1,,,QSFPDD-400G-DR4,,US-PHX01,c160:006:42,t3c-gg1-01-r006-us-west-02b,SN4700,swp30,,,,QSFPDD-400G-DR4,MPO8-SMF,,,,,,,,,,,,,,
LLDP:  Passed,US-PHX01,c160:004:16,t4c-02-r004-us-west-02b,SN4700,swp2,,,QSFPDD-400G-DR4,,US-PHX01,c160:006:40,t3c-gg1-02-r006-us-west-02b,SN4700,swp30,,,,QSFPDD-400G-DR4,MPO8-SMF,,,,,,,,,,,,,,
LLDP:  Passed,US-PHX01,c160:004:16,t4c-02-r004-us-west-02b,SN4700,swp3,,,QSFPDD-400G-DR4,,US-PHX01,c160:006:38,t3c-gg1-03-r006-us-west-02b,SN4700,swp30,,,,QSFPDD-400G-DR4,MPO8-SMF,,,,,,,,,,,,,,
LLDP:  Passed,US-PHX01,c160:004:16,t4c-02-r004-us-west-02b,SN4700,swp4,,,QSFPDD-400G-DR4,,US-PHX01,c160:006:36,t3c-gg1-04-r006-us-west-02b,SN4700,swp30,,,,QSFPDD-400G-DR4,MPO8-SMF,,,,,,,,,,,,,,
LLDP:  Passed,US-PHX01,c160:004:16,t4c-02-r004-us-west-02b,SN4700,swp5,,,QSFPDD-400G-DR4,,US-PHX01,c160:006:34,t3c-gg1-05-r006-us-west-02b,SN4700,swp30,,,,QSFPDD-400G-DR4,MPO8-SMF,,,,,,,,,,,,,,
LLDP:  Passed,US-PHX01,c160:004:16,t4c-02-r004-us-west-02b,SN4700,swp6,,,QSFPDD-400G-DR4,,US-PHX01,c160:006:32,t3c-gg1-06-r006-us-west-02b,SN4700,swp30,,,,QSFPDD-400G-DR4,MPO8-SMF,,,,,,,,,,,,,,
LLDP:  Passed,US-PHX01,c160:004:16,t4c-02-r004-us-west-02b,SN4700,swp7,,,QSFPDD-400G-DR4,,US-PHX01,c160:006:30,t3c-gg1-07-r006-us-west-02b,SN4700,swp30,,,,QSFPDD-400G-DR4,MPO8-SMF,,,,,,,,,,,,,,
LLDP:  Passed,US-PHX01,c160:004:16,t4c-02-r004-us-west-02b,SN4700,swp8,,,QSFPDD-400G-DR4,,US-PHX01,c160:006:28,t3c-gg1-08-r006-us-west-02b,SN4700,swp30,,,,QSFPDD-400G-DR4,MPO8-SMF,,,,,,,,,,,,,,
,,,,,,,,,,,,,,,,,,,,,,,,,,,,,,,,,
LLDP:  Passed,US-PHX01,c160:004:14,t4c-03-r004-us-west-02b,SN4700,swp1,,,QSFPDD-400G-DR4,,US-PHX01,c160:006:42,t3c-gg1-01-r006-us-west-02b,SN4700,swp31,,,,QSFPDD-400G-DR4,MPO8-SMF,,,,,,,,,,,,,,
LLDP:  Passed,US-PHX01,c160:004:14,t4c-03-r004-us-west-02b,SN4700,swp2,,,QSFPDD-400G-DR4,,US-PHX01,c160:006:40,t3c-gg1-02-r006-us-west-02b,SN4700,swp31,,,,QSFPDD-400G-DR4,MPO8-SMF,,,,,,,,,,,,,,
LLDP:  Passed,US-PHX01,c160:004:14,t4c-03-r004-us-west-02b,SN4700,swp3,,,QSFPDD-400G-DR4,,US-PHX01,c160:006:38,t3c-gg1-03-r006-us-west-02b,SN4700,swp31,,,,QSFPDD-400G-DR4,MPO8-SMF,,,,,,,,,,,,,,
LLDP:  Passed,US-PHX01,c160:004:14,t4c-03-r004-us-west-02b,SN4700,swp4,,,QSFPDD-400G-DR4,,US-PHX01,c160:006:36,t3c-gg1-04-r006-us-west-02b,SN4700,swp31,,,,QSFPDD-400G-DR4,MPO8-SMF,,,,,,,,,,,,,,
LLDP:  Passed,US-PHX01,c160:004:14,t4c-03-r004-us-west-02b,SN4700,swp5,,,QSFPDD-400G-DR4,,US-PHX01,c160:006:34,t3c-gg1-05-r006-us-west-02b,SN4700,swp31,,,,QSFPDD-400G-DR4,MPO8-SMF,,,,,,,,,,,,,,
LLDP:  Passed,US-PHX01,c160:004:14,t4c-03-r004-us-west-02b,SN4700,swp6,,,QSFPDD-400G-DR4,,US-PHX01,c160:006:32,t3c-gg1-06-r006-us-west-02b,SN4700,swp31,,,,QSFPDD-400G-DR4,MPO8-SMF,,,,,,,,,,,,,,
LLDP:  Passed,US-PHX01,c160:004:14,t4c-03-r004-us-west-02b,SN4700,swp7,,,QSFPDD-400G-DR4,,US-PHX01,c160:006:30,t3c-gg1-07-r006-us-west-02b,SN4700,swp31,,,,QSFPDD-400G-DR4,MPO8-SMF,,,,,,,,,,,,,,
LLDP:  Passed,US-PHX01,c160:004:14,t4c-03-r004-us-west-02b,SN4700,swp8,,,QSFPDD-400G-DR4,,US-PHX01,c160:006:28,t3c-gg1-08-r006-us-west-02b,SN4700,swp31,,,,QSFPDD-400G-DR4,MPO8-SMF,,,,,,,,,,,,,,
,,,,,,,,,,,,,,,,,,,,,,,,,,,,,,,,,
LLDP:  Passed,US-PHX01,c160:004:12,t4c-04-r004-us-west-02b,SN470,swp1,,,QSFPDD-400G-DR4,,US-PHX01,c160:006:42,t3c-gg1-01-r006-us-west-02b,SN4700,swp32,,,,QSFPDD-400G-DR4,MPO8-SMF,,,,,,,,,,,,,,
LLDP:  Passed,US-PHX01,c160:004:12,t4c-04-r004-us-west-02b,SN470,swp2,,,QSFPDD-400G-DR4,,US-PHX01,c160:006:40,t3c-gg1-02-r006-us-west-02b,SN4700,swp32,,,,QSFPDD-400G-DR4,MPO8-SMF,,,,,,,,,,,,,,
LLDP:  Passed,US-PHX01,c160:004:12,t4c-04-r004-us-west-02b,SN470,swp3,,,QSFPDD-400G-DR4,,US-PHX01,c160:006:38,t3c-gg1-03-r006-us-west-02b,SN4700,swp32,,,,QSFPDD-400G-DR4,MPO8-SMF,,,,,,,,,,,,,,
LLDP:  Passed,US-PHX01,c160:004:12,t4c-04-r004-us-west-02b,SN470,swp4,,,QSFPDD-400G-DR4,,US-PHX01,c160:006:36,t3c-gg1-04-r006-us-west-02b,SN4700,swp32,,,,QSFPDD-400G-DR4,MPO8-SMF,,,,,,,,,,,,,,
LLDP:  Passed,US-PHX01,c160:004:12,t4c-04-r004-us-west-02b,SN470,swp5,,,QSFPDD-400G-DR4,,US-PHX01,c160:006:34,t3c-gg1-05-r006-us-west-02b,SN4700,swp32,,,,QSFPDD-400G-DR4,MPO8-SMF,,,,,,,,,,,,,,
LLDP:  Passed,US-PHX01,c160:004:12,t4c-04-r004-us-west-02b,SN470,swp6,,,QSFPDD-400G-DR4,,US-PHX01,c160:006:32,t3c-gg1-06-r006-us-west-02b,SN4700,swp32,,,,QSFPDD-400G-DR4,MPO8-SMF,,,,,,,,,,,,,,
LLDP:  Passed,US-PHX01,c160:004:12,t4c-04-r004-us-west-02b,SN470,swp7,,,QSFPDD-400G-DR4,,US-PHX01,c160:006:30,t3c-gg1-07-r006-us-west-02b,SN4700,swp32,,,,QSFPDD-400G-DR4,MPO8-SMF,,,,,,,,,,,,,,
LLDP:  Passed,US-PHX01,c160:004:12,t4c-04-r004-us-west-02b,SN470,swp8,,,QSFPDD-400G-DR4,,US-PHX01,c160:006:28,t3c-gg1-08-r006-us-west-02b,SN4700,swp32,,,,QSFPDD-400G-DR4,MPO8-SMF,,,,,,,,,,,,,,
,,,,,,,,,,,,,,,,,,,,,,,,,,,,,,,,,
LLDP:  Passed,US-PHX01,c160:004:10,t4d-01-r004-us-west-02b,SN4700,swp1,,,QSFPDD-400G-DR4,,US-PHX01,c160:006:18,t3d-gg1-01-r006-us-west-02b,SN4700,swp29,,,,QSFPDD-400G-DR4,MPO8-SMF,,,,,,,,,,,,,,
LLDP:  Passed,US-PHX01,c160:004:10,t4d-01-r004-us-west-02b,SN4700,swp2,,,QSFPDD-400G-DR4,,US-PHX01,c160:006:16,t3d-gg1-02-r006-us-west-02b,SN4700,swp29,,,,QSFPDD-400G-DR4,MPO8-SMF,,,,,,,,,,,,,,
LLDP:  Passed,US-PHX01,c160:004:10,t4d-01-r004-us-west-02b,SN4700,swp3,,,QSFPDD-400G-DR4,,US-PHX01,c160:006:14,t3d-gg1-03-r006-us-west-02b,SN4700,swp29,,,,QSFPDD-400G-DR4,MPO8-SMF,,,,,,,,,,,,,,
LLDP:  Passed,US-PHX01,c160:004:10,t4d-01-r004-us-west-02b,SN4700,swp4,,,QSFPDD-400G-DR4,,US-PHX01,c160:006:12,t3d-gg1-04-r006-us-west-02b,SN4700,swp29,,,,QSFPDD-400G-DR4,MPO8-SMF,,,,,,,,,,,,,,
LLDP:  Passed,US-PHX01,c160:004:10,t4d-01-r004-us-west-02b,SN4700,swp5,,,QSFPDD-400G-DR4,,US-PHX01,c160:006:10,t3d-gg1-05-r006-us-west-02b,SN4700,swp29,,,,QSFPDD-400G-DR4,MPO8-SMF,,,,,,,,,,,,,,
LLDP:  Passed,US-PHX01,c160:004:10,t4d-01-r004-us-west-02b,SN4700,swp6,,,QSFPDD-400G-DR4,,US-PHX01,c160:006:08,t3d-gg1-06-r006-us-west-02b,SN4700,swp29,,,,QSFPDD-400G-DR4,MPO8-SMF,,,,,,,,,,,,,,
LLDP:  Passed,US-PHX01,c160:004:10,t4d-01-r004-us-west-02b,SN4700,swp7,,,QSFPDD-400G-DR4,,US-PHX01,c160:006:06,t3d-gg1-07-r006-us-west-02b,SN4700,swp29,,,,QSFPDD-400G-DR4,MPO8-SMF,,,,,,,,,,,,,,
LLDP:  Passed,US-PHX01,c160:004:10,t4d-01-r004-us-west-02b,SN4700,swp8,,,QSFPDD-400G-DR4,,US-PHX01,c160:006:04,t3d-gg1-08-r006-us-west-02b,SN4700,swp29,,,,QSFPDD-400G-DR4,MPO8-SMF,,,,,,,,,,,,,,
,,,,,,,,,,,,,,,,,,,,,,,,,,,,,,,,,
LLDP:  Passed,US-PHX01,c160:004:08,t4d-02-r004-us-west-02b,SN4700,swp1,,,QSFPDD-400G-DR4,,US-PHX01,c160:006:18,t3d-gg1-01-r006-us-west-02b,SN4700,swp30,,,,QSFPDD-400G-DR4,MPO8-SMF,,,,,,,,,,,,,,
LLDP:  Passed,US-PHX01,c160:004:08,t4d-02-r004-us-west-02b,SN4700,swp2,,,QSFPDD-400G-DR4,,US-PHX01,c160:006:16,t3d-gg1-02-r006-us-west-02b,SN4700,swp30,,,,QSFPDD-400G-DR4,MPO8-SMF,,,,,,,,,,,,,,
LLDP:  Passed,US-PHX01,c160:004:08,t4d-02-r004-us-west-02b,SN4700,swp3,,,QSFPDD-400G-DR4,,US-PHX01,c160:006:14,t3d-gg1-03-r006-us-west-02b,SN4700,swp30,,,,QSFPDD-400G-DR4,MPO8-SMF,,,,,,,,,,,,,,
LLDP:  Passed,US-PHX01,c160:004:08,t4d-02-r004-us-west-02b,SN4700,swp4,,,QSFPDD-400G-DR4,,US-PHX01,c160:006:12,t3d-gg1-04-r006-us-west-02b,SN4700,swp30,,,,QSFPDD-400G-DR4,MPO8-SMF,,,,,,,,,,,,,,
LLDP:  Passed,US-PHX01,c160:004:08,t4d-02-r004-us-west-02b,SN4700,swp5,,,QSFPDD-400G-DR4,,US-PHX01,c160:006:10,t3d-gg1-05-r006-us-west-02b,SN4700,swp30,,,,QSFPDD-400G-DR4,MPO8-SMF,,,,,,,,,,,,,,
LLDP:  Passed,US-PHX01,c160:004:08,t4d-02-r004-us-west-02b,SN4700,swp6,,,QSFPDD-400G-DR4,,US-PHX01,c160:006:08,t3d-gg1-06-r006-us-west-02b,SN4700,swp30,,,,QSFPDD-400G-DR4,MPO8-SMF,,,,,,,,,,,,,,
LLDP:  Passed,US-PHX01,c160:004:08,t4d-02-r004-us-west-02b,SN4700,swp7,,,QSFPDD-400G-DR4,,US-PHX01,c160:006:06,t3d-gg1-07-r006-us-west-02b,SN4700,swp30,,,,QSFPDD-400G-DR4,MPO8-SMF,,,,,,,,,,,,,,
LLDP:  Passed,US-PHX01,c160:004:08,t4d-02-r004-us-west-02b,SN4700,swp8,,,QSFPDD-400G-DR4,,US-PHX01,c160:006:04,t3d-gg1-08-r006-us-west-02b,SN4700,swp30,,,,QSFPDD-400G-DR4,MPO8-SMF,,,,,,,,,,,,,,
,,,,,,,,,,,,,,,,,,,,,,,,,,,,,,,,,
LLDP:  Passed,US-PHX01,c160:004:06,t4d-03-r004-us-west-02b,SN4700,swp1,,,QSFPDD-400G-DR4,,US-PHX01,c160:006:18,t3d-gg1-01-r006-us-west-02b,SN4700,swp31,,,,QSFPDD-400G-DR4,MPO8-SMF,,,,,,,,,,,,,,
LLDP:  Passed,US-PHX01,c160:004:06,t4d-03-r004-us-west-02b,SN4700,swp2,,,QSFPDD-400G-DR4,,US-PHX01,c160:006:16,t3d-gg1-02-r006-us-west-02b,SN4700,swp31,,,,QSFPDD-400G-DR4,MPO8-SMF,,,,,,,,,,,,,,
LLDP:  Passed,US-PHX01,c160:004:06,t4d-03-r004-us-west-02b,SN4700,swp3,,,QSFPDD-400G-DR4,,US-PHX01,c160:006:14,t3d-gg1-03-r006-us-west-02b,SN4700,swp31,,,,QSFPDD-400G-DR4,MPO8-SMF,,,,,,,,,,,,,,
LLDP:  Passed,US-PHX01,c160:004:06,t4d-03-r004-us-west-02b,SN4700,swp4,,,QSFPDD-400G-DR4,,US-PHX01,c160:006:12,t3d-gg1-04-r006-us-west-02b,SN4700,swp31,,,,QSFPDD-400G-DR4,MPO8-SMF,,,,,,,,,,,,,,
LLDP:  Passed,US-PHX01,c160:004:06,t4d-03-r004-us-west-02b,SN4700,swp5,,,QSFPDD-400G-DR4,,US-PHX01,c160:006:10,t3d-gg1-05-r006-us-west-02b,SN4700,swp31,,,,QSFPDD-400G-DR4,MPO8-SMF,,,,,,,,,,,,,,
LLDP:  Passed,US-PHX01,c160:004:06,t4d-03-r004-us-west-02b,SN4700,swp6,,,QSFPDD-400G-DR4,,US-PHX01,c160:006:08,t3d-gg1-06-r006-us-west-02b,SN4700,swp31,,,,QSFPDD-400G-DR4,MPO8-SMF,,,,,,,,,,,,,,
LLDP:  Passed,US-PHX01,c160:004:06,t4d-03-r004-us-west-02b,SN4700,swp7,,,QSFPDD-400G-DR4,,US-PHX01,c160:006:06,t3d-gg1-07-r006-us-west-02b,SN4700,swp31,,,,QSFPDD-400G-DR4,MPO8-SMF,,,,,,,,,,,,,,
LLDP:  Passed,US-PHX01,c160:004:06,t4d-03-r004-us-west-02b,SN4700,swp8,,,QSFPDD-400G-DR4,,US-PHX01,c160:006:04,t3d-gg1-08-r006-us-west-02b,SN4700,swp31,,,,QSFPDD-400G-DR4,MPO8-SMF,,,,,,,,,,,,,,
,,,,,,,,,,,,,,,,,,,,,,,,,,,,,,,,,
LLDP:  Passed,US-PHX01,c160:004:04,t4d-04-r004-us-west-02b,SN4700,swp1,,,QSFPDD-400G-DR4,,US-PHX01,c160:006:18,t3d-gg1-01-r006-us-west-02b,SN4700,swp32,,,,QSFPDD-400G-DR4,MPO8-SMF,,,,,,,,,,,,,,
LLDP:  Passed,US-PHX01,c160:004:04,t4d-04-r004-us-west-02b,SN4700,swp2,,,QSFPDD-400G-DR4,,US-PHX01,c160:006:16,t3d-gg1-02-r006-us-west-02b,SN4700,swp32,,,,QSFPDD-400G-DR4,MPO8-SMF,,,,,,,,,,,,,,
LLDP:  Passed,US-PHX01,c160:004:04,t4d-04-r004-us-west-02b,SN4700,swp3,,,QSFPDD-400G-DR4,,US-PHX01,c160:006:14,t3d-gg1-03-r006-us-west-02b,SN4700,swp32,,,,QSFPDD-400G-DR4,MPO8-SMF,,,,,,,,,,,,,,
LLDP:  Passed,US-PHX01,c160:004:04,t4d-04-r004-us-west-02b,SN4700,swp4,,,QSFPDD-400G-DR4,,US-PHX01,c160:006:12,t3d-gg1-04-r006-us-west-02b,SN4700,swp32,,,,QSFPDD-400G-DR4,MPO8-SMF,,,,,,,,,,,,,,
LLDP:  Passed,US-PHX01,c160:004:04,t4d-04-r004-us-west-02b,SN4700,swp5,,,QSFPDD-400G-DR4,,US-PHX01,c160:006:10,t3d-gg1-05-r006-us-west-02b,SN4700,swp32,,,,QSFPDD-400G-DR4,MPO8-SMF,,,,,,,,,,,,,,
LLDP:  Passed,US-PHX01,c160:004:04,t4d-04-r004-us-west-02b,SN4700,swp6,,,QSFPDD-400G-DR4,,US-PHX01,c160:006:08,t3d-gg1-06-r006-us-west-02b,SN4700,swp32,,,,QSFPDD-400G-DR4,MPO8-SMF,,,,,,,,,,,,,,
LLDP:  Passed,US-PHX01,c160:004:04,t4d-04-r004-us-west-02b,SN4700,swp7,,,QSFPDD-400G-DR4,,US-PHX01,c160:006:06,t3d-gg1-07-r006-us-west-02b,SN4700,swp32,,,,QSFPDD-400G-DR4,MPO8-SMF,,,,,,,,,,,,,,
LLDP:  Passed,US-PHX01,c160:004:04,t4d-04-r004-us-west-02b,SN4700,swp8,,,QSFPDD-400G-DR4,,US-PHX01,c160:006:04,t3d-gg1-08-r006-us-west-02b,SN4700,swp32,,,,QSFPDD-400G-DR4,MPO8-SMF,,,,,,,,,,,,,,
,,,,,,,,,,,,,,,,,,,,,,,,,,,,,,,,,
,,,,,,,,,,,,,,,,,,,,,,,,,,,,,,,,,
TIER-3 to TIER-2 GG1 A B C D E,,,,,,,,,,,,,,,,,,,,,,,,,,,,,,,,,
LLDP:  Passed,US-PHX01,c160:005:42,t3a-gg1-01-r005-us-west-02b,SN4700,swp1,,,QSFPDD-400G-DR4,,US-PHX01,c160:026:42,t2a-gg1-a-01-r026-us-west-02b,SN4700,swp17,,,,QSFPDD-400G-DR4,MPO8-SMF,,,,,,,,,,,,,,
LLDP:  Passed,US-PHX01,c160:005:42,t3a-gg1-01-r005-us-west-02b,SN4700,swp2,,,QSFPDD-400G-DR4,,US-PHX01,c160:026:41,t2a-gg1-a-02-r026-us-west-02b,SN4700,swp17,,,,QSFPDD-400G-DR4,MPO8-SMF,,,,,,,,,,,,,,
LLDP:  Passed,US-PHX01,c160:005:42,t3a-gg1-01-r005-us-west-02b,SN4700,swp3,,,QSFPDD-400G-DR4,,US-PHX01,c160:042:42,t2a-gg1-b-01-r042-us-west-02b,SN4700,swp17,,,,QSFPDD-400G-DR4,MPO8-SMF,,,,,,,,,,,,,,
LLDP:  Passed,US-PHX01,c160:005:42,t3a-gg1-01-r005-us-west-02b,SN4700,swp4,,,QSFPDD-400G-DR4,,US-PHX01,c160:042:41,t2a-gg1-b-02-r042-us-west-02b,SN4700,swp17,,,,QSFPDD-400G-DR4,MPO8-SMF,,,,,,,,,,,,,,
LLDP:  Passed,US-PHX01,c160:005:42,t3a-gg1-01-r005-us-west-02b,SN4700,swp5,,,QSFPDD-400G-DR4,,US-PHX01,c160:272:42,t2a-gg1-c-01-r272-us-west-02b,SN4700,swp17,,,,QSFPDD-400G-DR4,MPO8-SMF,,,,,,,,,,,,,,
LLDP:  Passed,US-PHX01,c160:005:42,t3a-gg1-01-r005-us-west-02b,SN4700,swp6,,,QSFPDD-400G-DR4,,US-PHX01,c160:272:41,t2a-gg1-c-02-r272-us-west-02b,SN4700,swp17,,,,QSFPDD-400G-DR4,MPO8-SMF,,,,,,,,,,,,,,
,,,,,,,,,,,,,,,,,,,,,,,,,,,,,,,,,
LLDP:  Passed,US-PHX01,c160:005:40,t3a-gg1-02-r005-us-west-02b,SN4700,swp1,,,QSFPDD-400G-DR4,,US-PHX01,c160:026:42,t2a-gg1-a-01-r026-us-west-02b,SN4700,swp18,,,,QSFPDD-400G-DR4,MPO8-SMF,,,,,,,,,,,,,,
LLDP:  Passed,US-PHX01,c160:005:40,t3a-gg1-02-r005-us-west-02b,SN4700,swp2,,,QSFPDD-400G-DR4,,US-PHX01,c160:026:41,t2a-gg1-a-02-r026-us-west-02b,SN4700,swp18,,,,QSFPDD-400G-DR4,MPO8-SMF,,,,,,,,,,,,,,
LLDP:  Passed,US-PHX01,c160:005:40,t3a-gg1-02-r005-us-west-02b,SN4700,swp3,,,QSFPDD-400G-DR4,,US-PHX01,c160:042:42,t2a-gg1-b-01-r042-us-west-02b,SN4700,swp18,,,,QSFPDD-400G-DR4,MPO8-SMF,,,,,,,,,,,,,,
LLDP:  Passed,US-PHX01,c160:005:40,t3a-gg1-02-r005-us-west-02b,SN4700,swp4,,,QSFPDD-400G-DR4,,US-PHX01,c160:042:41,t2a-gg1-b-02-r042-us-west-02b,SN4700,swp18,,,,QSFPDD-400G-DR4,MPO8-SMF,,,,,,,,,,,,,,
LLDP:  Passed,US-PHX01,c160:005:40,t3a-gg1-02-r005-us-west-02b,SN4700,swp5,,,QSFPDD-400G-DR4,,US-PHX01,c160:272:42,t2a-gg1-c-01-r272-us-west-02b,SN4700,swp18,,,,QSFPDD-400G-DR4,MPO8-SMF,,,,,,,,,,,,,,
LLDP:  Passed,US-PHX01,c160:005:40,t3a-gg1-02-r005-us-west-02b,SN4700,swp6,,,QSFPDD-400G-DR4,,US-PHX01,c160:272:41,t2a-gg1-c-02-r272-us-west-02b,SN4700,swp18,,,,QSFPDD-400G-DR4,MPO8-SMF,,,,,,,,,,,,,,
,,,,,,,,,,,,,,,,,,,,,,,,,,,,,,,,,
LLDP:  Passed,US-PHX01,c160:005:38,t3a-gg1-03-r005-us-west-02b,SN4700,swp1,,,QSFPDD-400G-DR4,,US-PHX01,c160:026:42,t2a-gg1-a-01-r026-us-west-02b,SN4700,swp19,,,,QSFPDD-400G-DR4,MPO8-SMF,,,,,,,,,,,,,,
LLDP:  Passed,US-PHX01,c160:005:38,t3a-gg1-03-r005-us-west-02b,SN4700,swp2,,,QSFPDD-400G-DR4,,US-PHX01,c160:026:41,t2a-gg1-a-02-r026-us-west-02b,SN4700,swp19,,,,QSFPDD-400G-DR4,MPO8-SMF,,,,,,,,,,,,,,
LLDP:  Passed,US-PHX01,c160:005:38,t3a-gg1-03-r005-us-west-02b,SN4700,swp3,,,QSFPDD-400G-DR4,,US-PHX01,c160:042:42,t2a-gg1-b-01-r042-us-west-02b,SN4700,swp19,,,,QSFPDD-400G-DR4,MPO8-SMF,,,,,,,,,,,,,,
LLDP:  Passed,US-PHX01,c160:005:38,t3a-gg1-03-r005-us-west-02b,SN4700,swp4,,,QSFPDD-400G-DR4,,US-PHX01,c160:042:41,t2a-gg1-b-02-r042-us-west-02b,SN4700,swp19,,,,QSFPDD-400G-DR4,MPO8-SMF,,,,,,,,,,,,,,
LLDP:  Passed,US-PHX01,c160:005:38,t3a-gg1-03-r005-us-west-02b,SN4700,swp5,,,QSFPDD-400G-DR4,,US-PHX01,c160:272:42,t2a-gg1-c-01-r272-us-west-02b,SN4700,swp19,,,,QSFPDD-400G-DR4,MPO8-SMF,,,,,,,,,,,,,,
LLDP:  Passed,US-PHX01,c160:005:38,t3a-gg1-03-r005-us-west-02b,SN4700,swp6,,,QSFPDD-400G-DR4,,US-PHX01,c160:272:41,t2a-gg1-c-02-r272-us-west-02b,SN4700,swp19,,,,QSFPDD-400G-DR4,MPO8-SMF,,,,,,,,,,,,,,
,,,,,,,,,,,,,,,,,,,,,,,,,,,,,,,,,
LLDP:  Passed,US-PHX01,c160:005:36,t3a-gg1-04-r005-us-west-02b,SN4700,swp1,,,QSFPDD-400G-DR4,,US-PHX01,c160:026:42,t2a-gg1-a-01-r026-us-west-02b,SN4700,swp20,,,,QSFPDD-400G-DR4,MPO8-SMF,,,,,,,,,,,,,,
LLDP:  Passed,US-PHX01,c160:005:36,t3a-gg1-04-r005-us-west-02b,SN4700,swp2,,,QSFPDD-400G-DR4,,US-PHX01,c160:026:41,t2a-gg1-a-02-r026-us-west-02b,SN4700,swp20,,,,QSFPDD-400G-DR4,MPO8-SMF,,,,,,,,,,,,,,
LLDP:  Passed,US-PHX01,c160:005:36,t3a-gg1-04-r005-us-west-02b,SN4700,swp3,,,QSFPDD-400G-DR4,,US-PHX01,c160:042:42,t2a-gg1-b-01-r042-us-west-02b,SN4700,swp20,,,,QSFPDD-400G-DR4,MPO8-SMF,,,,,,,,,,,,,,
LLDP:  Passed,US-PHX01,c160:005:36,t3a-gg1-04-r005-us-west-02b,SN4700,swp4,,,QSFPDD-400G-DR4,,US-PHX01,c160:042:41,t2a-gg1-b-02-r042-us-west-02b,SN4700,swp20,,,,QSFPDD-400G-DR4,MPO8-SMF,,,,,,,,,,,,,,
LLDP:  Passed,US-PHX01,c160:005:36,t3a-gg1-04-r005-us-west-02b,SN4700,swp5,,,QSFPDD-400G-DR4,,US-PHX01,c160:272:42,t2a-gg1-c-01-r272-us-west-02b,SN4700,swp20,,,,QSFPDD-400G-DR4,MPO8-SMF,,,,,,,,,,,,,,
LLDP:  Passed,US-PHX01,c160:005:36,t3a-gg1-04-r005-us-west-02b,SN4700,swp6,,,QSFPDD-400G-DR4,,US-PHX01,c160:272:41,t2a-gg1-c-02-r272-us-west-02b,SN4700,swp20,,,,QSFPDD-400G-DR4,MPO8-SMF,,,,,,,,,,,,,,
,,,,,,,,,,,,,,,,,,,,,,,,,,,,,,,,,
LLDP:  Passed,US-PHX01,c160:005:34,t3a-gg1-05-r005-us-west-02b,SN4700,swp1,,,QSFPDD-400G-DR4,,US-PHX01,c160:026:42,t2a-gg1-a-01-r026-us-west-02b,SN4700,swp21,,,,QSFPDD-400G-DR4,MPO8-SMF,,,,,,,,,,,,,,
LLDP:  Passed,US-PHX01,c160:005:34,t3a-gg1-05-r005-us-west-02b,SN4700,swp2,,,QSFPDD-400G-DR4,,US-PHX01,c160:026:41,t2a-gg1-a-02-r026-us-west-02b,SN4700,swp21,,,,QSFPDD-400G-DR4,MPO8-SMF,,,,,,,,,,,,,,
LLDP:  Passed,US-PHX01,c160:005:34,t3a-gg1-05-r005-us-west-02b,SN4700,swp3,,,QSFPDD-400G-DR4,,US-PHX01,c160:042:42,t2a-gg1-b-01-r042-us-west-02b,SN4700,swp21,,,,QSFPDD-400G-DR4,MPO8-SMF,,,,,,,,,,,,,,
LLDP:  Failed,US-PHX01,c160:005:34,t3a-gg1-05-r005-us-west-02b,SN4700,swp4,,,QSFPDD-400G-DR4,,US-PHX01,c160:042:41,t2a-gg1-b-02-r042-us-west-02b,SN4700,swp21,,,,QSFPDD-400G-DR4,MPO8-SMF,,,,,,,,,,,,,,
LLDP:  Passed,US-PHX01,c160:005:34,t3a-gg1-05-r005-us-west-02b,SN4700,swp5,,,QSFPDD-400G-DR4,,US-PHX01,c160:272:42,t2a-gg1-c-01-r272-us-west-02b,SN4700,swp21,,,,QSFPDD-400G-DR4,MPO8-SMF,,,,,,,,,,,,,,
LLDP:  Passed,US-PHX01,c160:005:34,t3a-gg1-05-r005-us-west-02b,SN4700,swp6,,,QSFPDD-400G-DR4,,US-PHX01,c160:272:41,t2a-gg1-c-02-r272-us-west-02b,SN4700,swp21,,,,QSFPDD-400G-DR4,MPO8-SMF,,,,,,,,,,,,,,
,,,,,,,,,,,,,,,,,,,,,,,,,,,,,,,,,
LLDP:  Passed,US-PHX01,c160:005:32,t3a-gg1-06-r005-us-west-02b,SN4700,swp1,,,QSFPDD-400G-DR4,,US-PHX01,c160:026:42,t2a-gg1-a-01-r026-us-west-02b,SN4700,swp22,,,,QSFPDD-400G-DR4,MPO8-SMF,,,,,,,,,,,,,,
LLDP:  Passed,US-PHX01,c160:005:32,t3a-gg1-06-r005-us-west-02b,SN4700,swp2,,,QSFPDD-400G-DR4,,US-PHX01,c160:026:41,t2a-gg1-a-02-r026-us-west-02b,SN4700,swp22,,,,QSFPDD-400G-DR4,MPO8-SMF,,,,,,,,,,,,,,
LLDP:  Passed,US-PHX01,c160:005:32,t3a-gg1-06-r005-us-west-02b,SN4700,swp3,,,QSFPDD-400G-DR4,,US-PHX01,c160:042:42,t2a-gg1-b-01-r042-us-west-02b,SN4700,swp22,,,,QSFPDD-400G-DR4,MPO8-SMF,,,,,,,,,,,,,,
LLDP:  Passed,US-PHX01,c160:005:32,t3a-gg1-06-r005-us-west-02b,SN4700,swp4,,,QSFPDD-400G-DR4,,US-PHX01,c160:042:41,t2a-gg1-b-02-r042-us-west-02b,SN4700,swp22,,,,QSFPDD-400G-DR4,MPO8-SMF,,,,,,,,,,,,,,
LLDP:  Passed,US-PHX01,c160:005:32,t3a-gg1-06-r005-us-west-02b,SN4700,swp5,,,QSFPDD-400G-DR4,,US-PHX01,c160:272:42,t2a-gg1-c-01-r272-us-west-02b,SN4700,swp22,,,,QSFPDD-400G-DR4,MPO8-SMF,,,,,,,,,,,,,,
LLDP:  Passed,US-PHX01,c160:005:32,t3a-gg1-06-r005-us-west-02b,SN4700,swp6,,,QSFPDD-400G-DR4,,US-PHX01,c160:272:41,t2a-gg1-c-02-r272-us-west-02b,SN4700,swp22,,,,QSFPDD-400G-DR4,MPO8-SMF,,,,,,,,,,,,,,
,,,,,,,,,,,,,,,,,,,,,,,,,,,,,,,,,
LLDP:  Passed,US-PHX01,c160:005:30,t3a-gg1-07-r005-us-west-02b,SN4700,swp1,,,QSFPDD-400G-DR4,,US-PHX01,c160:026:42,t2a-gg1-a-01-r026-us-west-02b,SN4700,swp23,,,,QSFPDD-400G-DR4,MPO8-SMF,,,,,,,,,,,,,,
LLDP:  Passed,US-PHX01,c160:005:30,t3a-gg1-07-r005-us-west-02b,SN4700,swp2,,,QSFPDD-400G-DR4,,US-PHX01,c160:026:41,t2a-gg1-a-02-r026-us-west-02b,SN4700,swp23,,,,QSFPDD-400G-DR4,MPO8-SMF,,,,,,,,,,,,,,
LLDP:  Passed,US-PHX01,c160:005:30,t3a-gg1-07-r005-us-west-02b,SN4700,swp3,,,QSFPDD-400G-DR4,,US-PHX01,c160:042:42,t2a-gg1-b-01-r042-us-west-02b,SN4700,swp23,,,,QSFPDD-400G-DR4,MPO8-SMF,,,,,,,,,,,,,,
LLDP:  Passed,US-PHX01,c160:005:30,t3a-gg1-07-r005-us-west-02b,SN4700,swp4,,,QSFPDD-400G-DR4,,US-PHX01,c160:042:41,t2a-gg1-b-02-r042-us-west-02b,SN4700,swp23,,,,QSFPDD-400G-DR4,MPO8-SMF,,,,,,,,,,,,,,
LLDP:  Passed,US-PHX01,c160:005:30,t3a-gg1-07-r005-us-west-02b,SN4700,swp5,,,QSFPDD-400G-DR4,,US-PHX01,c160:272:42,t2a-gg1-c-01-r272-us-west-02b,SN4700,swp23,,,,QSFPDD-400G-DR4,MPO8-SMF,,,,,,,,,,,,,,
LLDP:  Passed,US-PHX01,c160:005:30,t3a-gg1-07-r005-us-west-02b,SN4700,swp6,,,QSFPDD-400G-DR4,,US-PHX01,c160:272:41,t2a-gg1-c-02-r272-us-west-02b,SN4700,swp23,,,,QSFPDD-400G-DR4,MPO8-SMF,,,,,,,,,,,,,,
,,,,,,,,,,,,,,,,,,,,,,,,,,,,,,,,,
LLDP:  Passed,US-PHX01,c160:005:28,t3a-gg1-08-r005-us-west-02b,SN4700,swp1,,,QSFPDD-400G-DR4,,US-PHX01,c160:026:42,t2a-gg1-a-01-r026-us-west-02b,SN4700,swp24,,,,QSFPDD-400G-DR4,MPO8-SMF,,,,,,,,,,,,,,
LLDP:  Passed,US-PHX01,c160:005:28,t3a-gg1-08-r005-us-west-02b,SN4700,swp2,,,QSFPDD-400G-DR4,,US-PHX01,c160:026:41,t2a-gg1-a-02-r026-us-west-02b,SN4700,swp24,,,,QSFPDD-400G-DR4,MPO8-SMF,,,,,,,,,,,,,,
LLDP:  Passed,US-PHX01,c160:005:28,t3a-gg1-08-r005-us-west-02b,SN4700,swp3,,,QSFPDD-400G-DR4,,US-PHX01,c160:042:42,t2a-gg1-b-01-r042-us-west-02b,SN4700,swp24,,,,QSFPDD-400G-DR4,MPO8-SMF,,,,,,,,,,,,,,
LLDP:  Passed,US-PHX01,c160:005:28,t3a-gg1-08-r005-us-west-02b,SN4700,swp4,,,QSFPDD-400G-DR4,,US-PHX01,c160:042:41,t2a-gg1-b-02-r042-us-west-02b,SN4700,swp24,,,,QSFPDD-400G-DR4,MPO8-SMF,,,,,,,,,,,,,,
LLDP:  Passed,US-PHX01,c160:005:28,t3a-gg1-08-r005-us-west-02b,SN4700,swp5,,,QSFPDD-400G-DR4,,US-PHX01,c160:272:42,t2a-gg1-c-01-r272-us-west-02b,SN4700,swp24,,,,QSFPDD-400G-DR4,MPO8-SMF,,,,,,,,,,,,,,
LLDP:  Passed,US-PHX01,c160:005:28,t3a-gg1-08-r005-us-west-02b,SN4700,swp6,,,QSFPDD-400G-DR4,,US-PHX01,c160:272:41,t2a-gg1-c-02-r272-us-west-02b,SN4700,swp24,,,,QSFPDD-400G-DR4,MPO8-SMF,,,,,,,,,,,,,,
,,,,,,,,,,,,,,,,,,,,,,,,,,,,,,,,,
LLDP:  Passed,US-PHX01,c160:005:18,t3b-gg1-01-r005-us-west-02b,SN4700,swp1,,,QSFPDD-400G-DR4,,US-PHX01,c160:026:36,t2b-gg1-a-01-r026-us-west-02b,SN4700,swp17,,,,QSFPDD-400G-DR4,MPO8-SMF,,,,,,,,,,,,,,
LLDP:  Passed,US-PHX01,c160:005:18,t3b-gg1-01-r005-us-west-02b,SN4700,swp2,,,QSFPDD-400G-DR4,,US-PHX01,c160:026:35,t2b-gg1-a-02-r026-us-west-02b,SN4700,swp17,,,,QSFPDD-400G-DR4,MPO8-SMF,,,,,,,,,,,,,,
LLDP:  Passed,US-PHX01,c160:005:18,t3b-gg1-01-r005-us-west-02b,SN4700,swp3,,,QSFPDD-400G-DR4,,US-PHX01,c160:042:36,t2b-gg1-b-01-r042-us-west-02b,SN4700,swp17,,,,QSFPDD-400G-DR4,MPO8-SMF,,,,,,,,,,,,,,
LLDP:  Passed,US-PHX01,c160:005:18,t3b-gg1-01-r005-us-west-02b,SN4700,swp4,,,QSFPDD-400G-DR4,,US-PHX01,c160:042:35,t2b-gg1-b-02-r042-us-west-02b,SN4700,swp17,,,,QSFPDD-400G-DR4,MPO8-SMF,,,,,,,,,,,,,,
LLDP:  Passed,US-PHX01,c160:005:18,t3b-gg1-01-r005-us-west-02b,SN4700,swp5,,,QSFPDD-400G-DR4,,US-PHX01,c160:272:36,t2b-gg1-c-01-r272-us-west-02b,SN4700,swp17,,,,QSFPDD-400G-DR4,MPO8-SMF,,,,,,,,,,,,,,
LLDP:  Passed,US-PHX01,c160:005:18,t3b-gg1-01-r005-us-west-02b,SN4700,swp6,,,QSFPDD-400G-DR4,,US-PHX01,c160:272:35,t2b-gg1-c-02-r272-us-west-02b,SN4700,swp17,,,,QSFPDD-400G-DR4,MPO8-SMF,,,,,,,,,,,,,,
,,,,,,,,,,,,,,,,,,,,,,,,,,,,,,,,,
LLDP:  Passed,US-PHX01,c160:005:16,t3b-gg1-02-r005-us-west-02b,SN4700,swp1,,,QSFPDD-400G-DR4,,US-PHX01,c160:026:36,t2b-gg1-a-01-r026-us-west-02b,SN4700,swp18,,,,QSFPDD-400G-DR4,MPO8-SMF,,,,,,,,,,,,,,
LLDP:  Passed,US-PHX01,c160:005:16,t3b-gg1-02-r005-us-west-02b,SN4700,swp2,,,QSFPDD-400G-DR4,,US-PHX01,c160:026:35,t2b-gg1-a-02-r026-us-west-02b,SN4700,swp18,,,,QSFPDD-400G-DR4,MPO8-SMF,,,,,,,,,,,,,,
LLDP:  Passed,US-PHX01,c160:005:16,t3b-gg1-02-r005-us-west-02b,SN4700,swp3,,,QSFPDD-400G-DR4,,US-PHX01,c160:042:36,t2b-gg1-b-01-r042-us-west-02b,SN4700,swp18,,,,QSFPDD-400G-DR4,MPO8-SMF,,,,,,,,,,,,,,
LLDP:  Passed,US-PHX01,c160:005:16,t3b-gg1-02-r005-us-west-02b,SN4700,swp4,,,QSFPDD-400G-DR4,,US-PHX01,c160:042:35,t2b-gg1-b-02-r042-us-west-02b,SN4700,swp18,,,,QSFPDD-400G-DR4,MPO8-SMF,,,,,,,,,,,,,,
LLDP:  Passed,US-PHX01,c160:005:16,t3b-gg1-02-r005-us-west-02b,SN4700,swp5,,,QSFPDD-400G-DR4,,US-PHX01,c160:272:36,t2b-gg1-c-01-r272-us-west-02b,SN4700,swp18,,,,QSFPDD-400G-DR4,MPO8-SMF,,,,,,,,,,,,,,
LLDP:  Passed,US-PHX01,c160:005:16,t3b-gg1-02-r005-us-west-02b,SN4700,swp6,,,QSFPDD-400G-DR4,,US-PHX01,c160:272:35,t2b-gg1-c-02-r272-us-west-02b,SN4700,swp18,,,,QSFPDD-400G-DR4,MPO8-SMF,,,,,,,,,,,,,,
,,,,,,,,,,,,,,,,,,,,,,,,,,,,,,,,,
LLDP:  Passed,US-PHX01,c160:005:14,t3b-gg1-03-r005-us-west-02b,SN4700,swp1,,,QSFPDD-400G-DR4,,US-PHX01,c160:026:36,t2b-gg1-a-01-r026-us-west-02b,SN4700,swp19,,,,QSFPDD-400G-DR4,MPO8-SMF,,,,,,,,,,,,,,
LLDP:  Passed,US-PHX01,c160:005:14,t3b-gg1-03-r005-us-west-02b,SN4700,swp2,,,QSFPDD-400G-DR4,,US-PHX01,c160:026:35,t2b-gg1-a-02-r026-us-west-02b,SN4700,swp19,,,,QSFPDD-400G-DR4,MPO8-SMF,,,,,,,,,,,,,,
LLDP:  Passed,US-PHX01,c160:005:14,t3b-gg1-03-r005-us-west-02b,SN4700,swp3,,,QSFPDD-400G-DR4,,US-PHX01,c160:042:36,t2b-gg1-b-01-r042-us-west-02b,SN4700,swp19,,,,QSFPDD-400G-DR4,MPO8-SMF,,,,,,,,,,,,,,
LLDP:  Passed,US-PHX01,c160:005:14,t3b-gg1-03-r005-us-west-02b,SN4700,swp4,,,QSFPDD-400G-DR4,,US-PHX01,c160:042:35,t2b-gg1-b-02-r042-us-west-02b,SN4700,swp19,,,,QSFPDD-400G-DR4,MPO8-SMF,,,,,,,,,,,,,,
LLDP:  Passed,US-PHX01,c160:005:14,t3b-gg1-03-r005-us-west-02b,SN4700,swp5,,,QSFPDD-400G-DR4,,US-PHX01,c160:272:36,t2b-gg1-c-01-r272-us-west-02b,SN4700,swp19,,,,QSFPDD-400G-DR4,MPO8-SMF,,,,,,,,,,,,,,
LLDP:  Passed,US-PHX01,c160:005:14,t3b-gg1-03-r005-us-west-02b,SN4700,swp6,,,QSFPDD-400G-DR4,,US-PHX01,c160:272:35,t2b-gg1-c-02-r272-us-west-02b,SN4700,swp19,,,,QSFPDD-400G-DR4,MPO8-SMF,,,,,,,,,,,,,,
,,,,,,,,,,,,,,,,,,,,,,,,,,,,,,,,,
LLDP:  Passed,US-PHX01,c160:005:12,t3b-gg1-04-r005-us-west-02b,SN4700,swp1,,,QSFPDD-400G-DR4,,US-PHX01,c160:026:36,t2b-gg1-a-01-r026-us-west-02b,SN4700,swp20,,,,QSFPDD-400G-DR4,MPO8-SMF,,,,,,,,,,,,,,
LLDP:  Passed,US-PHX01,c160:005:12,t3b-gg1-04-r005-us-west-02b,SN4700,swp2,,,QSFPDD-400G-DR4,,US-PHX01,c160:026:35,t2b-gg1-a-02-r026-us-west-02b,SN4700,swp20,,,,QSFPDD-400G-DR4,MPO8-SMF,,,,,,,,,,,,,,
LLDP:  Passed,US-PHX01,c160:005:12,t3b-gg1-04-r005-us-west-02b,SN4700,swp3,,,QSFPDD-400G-DR4,,US-PHX01,c160:042:36,t2b-gg1-b-01-r042-us-west-02b,SN4700,swp20,,,,QSFPDD-400G-DR4,MPO8-SMF,,,,,,,,,,,,,,
LLDP:  Passed,US-PHX01,c160:005:12,t3b-gg1-04-r005-us-west-02b,SN4700,swp4,,,QSFPDD-400G-DR4,,US-PHX01,c160:042:35,t2b-gg1-b-02-r042-us-west-02b,SN4700,swp20,,,,QSFPDD-400G-DR4,MPO8-SMF,,,,,,,,,,,,,,
LLDP:  Passed,US-PHX01,c160:005:12,t3b-gg1-04-r005-us-west-02b,SN4700,swp5,,,QSFPDD-400G-DR4,,US-PHX01,c160:272:36,t2b-gg1-c-01-r272-us-west-02b,SN4700,swp20,,,,QSFPDD-400G-DR4,MPO8-SMF,,,,,,,,,,,,,,
LLDP:  Passed,US-PHX01,c160:005:12,t3b-gg1-04-r005-us-west-02b,SN4700,swp6,,,QSFPDD-400G-DR4,,US-PHX01,c160:272:35,t2b-gg1-c-02-r272-us-west-02b,SN4700,swp20,,,,QSFPDD-400G-DR4,MPO8-SMF,,,,,,,,,,,,,,
,,,,,,,,,,,,,,,,,,,,,,,,,,,,,,,,,
LLDP:  Passed,US-PHX01,c160:005:10,t3b-gg1-05-r005-us-west-02b,SN4700,swp1,,,QSFPDD-400G-DR4,,US-PHX01,c160:026:36,t2b-gg1-a-01-r026-us-west-02b,SN4700,swp21,,,,QSFPDD-400G-DR4,MPO8-SMF,,,,,,,,,,,,,,
LLDP:  Passed,US-PHX01,c160:005:10,t3b-gg1-05-r005-us-west-02b,SN4700,swp2,,,QSFPDD-400G-DR4,,US-PHX01,c160:026:35,t2b-gg1-a-02-r026-us-west-02b,SN4700,swp21,,,,QSFPDD-400G-DR4,MPO8-SMF,,,,,,,,,,,,,,
LLDP:  Passed,US-PHX01,c160:005:10,t3b-gg1-05-r005-us-west-02b,SN4700,swp3,,,QSFPDD-400G-DR4,,US-PHX01,c160:042:36,t2b-gg1-b-01-r042-us-west-02b,SN4700,swp21,,,,QSFPDD-400G-DR4,MPO8-SMF,,,,,,,,,,,,,,
LLDP:  Passed,US-PHX01,c160:005:10,t3b-gg1-05-r005-us-west-02b,SN4700,swp4,,,QSFPDD-400G-DR4,,US-PHX01,c160:042:35,t2b-gg1-b-02-r042-us-west-02b,SN4700,swp21,,,,QSFPDD-400G-DR4,MPO8-SMF,,,,,,,,,,,,,,
LLDP:  Passed,US-PHX01,c160:005:10,t3b-gg1-05-r005-us-west-02b,SN4700,swp5,,,QSFPDD-400G-DR4,,US-PHX01,c160:272:36,t2b-gg1-c-01-r272-us-west-02b,SN4700,swp21,,,,QSFPDD-400G-DR4,MPO8-SMF,,,,,,,,,,,,,,
LLDP:  Passed,US-PHX01,c160:005:10,t3b-gg1-05-r005-us-west-02b,SN4700,swp6,,,QSFPDD-400G-DR4,,US-PHX01,c160:272:35,t2b-gg1-c-02-r272-us-west-02b,SN4700,swp21,,,,QSFPDD-400G-DR4,MPO8-SMF,,,,,,,,,,,,,,
,,,,,,,,,,,,,,,,,,,,,,,,,,,,,,,,,
LLDP:  Passed,US-PHX01,c160:005:08,t3b-gg1-06-r005-us-west-02b,SN4700,swp1,,,QSFPDD-400G-DR4,,US-PHX01,c160:026:36,t2b-gg1-a-01-r026-us-west-02b,SN4700,swp22,,,,QSFPDD-400G-DR4,MPO8-SMF,,,,,,,,,,,,,,
LLDP:  Passed,US-PHX01,c160:005:08,t3b-gg1-06-r005-us-west-02b,SN4700,swp2,,,QSFPDD-400G-DR4,,US-PHX01,c160:026:35,t2b-gg1-a-02-r026-us-west-02b,SN4700,swp22,,,,QSFPDD-400G-DR4,MPO8-SMF,,,,,,,,,,,,,,
LLDP:  Passed,US-PHX01,c160:005:08,t3b-gg1-06-r005-us-west-02b,SN4700,swp3,,,QSFPDD-400G-DR4,,US-PHX01,c160:042:36,t2b-gg1-b-01-r042-us-west-02b,SN4700,swp22,,,,QSFPDD-400G-DR4,MPO8-SMF,,,,,,,,,,,,,,
LLDP:  Passed,US-PHX01,c160:005:08,t3b-gg1-06-r005-us-west-02b,SN4700,swp4,,,QSFPDD-400G-DR4,,US-PHX01,c160:042:35,t2b-gg1-b-02-r042-us-west-02b,SN4700,swp22,,,,QSFPDD-400G-DR4,MPO8-SMF,,,,,,,,,,,,,,
LLDP:  Passed,US-PHX01,c160:005:08,t3b-gg1-06-r005-us-west-02b,SN4700,swp5,,,QSFPDD-400G-DR4,,US-PHX01,c160:272:36,t2b-gg1-c-01-r272-us-west-02b,SN4700,swp22,,,,QSFPDD-400G-DR4,MPO8-SMF,,,,,,,,,,,,,,
LLDP:  Passed,US-PHX01,c160:005:08,t3b-gg1-06-r005-us-west-02b,SN4700,swp6,,,QSFPDD-400G-DR4,,US-PHX01,c160:272:35,t2b-gg1-c-02-r272-us-west-02b,SN4700,swp22,,,,QSFPDD-400G-DR4,MPO8-SMF,,,,,,,,,,,,,,
,,,,,,,,,,,,,,,,,,,,,,,,,,,,,,,,,
LLDP:  Passed,US-PHX01,c160:005:06,t3b-gg1-07-r005-us-west-02b,SN4700,swp1,,,QSFPDD-400G-DR4,,US-PHX01,c160:026:36,t2b-gg1-a-01-r026-us-west-02b,SN4700,swp23,,,,QSFPDD-400G-DR4,MPO8-SMF,,,,,,,,,,,,,,
LLDP:  Passed,US-PHX01,c160:005:06,t3b-gg1-07-r005-us-west-02b,SN4700,swp2,,,QSFPDD-400G-DR4,,US-PHX01,c160:026:35,t2b-gg1-a-02-r026-us-west-02b,SN4700,swp23,,,,QSFPDD-400G-DR4,MPO8-SMF,,,,,,,,,,,,,,
LLDP:  Passed,US-PHX01,c160:005:06,t3b-gg1-07-r005-us-west-02b,SN4700,swp3,,,QSFPDD-400G-DR4,,US-PHX01,c160:042:36,t2b-gg1-b-01-r042-us-west-02b,SN4700,swp23,,,,QSFPDD-400G-DR4,MPO8-SMF,,,,,,,,,,,,,,
LLDP:  Passed,US-PHX01,c160:005:06,t3b-gg1-07-r005-us-west-02b,SN4700,swp4,,,QSFPDD-400G-DR4,,US-PHX01,c160:042:35,t2b-gg1-b-02-r042-us-west-02b,SN4700,swp23,,,,QSFPDD-400G-DR4,MPO8-SMF,,,,,,,,,,,,,,
LLDP:  Passed,US-PHX01,c160:005:06,t3b-gg1-07-r005-us-west-02b,SN4700,swp5,,,QSFPDD-400G-DR4,,US-PHX01,c160:272:36,t2b-gg1-c-01-r272-us-west-02b,SN4700,swp23,,,,QSFPDD-400G-DR4,MPO8-SMF,,,,,,,,,,,,,,
LLDP:  Passed,US-PHX01,c160:005:06,t3b-gg1-07-r005-us-west-02b,SN4700,swp6,,,QSFPDD-400G-DR4,,US-PHX01,c160:272:35,t2b-gg1-c-02-r272-us-west-02b,SN4700,swp23,,,,QSFPDD-400G-DR4,MPO8-SMF,,,,,,,,,,,,,,
,,,,,,,,,,,,,,,,,,,,,,,,,,,,,,,,,
LLDP:  Passed,US-PHX01,c160:005:04,t3b-gg1-08-r005-us-west-02b,SN4700,swp1,,,QSFPDD-400G-DR4,,US-PHX01,c160:026:36,t2b-gg1-a-01-r026-us-west-02b,SN4700,swp24,,,,QSFPDD-400G-DR4,MPO8-SMF,,,,,,,,,,,,,,
LLDP:  Passed,US-PHX01,c160:005:04,t3b-gg1-08-r005-us-west-02b,SN4700,swp2,,,QSFPDD-400G-DR4,,US-PHX01,c160:026:35,t2b-gg1-a-02-r026-us-west-02b,SN4700,swp24,,,,QSFPDD-400G-DR4,MPO8-SMF,,,,,,,,,,,,,,
LLDP:  Passed,US-PHX01,c160:005:04,t3b-gg1-08-r005-us-west-02b,SN4700,swp3,,,QSFPDD-400G-DR4,,US-PHX01,c160:042:36,t2b-gg1-b-01-r042-us-west-02b,SN4700,swp24,,,,QSFPDD-400G-DR4,MPO8-SMF,,,,,,,,,,,,,,
LLDP:  Passed,US-PHX01,c160:005:04,t3b-gg1-08-r005-us-west-02b,SN4700,swp4,,,QSFPDD-400G-DR4,,US-PHX01,c160:042:35,t2b-gg1-b-02-r042-us-west-02b,SN4700,swp24,,,,QSFPDD-400G-DR4,MPO8-SMF,,,,,,,,,,,,,,
LLDP:  Passed,US-PHX01,c160:005:04,t3b-gg1-08-r005-us-west-02b,SN4700,swp5,,,QSFPDD-400G-DR4,,US-PHX01,c160:272:36,t2b-gg1-c-01-r272-us-west-02b,SN4700,swp24,,,,QSFPDD-400G-DR4,MPO8-SMF,,,,,,,,,,,,,,
LLDP:  Passed,US-PHX01,c160:005:04,t3b-gg1-08-r005-us-west-02b,SN4700,swp6,,,QSFPDD-400G-DR4,,US-PHX01,c160:272:35,t2b-gg1-c-02-r272-us-west-02b,SN4700,swp24,,,,QSFPDD-400G-DR4,MPO8-SMF,,,,,,,,,,,,,,
,,,,,,,,,,,,,,,,,,,,,,,,,,,,,,,,,
LLDP:  Passed,US-PHX01,c160:006:42,t3c-gg1-01-r006-us-west-02b,SN4700,swp1,,,QSFPDD-400G-DR4,,US-PHX01,c160:026:17,t2c-gg1-a-01-r026-us-west-02b,SN4700,swp17,,,,QSFPDD-400G-DR4,MPO8-SMF,,,,,,,,,,,,,,
LLDP:  Passed,US-PHX01,c160:006:42,t3c-gg1-01-r006-us-west-02b,SN4700,swp2,,,QSFPDD-400G-DR4,,US-PHX01,c160:026:16,t2c-gg1-a-02-r026-us-west-02b,SN4700,swp17,,,,QSFPDD-400G-DR4,MPO8-SMF,,,,,,,,,,,,,,
LLDP:  Passed,US-PHX01,c160:006:42,t3c-gg1-01-r006-us-west-02b,SN4700,swp3,,,QSFPDD-400G-DR4,,US-PHX01,c160:042:17,t2c-gg1-b-01-r042-us-west-02b,SN4700,swp17,,,,QSFPDD-400G-DR4,MPO8-SMF,,,,,,,,,,,,,,
LLDP:  Passed,US-PHX01,c160:006:42,t3c-gg1-01-r006-us-west-02b,SN4700,swp4,,,QSFPDD-400G-DR4,,US-PHX01,c160:042:16,t2c-gg1-b-02-r042-us-west-02b,SN4700,swp17,,,,QSFPDD-400G-DR4,MPO8-SMF,,,,,,,,,,,,,,
LLDP:  Passed,US-PHX01,c160:006:42,t3c-gg1-01-r006-us-west-02b,SN4700,swp5,,,QSFPDD-400G-DR4,,US-PHX01,c160:272:17,t2c-gg1-c-01-r272-us-west-02b,SN4700,swp17,,,,QSFPDD-400G-DR4,MPO8-SMF,,,,,,,,,,,,,,
LLDP:  Passed,US-PHX01,c160:006:42,t3c-gg1-01-r006-us-west-02b,SN4700,swp6,,,QSFPDD-400G-DR4,,US-PHX01,c160:272:16,t2c-gg1-c-02-r272-us-west-02b,SN4700,swp17,,,,QSFPDD-400G-DR4,MPO8-SMF,,,,,,,,,,,,,,
,,,,,,,,,,,,,,,,,,,,,,,,,,,,,,,,,
LLDP:  Passed,US-PHX01,c160:006:40,t3c-gg1-02-r006-us-west-02b,SN4700,swp1,,,QSFPDD-400G-DR4,,US-PHX01,c160:026:17,t2c-gg1-a-01-r026-us-west-02b,SN4700,swp18,,,,QSFPDD-400G-DR4,MPO8-SMF,,,,,,,,,,,,,,
LLDP:  Passed,US-PHX01,c160:006:40,t3c-gg1-02-r006-us-west-02b,SN4700,swp2,,,QSFPDD-400G-DR4,,US-PHX01,c160:026:16,t2c-gg1-a-02-r026-us-west-02b,SN4700,swp18,,,,QSFPDD-400G-DR4,MPO8-SMF,,,,,,,,,,,,,,
LLDP:  Passed,US-PHX01,c160:006:40,t3c-gg1-02-r006-us-west-02b,SN4700,swp3,,,QSFPDD-400G-DR4,,US-PHX01,c160:042:17,t2c-gg1-b-01-r042-us-west-02b,SN4700,swp18,,,,QSFPDD-400G-DR4,MPO8-SMF,,,,,,,,,,,,,,
LLDP:  Passed,US-PHX01,c160:006:40,t3c-gg1-02-r006-us-west-02b,SN4700,swp4,,,QSFPDD-400G-DR4,,US-PHX01,c160:042:16,t2c-gg1-b-02-r042-us-west-02b,SN4700,swp18,,,,QSFPDD-400G-DR4,MPO8-SMF,,,,,,,,,,,,,,
LLDP:  Passed,US-PHX01,c160:006:40,t3c-gg1-02-r006-us-west-02b,SN4700,swp5,,,QSFPDD-400G-DR4,,US-PHX01,c160:272:17,t2c-gg1-c-01-r272-us-west-02b,SN4700,swp18,,,,QSFPDD-400G-DR4,MPO8-SMF,,,,,,,,,,,,,,
LLDP:  Passed,US-PHX01,c160:006:40,t3c-gg1-02-r006-us-west-02b,SN4700,swp6,,,QSFPDD-400G-DR4,,US-PHX01,c160:272:16,t2c-gg1-c-02-r272-us-west-02b,SN4700,swp18,,,,QSFPDD-400G-DR4,MPO8-SMF,,,,,,,,,,,,,,
,,,,,,,,,,,,,,,,,,,,,,,,,,,,,,,,,
LLDP:  Passed,US-PHX01,c160:006:38,t3c-gg1-03-r006-us-west-02b,SN4700,swp1,,,QSFPDD-400G-DR4,,US-PHX01,c160:026:17,t2c-gg1-a-01-r026-us-west-02b,SN4700,swp19,,,,QSFPDD-400G-DR4,MPO8-SMF,,,,,,,,,,,,,,
LLDP:  Passed,US-PHX01,c160:006:38,t3c-gg1-03-r006-us-west-02b,SN4700,swp2,,,QSFPDD-400G-DR4,,US-PHX01,c160:026:16,t2c-gg1-a-02-r026-us-west-02b,SN4700,swp19,,,,QSFPDD-400G-DR4,MPO8-SMF,,,,,,,,,,,,,,
LLDP:  Passed,US-PHX01,c160:006:38,t3c-gg1-03-r006-us-west-02b,SN4700,swp3,,,QSFPDD-400G-DR4,,US-PHX01,c160:042:17,t2c-gg1-b-01-r042-us-west-02b,SN4700,swp19,,,,QSFPDD-400G-DR4,MPO8-SMF,,,,,,,,,,,,,,
LLDP:  Passed,US-PHX01,c160:006:38,t3c-gg1-03-r006-us-west-02b,SN4700,swp4,,,QSFPDD-400G-DR4,,US-PHX01,c160:042:16,t2c-gg1-b-02-r042-us-west-02b,SN4700,swp19,,,,QSFPDD-400G-DR4,MPO8-SMF,,,,,,,,,,,,,,
LLDP:  Passed,US-PHX01,c160:006:38,t3c-gg1-03-r006-us-west-02b,SN4700,swp5,,,QSFPDD-400G-DR4,,US-PHX01,c160:272:17,t2c-gg1-c-01-r272-us-west-02b,SN4700,swp19,,,,QSFPDD-400G-DR4,MPO8-SMF,,,,,,,,,,,,,,
LLDP:  Passed,US-PHX01,c160:006:38,t3c-gg1-03-r006-us-west-02b,SN4700,swp6,,,QSFPDD-400G-DR4,,US-PHX01,c160:272:16,t2c-gg1-c-02-r272-us-west-02b,SN4700,swp19,,,,QSFPDD-400G-DR4,MPO8-SMF,,,,,,,,,,,,,,
,,,,,,,,,,,,,,,,,,,,,,,,,,,,,,,,,
LLDP:  Passed,US-PHX01,c160:006:36,t3c-gg1-04-r006-us-west-02b,SN4700,swp1,,,QSFPDD-400G-DR4,,US-PHX01,c160:026:17,t2c-gg1-a-01-r026-us-west-02b,SN4700,swp20,,,,QSFPDD-400G-DR4,MPO8-SMF,,,,,,,,,,,,,,
LLDP:  Passed,US-PHX01,c160:006:36,t3c-gg1-04-r006-us-west-02b,SN4700,swp2,,,QSFPDD-400G-DR4,,US-PHX01,c160:026:16,t2c-gg1-a-02-r026-us-west-02b,SN4700,swp20,,,,QSFPDD-400G-DR4,MPO8-SMF,,,,,,,,,,,,,,
LLDP:  Passed,US-PHX01,c160:006:36,t3c-gg1-04-r006-us-west-02b,SN4700,swp3,,,QSFPDD-400G-DR4,,US-PHX01,c160:042:17,t2c-gg1-b-01-r042-us-west-02b,SN4700,swp20,,,,QSFPDD-400G-DR4,MPO8-SMF,,,,,,,,,,,,,,
LLDP:  Passed,US-PHX01,c160:006:36,t3c-gg1-04-r006-us-west-02b,SN4700,swp4,,,QSFPDD-400G-DR4,,US-PHX01,c160:042:16,t2c-gg1-b-02-r042-us-west-02b,SN4700,swp20,,,,QSFPDD-400G-DR4,MPO8-SMF,,,,,,,,,,,,,,
LLDP:  Passed,US-PHX01,c160:006:36,t3c-gg1-04-r006-us-west-02b,SN4700,swp5,,,QSFPDD-400G-DR4,,US-PHX01,c160:272:17,t2c-gg1-c-01-r272-us-west-02b,SN4700,swp20,,,,QSFPDD-400G-DR4,MPO8-SMF,,,,,,,,,,,,,,
LLDP:  Passed,US-PHX01,c160:006:36,t3c-gg1-04-r006-us-west-02b,SN4700,swp6,,,QSFPDD-400G-DR4,,US-PHX01,c160:272:16,t2c-gg1-c-02-r272-us-west-02b,SN4700,swp20,,,,QSFPDD-400G-DR4,MPO8-SMF,,,,,,,,,,,,,,
,,,,,,,,,,,,,,,,,,,,,,,,,,,,,,,,,
LLDP:  Passed,US-PHX01,c160:006:34,t3c-gg1-05-r006-us-west-02b,SN4700,swp1,,,QSFPDD-400G-DR4,,US-PHX01,c160:026:17,t2c-gg1-a-01-r026-us-west-02b,SN4700,swp21,,,,QSFPDD-400G-DR4,MPO8-SMF,,,,,,,,,,,,,,
LLDP:  Passed,US-PHX01,c160:006:34,t3c-gg1-05-r006-us-west-02b,SN4700,swp2,,,QSFPDD-400G-DR4,,US-PHX01,c160:026:16,t2c-gg1-a-02-r026-us-west-02b,SN4700,swp21,,,,QSFPDD-400G-DR4,MPO8-SMF,,,,,,,,,,,,,,
LLDP:  Passed,US-PHX01,c160:006:34,t3c-gg1-05-r006-us-west-02b,SN4700,swp3,,,QSFPDD-400G-DR4,,US-PHX01,c160:042:17,t2c-gg1-b-01-r042-us-west-02b,SN4700,swp21,,,,QSFPDD-400G-DR4,MPO8-SMF,,,,,,,,,,,,,,
LLDP:  Passed,US-PHX01,c160:006:34,t3c-gg1-05-r006-us-west-02b,SN4700,swp4,,,QSFPDD-400G-DR4,,US-PHX01,c160:042:16,t2c-gg1-b-02-r042-us-west-02b,SN4700,swp21,,,,QSFPDD-400G-DR4,MPO8-SMF,,,,,,,,,,,,,,
LLDP:  Passed,US-PHX01,c160:006:34,t3c-gg1-05-r006-us-west-02b,SN4700,swp5,,,QSFPDD-400G-DR4,,US-PHX01,c160:272:17,t2c-gg1-c-01-r272-us-west-02b,SN4700,swp21,,,,QSFPDD-400G-DR4,MPO8-SMF,,,,,,,,,,,,,,
LLDP:  Passed,US-PHX01,c160:006:34,t3c-gg1-05-r006-us-west-02b,SN4700,swp6,,,QSFPDD-400G-DR4,,US-PHX01,c160:272:16,t2c-gg1-c-02-r272-us-west-02b,SN4700,swp21,,,,QSFPDD-400G-DR4,MPO8-SMF,,,,,,,,,,,,,,
,,,,,,,,,,,,,,,,,,,,,,,,,,,,,,,,,
LLDP:  Passed,US-PHX01,c160:006:32,t3c-gg1-06-r006-us-west-02b,SN4700,swp1,,,QSFPDD-400G-DR4,,US-PHX01,c160:026:17,t2c-gg1-a-01-r026-us-west-02b,SN4700,swp22,,,,QSFPDD-400G-DR4,MPO8-SMF,,,,,,,,,,,,,,
LLDP:  Passed,US-PHX01,c160:006:32,t3c-gg1-06-r006-us-west-02b,SN4700,swp2,,,QSFPDD-400G-DR4,,US-PHX01,c160:026:16,t2c-gg1-a-02-r026-us-west-02b,SN4700,swp22,,,,QSFPDD-400G-DR4,MPO8-SMF,,,,,,,,,,,,,,
LLDP:  Passed,US-PHX01,c160:006:32,t3c-gg1-06-r006-us-west-02b,SN4700,swp3,,,QSFPDD-400G-DR4,,US-PHX01,c160:042:17,t2c-gg1-b-01-r042-us-west-02b,SN4700,swp22,,,,QSFPDD-400G-DR4,MPO8-SMF,,,,,,,,,,,,,,
LLDP:  Failed,US-PHX01,c160:006:32,t3c-gg1-06-r006-us-west-02b,SN4700,swp4,,,QSFPDD-400G-DR4,,US-PHX01,c160:042:16,t2c-gg1-b-02-r042-us-west-02b,SN4700,swp22,,,,QSFPDD-400G-DR4,MPO8-SMF,,,,,,,,,,,,,,
LLDP:  Passed,US-PHX01,c160:006:32,t3c-gg1-06-r006-us-west-02b,SN4700,swp5,,,QSFPDD-400G-DR4,,US-PHX01,c160:272:17,t2c-gg1-c-01-r272-us-west-02b,SN4700,swp22,,,,QSFPDD-400G-DR4,MPO8-SMF,,,,,,,,,,,,,,
LLDP:  Passed,US-PHX01,c160:006:32,t3c-gg1-06-r006-us-west-02b,SN4700,swp6,,,QSFPDD-400G-DR4,,US-PHX01,c160:272:16,t2c-gg1-c-02-r272-us-west-02b,SN4700,swp22,,,,QSFPDD-400G-DR4,MPO8-SMF,,,,,,,,,,,,,,
,,,,,,,,,,,,,,,,,,,,,,,,,,,,,,,,,
LLDP:  Passed,US-PHX01,c160:006:30,t3c-gg1-07-r006-us-west-02b,SN4700,swp1,,,QSFPDD-400G-DR4,,US-PHX01,c160:026:17,t2c-gg1-a-01-r026-us-west-02b,SN4700,swp23,,,,QSFPDD-400G-DR4,MPO8-SMF,,,,,,,,,,,,,,
LLDP:  Passed,US-PHX01,c160:006:30,t3c-gg1-07-r006-us-west-02b,SN4700,swp2,,,QSFPDD-400G-DR4,,US-PHX01,c160:026:16,t2c-gg1-a-02-r026-us-west-02b,SN4700,swp23,,,,QSFPDD-400G-DR4,MPO8-SMF,,,,,,,,,,,,,,
LLDP:  Passed,US-PHX01,c160:006:30,t3c-gg1-07-r006-us-west-02b,SN4700,swp3,,,QSFPDD-400G-DR4,,US-PHX01,c160:042:17,t2c-gg1-b-01-r042-us-west-02b,SN4700,swp23,,,,QSFPDD-400G-DR4,MPO8-SMF,,,,,,,,,,,,,,
LLDP:  Passed,US-PHX01,c160:006:30,t3c-gg1-07-r006-us-west-02b,SN4700,swp4,,,QSFPDD-400G-DR4,,US-PHX01,c160:042:16,t2c-gg1-b-02-r042-us-west-02b,SN4700,swp23,,,,QSFPDD-400G-DR4,MPO8-SMF,,,,,,,,,,,,,,
LLDP:  Passed,US-PHX01,c160:006:30,t3c-gg1-07-r006-us-west-02b,SN4700,swp5,,,QSFPDD-400G-DR4,,US-PHX01,c160:272:17,t2c-gg1-c-01-r272-us-west-02b,SN4700,swp23,,,,QSFPDD-400G-DR4,MPO8-SMF,,,,,,,,,,,,,,
LLDP:  Passed,US-PHX01,c160:006:30,t3c-gg1-07-r006-us-west-02b,SN4700,swp6,,,QSFPDD-400G-DR4,,US-PHX01,c160:272:16,t2c-gg1-c-02-r272-us-west-02b,SN4700,swp23,,,,QSFPDD-400G-DR4,MPO8-SMF,,,,,,,,,,,,,,
,,,,,,,,,,,,,,,,,,,,,,,,,,,,,,,,,
LLDP:  Passed,US-PHX01,c160:006:28,t3c-gg1-08-r006-us-west-02b,SN4700,swp1,,,QSFPDD-400G-DR4,,US-PHX01,c160:026:17,t2c-gg1-a-01-r026-us-west-02b,SN4700,swp24,,,,QSFPDD-400G-DR4,MPO8-SMF,,,,,,,,,,,,,,
LLDP:  Passed,US-PHX01,c160:006:28,t3c-gg1-08-r006-us-west-02b,SN4700,swp2,,,QSFPDD-400G-DR4,,US-PHX01,c160:026:16,t2c-gg1-a-02-r026-us-west-02b,SN4700,swp24,,,,QSFPDD-400G-DR4,MPO8-SMF,,,,,,,,,,,,,,
LLDP:  Passed,US-PHX01,c160:006:28,t3c-gg1-08-r006-us-west-02b,SN4700,swp3,,,QSFPDD-400G-DR4,,US-PHX01,c160:042:17,t2c-gg1-b-01-r042-us-west-02b,SN4700,swp24,,,,QSFPDD-400G-DR4,MPO8-SMF,,,,,,,,,,,,,,
LLDP:  Passed,US-PHX01,c160:006:28,t3c-gg1-08-r006-us-west-02b,SN4700,swp4,,,QSFPDD-400G-DR4,,US-PHX01,c160:042:16,t2c-gg1-b-02-r042-us-west-02b,SN4700,swp24,,,,QSFPDD-400G-DR4,MPO8-SMF,,,,,,,,,,,,,,
LLDP:  Passed,US-PHX01,c160:006:28,t3c-gg1-08-r006-us-west-02b,SN4700,swp5,,,QSFPDD-400G-DR4,,US-PHX01,c160:272:17,t2c-gg1-c-01-r272-us-west-02b,SN4700,swp24,,,,QSFPDD-400G-DR4,MPO8-SMF,,,,,,,,,,,,,,
LLDP:  Passed,US-PHX01,c160:006:28,t3c-gg1-08-r006-us-west-02b,SN4700,swp6,,,QSFPDD-400G-DR4,,US-PHX01,c160:272:16,t2c-gg1-c-02-r272-us-west-02b,SN4700,swp24,,,,QSFPDD-400G-DR4,MPO8-SMF,,,,,,,,,,,,,,
,,,,,,,,,,,,,,,,,,,,,,,,,,,,,,,,,
LLDP:  Passed,US-PHX01,c160:006:18,t3d-gg1-01-r006-us-west-02b,SN4700,swp1,,,QSFPDD-400G-DR4,,US-PHX01,c160:026:11,t2d-gg1-a-01-r026-us-west-02b,SN4700,swp17,,,,QSFPDD-400G-DR4,MPO8-SMF,,,,,,,,,,,,,,
LLDP:  Passed,US-PHX01,c160:006:18,t3d-gg1-01-r006-us-west-02b,SN4700,swp2,,,QSFPDD-400G-DR4,,US-PHX01,c160:026:10,t2d-gg1-a-02-r026-us-west-02b,SN4700,swp17,,,,QSFPDD-400G-DR4,MPO8-SMF,,,,,,,,,,,,,,
LLDP:  Passed,US-PHX01,c160:006:18,t3d-gg1-01-r006-us-west-02b,SN4700,swp3,,,QSFPDD-400G-DR4,,US-PHX01,c160:042:11,t2d-gg1-b-01-r042-us-west-02b,SN4700,swp17,,,,QSFPDD-400G-DR4,MPO8-SMF,,,,,,,,,,,,,,
LLDP:  Passed,US-PHX01,c160:006:18,t3d-gg1-01-r006-us-west-02b,SN4700,swp4,,,QSFPDD-400G-DR4,,US-PHX01,c160:042:10,t2d-gg1-b-02-r042-us-west-02b,SN4700,swp17,,,,QSFPDD-400G-DR4,MPO8-SMF,,,,,,,,,,,,,,
LLDP:  Passed,US-PHX01,c160:006:18,t3d-gg1-01-r006-us-west-02b,SN4700,swp5,,,QSFPDD-400G-DR4,,US-PHX01,c160:272:11,t2d-gg1-c-01-r272-us-west-02b,SN4700,swp17,,,,QSFPDD-400G-DR4,MPO8-SMF,,,,,,,,,,,,,,
LLDP:  Passed,US-PHX01,c160:006:18,t3d-gg1-01-r006-us-west-02b,SN4700,swp6,,,QSFPDD-400G-DR4,,US-PHX01,c160:272:10,t2d-gg1-c-02-r272-us-west-02b,SN4700,swp17,,,,QSFPDD-400G-DR4,MPO8-SMF,,,,,,,,,,,,,,
,,,,,,,,,,,,,,,,,,,,,,,,,,,,,,,,,
LLDP:  Passed,US-PHX01,c160:006:16,t3d-gg1-02-r006-us-west-02b,SN4700,swp1,,,QSFPDD-400G-DR4,,US-PHX01,c160:026:11,t2d-gg1-a-01-r026-us-west-02b,SN4700,swp18,,,,QSFPDD-400G-DR4,MPO8-SMF,,,,,,,,,,,,,,
LLDP:  Passed,US-PHX01,c160:006:16,t3d-gg1-02-r006-us-west-02b,SN4700,swp2,,,QSFPDD-400G-DR4,,US-PHX01,c160:026:10,t2d-gg1-a-02-r026-us-west-02b,SN4700,swp18,,,,QSFPDD-400G-DR4,MPO8-SMF,,,,,,,,,,,,,,
LLDP:  Passed,US-PHX01,c160:006:16,t3d-gg1-02-r006-us-west-02b,SN4700,swp3,,,QSFPDD-400G-DR4,,US-PHX01,c160:042:11,t2d-gg1-b-01-r042-us-west-02b,SN4700,swp18,,,,QSFPDD-400G-DR4,MPO8-SMF,,,,,,,,,,,,,,
LLDP:  Passed,US-PHX01,c160:006:16,t3d-gg1-02-r006-us-west-02b,SN4700,swp4,,,QSFPDD-400G-DR4,,US-PHX01,c160:042:10,t2d-gg1-b-02-r042-us-west-02b,SN4700,swp18,,,,QSFPDD-400G-DR4,MPO8-SMF,,,,,,,,,,,,,,
LLDP:  Passed,US-PHX01,c160:006:16,t3d-gg1-02-r006-us-west-02b,SN4700,swp5,,,QSFPDD-400G-DR4,,US-PHX01,c160:272:11,t2d-gg1-c-01-r272-us-west-02b,SN4700,swp18,,,,QSFPDD-400G-DR4,MPO8-SMF,,,,,,,,,,,,,,
LLDP:  Passed,US-PHX01,c160:006:16,t3d-gg1-02-r006-us-west-02b,SN4700,swp6,,,QSFPDD-400G-DR4,,US-PHX01,c160:272:10,t2d-gg1-c-02-r272-us-west-02b,SN4700,swp18,,,,QSFPDD-400G-DR4,MPO8-SMF,,,,,,,,,,,,,,
,,,,,,,,,,,,,,,,,,,,,,,,,,,,,,,,,
LLDP:  Passed,US-PHX01,c160:006:14,t3d-gg1-03-r006-us-west-02b,SN4700,swp1,,,QSFPDD-400G-DR4,,US-PHX01,c160:026:11,t2d-gg1-a-01-r026-us-west-02b,SN4700,swp19,,,,QSFPDD-400G-DR4,MPO8-SMF,,,,,,,,,,,,,,
LLDP:  Passed,US-PHX01,c160:006:14,t3d-gg1-03-r006-us-west-02b,SN4700,swp2,,,QSFPDD-400G-DR4,,US-PHX01,c160:026:10,t2d-gg1-a-02-r026-us-west-02b,SN4700,swp19,,,,QSFPDD-400G-DR4,MPO8-SMF,,,,,,,,,,,,,,
LLDP:  Passed,US-PHX01,c160:006:14,t3d-gg1-03-r006-us-west-02b,SN4700,swp3,,,QSFPDD-400G-DR4,,US-PHX01,c160:042:11,t2d-gg1-b-01-r042-us-west-02b,SN4700,swp19,,,,QSFPDD-400G-DR4,MPO8-SMF,,,,,,,,,,,,,,
LLDP:  Passed,US-PHX01,c160:006:14,t3d-gg1-03-r006-us-west-02b,SN4700,swp4,,,QSFPDD-400G-DR4,,US-PHX01,c160:042:10,t2d-gg1-b-02-r042-us-west-02b,SN4700,swp19,,,,QSFPDD-400G-DR4,MPO8-SMF,,,,,,,,,,,,,,
LLDP:  Passed,US-PHX01,c160:006:14,t3d-gg1-03-r006-us-west-02b,SN4700,swp5,,,QSFPDD-400G-DR4,,US-PHX01,c160:272:11,t2d-gg1-c-01-r272-us-west-02b,SN4700,swp19,,,,QSFPDD-400G-DR4,MPO8-SMF,,,,,,,,,,,,,,
LLDP:  Passed,US-PHX01,c160:006:14,t3d-gg1-03-r006-us-west-02b,SN4700,swp6,,,QSFPDD-400G-DR4,,US-PHX01,c160:272:10,t2d-gg1-c-02-r272-us-west-02b,SN4700,swp19,,,,QSFPDD-400G-DR4,MPO8-SMF,,,,,,,,,,,,,,
,,,,,,,,,,,,,,,,,,,,,,,,,,,,,,,,,
LLDP:  Passed,US-PHX01,c160:006:12,t3d-gg1-04-r006-us-west-02b,SN4700,swp1,,,QSFPDD-400G-DR4,,US-PHX01,c160:026:11,t2d-gg1-a-01-r026-us-west-02b,SN4700,swp20,,,,QSFPDD-400G-DR4,MPO8-SMF,,,,,,,,,,,,,,
LLDP:  Passed,US-PHX01,c160:006:12,t3d-gg1-04-r006-us-west-02b,SN4700,swp2,,,QSFPDD-400G-DR4,,US-PHX01,c160:026:10,t2d-gg1-a-02-r026-us-west-02b,SN4700,swp20,,,,QSFPDD-400G-DR4,MPO8-SMF,,,,,,,,,,,,,,
LLDP:  Passed,US-PHX01,c160:006:12,t3d-gg1-04-r006-us-west-02b,SN4700,swp3,,,QSFPDD-400G-DR4,,US-PHX01,c160:042:11,t2d-gg1-b-01-r042-us-west-02b,SN4700,swp20,,,,QSFPDD-400G-DR4,MPO8-SMF,,,,,,,,,,,,,,
LLDP:  Passed,US-PHX01,c160:006:12,t3d-gg1-04-r006-us-west-02b,SN4700,swp4,,,QSFPDD-400G-DR4,,US-PHX01,c160:042:10,t2d-gg1-b-02-r042-us-west-02b,SN4700,swp20,,,,QSFPDD-400G-DR4,MPO8-SMF,,,,,,,,,,,,,,
LLDP:  Passed,US-PHX01,c160:006:12,t3d-gg1-04-r006-us-west-02b,SN4700,swp5,,,QSFPDD-400G-DR4,,US-PHX01,c160:272:11,t2d-gg1-c-01-r272-us-west-02b,SN4700,swp20,,,,QSFPDD-400G-DR4,MPO8-SMF,,,,,,,,,,,,,,
LLDP:  Passed,US-PHX01,c160:006:12,t3d-gg1-04-r006-us-west-02b,SN4700,swp6,,,QSFPDD-400G-DR4,,US-PHX01,c160:272:10,t2d-gg1-c-02-r272-us-west-02b,SN4700,swp20,,,,QSFPDD-400G-DR4,MPO8-SMF,,,,,,,,,,,,,,
,,,,,,,,,,,,,,,,,,,,,,,,,,,,,,,,,
LLDP:  Passed,US-PHX01,c160:006:10,t3d-gg1-05-r006-us-west-02b,SN4700,swp1,,,QSFPDD-400G-DR4,,US-PHX01,c160:026:11,t2d-gg1-a-01-r026-us-west-02b,SN4700,swp21,,,,QSFPDD-400G-DR4,MPO8-SMF,,,,,,,,,,,,,,
LLDP:  Passed,US-PHX01,c160:006:10,t3d-gg1-05-r006-us-west-02b,SN4700,swp2,,,QSFPDD-400G-DR4,,US-PHX01,c160:026:10,t2d-gg1-a-02-r026-us-west-02b,SN4700,swp21,,,,QSFPDD-400G-DR4,MPO8-SMF,,,,,,,,,,,,,,
LLDP:  Passed,US-PHX01,c160:006:10,t3d-gg1-05-r006-us-west-02b,SN4700,swp3,,,QSFPDD-400G-DR4,,US-PHX01,c160:042:11,t2d-gg1-b-01-r042-us-west-02b,SN4700,swp21,,,,QSFPDD-400G-DR4,MPO8-SMF,,,,,,,,,,,,,,
LLDP:  Passed,US-PHX01,c160:006:10,t3d-gg1-05-r006-us-west-02b,SN4700,swp4,,,QSFPDD-400G-DR4,,US-PHX01,c160:042:10,t2d-gg1-b-02-r042-us-west-02b,SN4700,swp21,,,,QSFPDD-400G-DR4,MPO8-SMF,,,,,,,,,,,,,,
LLDP:  Passed,US-PHX01,c160:006:10,t3d-gg1-05-r006-us-west-02b,SN4700,swp5,,,QSFPDD-400G-DR4,,US-PHX01,c160:272:11,t2d-gg1-c-01-r272-us-west-02b,SN4700,swp21,,,,QSFPDD-400G-DR4,MPO8-SMF,,,,,,,,,,,,,,
LLDP:  Passed,US-PHX01,c160:006:10,t3d-gg1-05-r006-us-west-02b,SN4700,swp6,,,QSFPDD-400G-DR4,,US-PHX01,c160:272:10,t2d-gg1-c-02-r272-us-west-02b,SN4700,swp21,,,,QSFPDD-400G-DR4,MPO8-SMF,,,,,,,,,,,,,,
,,,,,,,,,,,,,,,,,,,,,,,,,,,,,,,,,
LLDP:  Passed,US-PHX01,c160:006:08,t3d-gg1-06-r006-us-west-02b,SN4700,swp1,,,QSFPDD-400G-DR4,,US-PHX01,c160:026:11,t2d-gg1-a-01-r026-us-west-02b,SN4700,swp22,,,,QSFPDD-400G-DR4,MPO8-SMF,,,,,,,,,,,,,,
LLDP:  Passed,US-PHX01,c160:006:08,t3d-gg1-06-r006-us-west-02b,SN4700,swp2,,,QSFPDD-400G-DR4,,US-PHX01,c160:026:10,t2d-gg1-a-02-r026-us-west-02b,SN4700,swp22,,,,QSFPDD-400G-DR4,MPO8-SMF,,,,,,,,,,,,,,
LLDP:  Passed,US-PHX01,c160:006:08,t3d-gg1-06-r006-us-west-02b,SN4700,swp3,,,QSFPDD-400G-DR4,,US-PHX01,c160:042:11,t2d-gg1-b-01-r042-us-west-02b,SN4700,swp22,,,,QSFPDD-400G-DR4,MPO8-SMF,,,,,,,,,,,,,,
LLDP:  Passed,US-PHX01,c160:006:08,t3d-gg1-06-r006-us-west-02b,SN4700,swp4,,,QSFPDD-400G-DR4,,US-PHX01,c160:042:10,t2d-gg1-b-02-r042-us-west-02b,SN4700,swp22,,,,QSFPDD-400G-DR4,MPO8-SMF,,,,,,,,,,,,,,
LLDP:  Passed,US-PHX01,c160:006:08,t3d-gg1-06-r006-us-west-02b,SN4700,swp5,,,QSFPDD-400G-DR4,,US-PHX01,c160:272:11,t2d-gg1-c-01-r272-us-west-02b,SN4700,swp22,,,,QSFPDD-400G-DR4,MPO8-SMF,,,,,,,,,,,,,,
LLDP:  Passed,US-PHX01,c160:006:08,t3d-gg1-06-r006-us-west-02b,SN4700,swp6,,,QSFPDD-400G-DR4,,US-PHX01,c160:272:10,t2d-gg1-c-02-r272-us-west-02b,SN4700,swp22,,,,QSFPDD-400G-DR4,MPO8-SMF,,,,,,,,,,,,,,
,,,,,,,,,,,,,,,,,,,,,,,,,,,,,,,,,
LLDP:  Passed,US-PHX01,c160:006:06,t3d-gg1-07-r006-us-west-02b,SN4700,swp1,,,QSFPDD-400G-DR4,,US-PHX01,c160:026:11,t2d-gg1-a-01-r026-us-west-02b,SN4700,swp23,,,,QSFPDD-400G-DR4,MPO8-SMF,,,,,,,,,,,,,,
LLDP:  Passed,US-PHX01,c160:006:06,t3d-gg1-07-r006-us-west-02b,SN4700,swp2,,,QSFPDD-400G-DR4,,US-PHX01,c160:026:10,t2d-gg1-a-02-r026-us-west-02b,SN4700,swp23,,,,QSFPDD-400G-DR4,MPO8-SMF,,,,,,,,,,,,,,
LLDP:  Passed,US-PHX01,c160:006:06,t3d-gg1-07-r006-us-west-02b,SN4700,swp3,,,QSFPDD-400G-DR4,,US-PHX01,c160:042:11,t2d-gg1-b-01-r042-us-west-02b,SN4700,swp23,,,,QSFPDD-400G-DR4,MPO8-SMF,,,,,,,,,,,,,,
LLDP:  Passed,US-PHX01,c160:006:06,t3d-gg1-07-r006-us-west-02b,SN4700,swp4,,,QSFPDD-400G-DR4,,US-PHX01,c160:042:10,t2d-gg1-b-02-r042-us-west-02b,SN4700,swp23,,,,QSFPDD-400G-DR4,MPO8-SMF,,,,,,,,,,,,,,
LLDP:  Passed,US-PHX01,c160:006:06,t3d-gg1-07-r006-us-west-02b,SN4700,swp5,,,QSFPDD-400G-DR4,,US-PHX01,c160:272:11,t2d-gg1-c-01-r272-us-west-02b,SN4700,swp23,,,,QSFPDD-400G-DR4,MPO8-SMF,,,,,,,,,,,,,,
LLDP:  Passed,US-PHX01,c160:006:06,t3d-gg1-07-r006-us-west-02b,SN4700,swp6,,,QSFPDD-400G-DR4,,US-PHX01,c160:272:10,t2d-gg1-c-02-r272-us-west-02b,SN4700,swp23,,,,QSFPDD-400G-DR4,MPO8-SMF,,,,,,,,,,,,,,
,,,,,,,,,,,,,,,,,,,,,,,,,,,,,,,,,
LLDP:  Passed,US-PHX01,c160:006:04,t3d-gg1-08-r006-us-west-02b,SN4700,swp1,,,QSFPDD-400G-DR4,,US-PHX01,c160:026:11,t2d-gg1-a-01-r026-us-west-02b,SN4700,swp24,,,,QSFPDD-400G-DR4,MPO8-SMF,,,,,,,,,,,,,,
LLDP:  Passed,US-PHX01,c160:006:04,t3d-gg1-08-r006-us-west-02b,SN4700,swp2,,,QSFPDD-400G-DR4,,US-PHX01,c160:026:10,t2d-gg1-a-02-r026-us-west-02b,SN4700,swp24,,,,QSFPDD-400G-DR4,MPO8-SMF,,,,,,,,,,,,,,
LLDP:  Passed,US-PHX01,c160:006:04,t3d-gg1-08-r006-us-west-02b,SN4700,swp3,,,QSFPDD-400G-DR4,,US-PHX01,c160:042:11,t2d-gg1-b-01-r042-us-west-02b,SN4700,swp24,,,,QSFPDD-400G-DR4,MPO8-SMF,,,,,,,,,,,,,,
LLDP:  Passed,US-PHX01,c160:006:04,t3d-gg1-08-r006-us-west-02b,SN4700,swp4,,,QSFPDD-400G-DR4,,US-PHX01,c160:042:10,t2d-gg1-b-02-r042-us-west-02b,SN4700,swp24,,,,QSFPDD-400G-DR4,MPO8-SMF,,,,,,,,,,,,,,
LLDP:  Passed,US-PHX01,c160:006:04,t3d-gg1-08-r006-us-west-02b,SN4700,swp5,,,QSFPDD-400G-DR4,,US-PHX01,c160:272:11,t2d-gg1-c-01-r272-us-west-02b,SN4700,swp24,,,,QSFPDD-400G-DR4,MPO8-SMF,,,,,,,,,,,,,,
LLDP:  Passed,US-PHX01,c160:006:04,t3d-gg1-08-r006-us-west-02b,SN4700,swp6,,,QSFPDD-400G-DR4,,US-PHX01,c160:272:10,t2d-gg1-c-02-r272-us-west-02b,SN4700,swp24,,,,QSFPDD-400G-DR4,MPO8-SMF,,,,,,,,,,,,,,
,,,,,,,,,,,,,,,,,,,,,,,,,,,,,,,,,
,,,,,,,,,,,,,,,,,,,,,,,,,,,,,,,,,
TIER-2 to TIER-1 GG1-A,,,,,,,,,,,,,,,,,,,,,,,,,,,,,,,,,
LLDP:  Passed,US-PHX01,c160:026:42,t2a-gg1-a-01-r026-us-west-02b,SN4700,swp1,,,QSFPDD-400G-DR4,,US-PHX01,c160:017:37,t1a-gg1-a1-01-r017-us-west-02b,SN4700,swp29,,,,QSFPDD-400G-DR4,MPO8-SMF,,,,,,,,,,,,,,
,,,,,,,,,,,,,,,,,,,,,,,,,,,,,,,,,
LLDP:  Passed,US-PHX01,c160:026:41,t2a-gg1-a-02-r026-us-west-02b,SN4700,swp1,,,QSFPDD-400G-DR4,,US-PHX01,c160:017:37,t1a-gg1-a1-01-r017-us-west-02b,SN4700,swp30,,,,QSFPDD-400G-DR4,MPO8-SMF,,,,,,,,,,,,,,
,,,,,,,,,,,,,,,,,,,,,,,,,,,,,,,,,
LLDP:  Passed,US-PHX01,c160:026:36,t2b-gg1-a-01-r026-us-west-02b,SN4700,swp1,,,QSFPDD-400G-DR4,,US-PHX01,c160:017:35,t1b-gg1-a1-01-r017-us-west-02b,SN4700,swp29,,,,QSFPDD-400G-DR4,MPO8-SMF,,,,,,,,,,,,,,
,,,,,,,,,,,,,,,,,,,,,,,,,,,,,,,,,
LLDP:  Passed,US-PHX01,c160:026:35,t2b-gg1-a-02-r026-us-west-02b,SN4700,swp1,,,,,US-PHX01,c160:017:35,t1b-gg1-a1-01-r017-us-west-02b,SN4700,swp30,,,,QSFPDD-400G-DR4,MPO8-SMF,,,,,,,,,,,,,,
,,,,,,,,QSFPDD-400G-DR4,,,,,,,,,,,,,,,,,,,,,,,,,
LLDP:  Passed,US-PHX01,c160:026:17,t2c-gg1-a-01-r026-us-west-02b,SN4700,swp1,,,,,US-PHX01,c160:017:33,t1c-gg1-a1-01-r017-us-west-02b,SN4700,swp29,,,,QSFPDD-400G-DR4,MPO8-SMF,,,,,,,,,,,,,,
,,,,,,,,QSFPDD-400G-DR4,,,,,,,,,,,,,,,,,,,,,,,,,
LLDP:  Passed,US-PHX01,c160:026:16,t2c-gg1-a-02-r026-us-west-02b,SN4700,swp1,,,,,US-PHX01,c160:017:33,t1c-gg1-a1-01-r017-us-west-02b,SN4700,swp30,,,,QSFPDD-400G-DR4,MPO8-SMF,,,,,,,,,,,,,,
,,,,,,,,QSFPDD-400G-DR4,,,,,,,,,,,,,,,,,,,,,,,,,
LLDP:  Passed,US-PHX01,c160:026:11,t2d-gg1-a-01-r026-us-west-02b,SN4700,swp1,,,,,US-PHX01,c160:017:31,t1d-gg1-a1-01-r017-us-west-02b,SN4700,swp29,,,,QSFPDD-400G-DR4,MPO8-SMF,,,,,,,,,,,,,,
,,,,,,,,QSFPDD-400G-DR4,,,,,,,,,,,,,,,,,,,,,,,,,
LLDP:  Passed,US-PHX01,c160:026:10,t2d-gg1-a-02-r026-us-west-02b,SN4700,swp1,,,,,US-PHX01,c160:017:31,t1d-gg1-a1-01-r017-us-west-02b,SN4700,swp30,,,,QSFPDD-400G-DR4,MPO8-SMF,,,,,,,,,,,,,,
,,,,,,,,QSFPDD-400G-DR4,,,,,,,,,,,,,,,,,,,,,,,,,
,,,,,,,,,,,,,,,,,,,,,,,,,,,,,,,,,
TIER-2 to TIER-1 GG1-B,,,,,,,,,,,,,,,,,,,,,,,,,,,,,,,,,
LLDP:  Passed,US-PHX01,c160:042:42,t2a-gg1-b-01-r042-us-west-02b,SN4700,swp1,,,QSFPDD-400G-DR4,,US-PHX01,c160:033:37,t1a-gg1-b1-01-r033-us-west-02b,SN4700,swp29,,,,QSFPDD-400G-DR4,MPO8-SMF,,,,,,,,,,,,,,
LLDP:  Passed,US-PHX01,c160:042:42,t2a-gg1-b-01-r042-us-west-02b,SN4700,swp2,,,QSFPDD-400G-DR4,,US-PHX01,c160:097:37,t1a-gg1-b2-01-r097-us-west-02b,SN4700,swp29,,,,QSFPDD-400G-DR4,MPO8-SMF,,,,,,,,,,,,,,
LLDP:  Passed,US-PHX01,c160:042:42,t2a-gg1-b-01-r042-us-west-02b,SN4700,swp3,,,QSFPDD-400G-DR4,,US-PHX01,c160:193:37,t1a-gg1-b3-01-r193-us-west-02b,SN4700,swp29,,,,QSFPDD-400G-DR4,MPO8-SMF,,,,,,,,,,,,,,
,,,,,,,,,,,,,,,,,,,,,,,,,,,,,,,,,
LLDP:  Passed,US-PHX01,c160:042:41,t2a-gg1-b-02-r042-us-west-02b,SN4700,swp1,,,QSFPDD-400G-DR4,,US-PHX01,c160:033:37,t1a-gg1-b1-01-r033-us-west-02b,SN4700,swp30,,,,QSFPDD-400G-DR4,MPO8-SMF,,,,,,,,,,,,,,
LLDP:  Passed,US-PHX01,c160:042:41,t2a-gg1-b-02-r042-us-west-02b,SN4700,swp2,,,QSFPDD-400G-DR4,,US-PHX01,c160:097:37,t1a-gg1-b2-01-r097-us-west-02b,SN4700,swp30,,,,QSFPDD-400G-DR4,MPO8-SMF,,,,,,,,,,,,,,
LLDP:  Passed,US-PHX01,c160:042:41,t2a-gg1-b-02-r042-us-west-02b,SN4700,swp3,,,QSFPDD-400G-DR4,,US-PHX01,c160:193:37,t1a-gg1-b3-01-r193-us-west-02b,SN4700,swp30,,,,QSFPDD-400G-DR4,MPO8-SMF,,,,,,,,,,,,,,
,,,,,,,,,,,,,,,,,,,,,,,,,,,,,,,,,
LLDP:  Passed,US-PHX01,c160:042:36,t2b-gg1-b-01-r042-us-west-02b,SN4700,swp1,,,QSFPDD-400G-DR4,,US-PHX01,c160:033:35,t1b-gg1-b1-01-r033-us-west-02b,SN4700,swp29,,,,QSFPDD-400G-DR4,MPO8-SMF,,,,,,,,,,,,,,
LLDP:  Passed,US-PHX01,c160:042:36,t2b-gg1-b-01-r042-us-west-02b,SN4700,swp2,,,QSFPDD-400G-DR4,,US-PHX01,c160:097:35,t1b-gg1-b2-01-r097-us-west-02b,SN4700,swp29,,,,QSFPDD-400G-DR4,MPO8-SMF,,,,,,,,,,,,,,
LLDP:  Passed,US-PHX01,c160:042:36,t2b-gg1-b-01-r042-us-west-02b,SN4700,swp3,,,QSFPDD-400G-DR4,,US-PHX01,c160:193:35,t1b-gg1-b3-01-r193-us-west-02b,SN4700,swp29,,,,QSFPDD-400G-DR4,MPO8-SMF,,,,,,,,,,,,,,
,,,,,,,,,,,,,,,,,,,,,,,,,,,,,,,,,
LLDP:  Passed,US-PHX01,c160:042:35,t2b-gg1-b-02-r042-us-west-02b,SN4700,swp1,,,QSFPDD-400G-DR4,,US-PHX01,c160:033:35,t1b-gg1-b1-01-r033-us-west-02b,SN4700,swp30,,,,QSFPDD-400G-DR4,MPO8-SMF,,,,,,,,,,,,,,
LLDP:  Passed,US-PHX01,c160:042:35,t2b-gg1-b-02-r042-us-west-02b,SN4700,swp2,,,QSFPDD-400G-DR4,,US-PHX01,c160:097:35,t1b-gg1-b2-01-r097-us-west-02b,SN4700,swp30,,,,QSFPDD-400G-DR4,MPO8-SMF,,,,,,,,,,,,,,
LLDP:  Passed,US-PHX01,c160:042:35,t2b-gg1-b-02-r042-us-west-02b,SN4700,swp3,,,QSFPDD-400G-DR4,,US-PHX01,c160:193:35,t1b-gg1-b3-01-r193-us-west-02b,SN4700,swp30,,,,QSFPDD-400G-DR4,MPO8-SMF,,,,,,,,,,,,,,
,,,,,,,,,,,,,,,,,,,,,,,,,,,,,,,,,
LLDP:  Passed,US-PHX01,c160:042:17,t2c-gg1-b-01-r042-us-west-02b,SN4700,swp1,,,QSFPDD-400G-DR4,,US-PHX01,c160:033:33,t1c-gg1-b1-01-r033-us-west-02b,SN4700,swp29,,,,QSFPDD-400G-DR4,MPO8-SMF,,,,,,,,,,,,,,
LLDP:  Passed,US-PHX01,c160:042:17,t2c-gg1-b-01-r042-us-west-02b,SN4700,swp2,,,QSFPDD-400G-DR4,,US-PHX01,c160:097:33,t1c-gg1-b2-01-r097-us-west-02b,SN4700,swp29,,,,QSFPDD-400G-DR4,MPO8-SMF,,,,,,,,,,,,,,
LLDP:  Passed,US-PHX01,c160:042:17,t2c-gg1-b-01-r042-us-west-02b,SN4700,swp3,,,QSFPDD-400G-DR4,,US-PHX01,c160:193:33,t1c-gg1-b3-01-r193-us-west-02b,SN4700,swp29,,,,QSFPDD-400G-DR4,MPO8-SMF,,,,,,,,,,,,,,
,,,,,,,,,,,,,,,,,,,,,,,,,,,,,,,,,
LLDP:  Passed,US-PHX01,c160:042:16,t2c-gg1-b-02-r042-us-west-02b,SN4700,swp1,,,QSFPDD-400G-DR4,,US-PHX01,c160:033:33,t1c-gg1-b1-01-r033-us-west-02b,SN4700,swp30,,,,QSFPDD-400G-DR4,MPO8-SMF,,,,,,,,,,,,,,
LLDP:  Passed,US-PHX01,c160:042:16,t2c-gg1-b-02-r042-us-west-02b,SN4700,swp2,,,QSFPDD-400G-DR4,,US-PHX01,c160:097:33,t1c-gg1-b2-01-r097-us-west-02b,SN4700,swp30,,,,QSFPDD-400G-DR4,MPO8-SMF,,,,,,,,,,,,,,
LLDP:  Passed,US-PHX01,c160:042:16,t2c-gg1-b-02-r042-us-west-02b,SN4700,swp3,,,QSFPDD-400G-DR4,,US-PHX01,c160:193:33,t1c-gg1-b3-01-r193-us-west-02b,SN4700,swp30,,,,QSFPDD-400G-DR4,MPO8-SMF,,,,,,,,,,,,,,
,,,,,,,,,,,,,,,,,,,,,,,,,,,,,,,,,
LLDP:  Passed,US-PHX01,c160:042:11,t2d-gg1-b-01-r042-us-west-02b,SN4700,swp1,,,QSFPDD-400G-DR4,,US-PHX01,c160:033:31,t1d-gg1-b1-01-r033-us-west-02b,SN4700,swp29,,,,QSFPDD-400G-DR4,MPO8-SMF,,,,,,,,,,,,,,
LLDP:  Passed,US-PHX01,c160:042:11,t2d-gg1-b-01-r042-us-west-02b,SN4700,swp2,,,QSFPDD-400G-DR4,,US-PHX01,c160:097:31,t1d-gg1-b2-01-r097-us-west-02b,SN4700,swp29,,,,QSFPDD-400G-DR4,MPO8-SMF,,,,,,,,,,,,,,
LLDP:  Passed,US-PHX01,c160:042:11,t2d-gg1-b-01-r042-us-west-02b,SN4700,swp3,,,QSFPDD-400G-DR4,,US-PHX01,c160:193:31,t1d-gg1-b3-01-r193-us-west-02b,SN4700,swp29,,,,QSFPDD-400G-DR4,MPO8-SMF,,,,,,,,,,,,,,
,,,,,,,,,,,,,,,,,,,,,,,,,,,,,,,,,
LLDP:  Passed,US-PHX01,c160:042:10,t2d-gg1-b-02-r042-us-west-02b,SN4700,swp1,,,QSFPDD-400G-DR4,,US-PHX01,c160:033:31,t1d-gg1-b1-01-r033-us-west-02b,SN4700,swp30,,,,QSFPDD-400G-DR4,MPO8-SMF,,,,,,,,,,,,,,
LLDP:  Passed,US-PHX01,c160:042:10,t2d-gg1-b-02-r042-us-west-02b,SN4700,swp2,,,QSFPDD-400G-DR4,,US-PHX01,c160:097:31,t1d-gg1-b2-01-r097-us-west-02b,SN4700,swp30,,,,QSFPDD-400G-DR4,MPO8-SMF,,,,,,,,,,,,,,
LLDP:  Passed,US-PHX01,c160:042:10,t2d-gg1-b-02-r042-us-west-02b,SN4700,swp3,,,QSFPDD-400G-DR4,,US-PHX01,c160:193:31,t1d-gg1-b3-01-r193-us-west-02b,SN4700,swp30,,,,QSFPDD-400G-DR4,MPO8-SMF,,,,,,,,,,,,,,
,,,,,,,,,,,,,,,,,,,,,,,,,,,,,,,,,
,,,,,,,,,,,,,,,,,,,,,,,,,,,,,,,,,
TIER-2 to TIER-1 GG1-C,,,,,,,,,,,,,,,,,,,,,,,,,,,,,,,,,
LLDP:  Passed,US-PHX01,c160:272:42,t2a-gg1-c-01-r272-us-west-02b,SN4700,swp1,,,QSFPDD-400G-DR4,,US-PHX01,c160:257:37,t1a-gg1-c1-01-r257-us-west-02b,SN4700,swp29,,,,QSFPDD-400G-DR4,MPO8-SMF,,,,,,,,,,,,,,
LLDP:  Passed,US-PHX01,c160:272:42,t2a-gg1-c-01-r272-us-west-02b,SN4700,swp2,,,QSFPDD-400G-DR4,,US-PHX01,c160:289:37,t1a-gg1-c2-01-r289-us-west-02b,SN4700,swp29,,,,QSFPDD-400G-DR4,MPO8-SMF,,,,,,,,,,,,,,
LLDP:  Passed,US-PHX01,c160:272:42,t2a-gg1-c-01-r272-us-west-02b,SN4700,swp3,,,QSFPDD-400G-DR4,,US-PHX01,c160:385:37,t1a-gg1-c3-01-r385-us-west-02b,SN4700,swp29,,,,QSFPDD-400G-DR4,MPO8-SMF,,,,,,,,,,,,,,
LLDP:  Passed,US-PHX01,c160:272:42,t2a-gg1-c-01-r272-us-west-02b,SN4700,swp4,,,QSFPDD-400G-DR4,,US-PHX01,c160:449:37,t1a-gg1-c4-01-r449-us-west-02b,SN4700,swp29,,,,QSFPDD-400G-DR4,MPO8-SMF,,,,,,,,,,,,,,
,,,,,,,,,,,,,,,,,,,,,,,,,,,,,,,,,
LLDP:  Passed,US-PHX01,c160:272:41,t2a-gg1-c-02-r272-us-west-02b,SN4700,swp1,,,QSFPDD-400G-DR4,,US-PHX01,c160:257:37,t1a-gg1-c1-01-r257-us-west-02b,SN4700,swp30,,,,QSFPDD-400G-DR4,MPO8-SMF,,,,,,,,,,,,,,
LLDP:  Passed,US-PHX01,c160:272:41,t2a-gg1-c-02-r272-us-west-02b,SN4700,swp2,,,QSFPDD-400G-DR4,,US-PHX01,c160:289:37,t1a-gg1-c2-01-r289-us-west-02b,SN4700,swp30,,,,QSFPDD-400G-DR4,MPO8-SMF,,,,,,,,,,,,,,
LLDP:  Passed,US-PHX01,c160:272:41,t2a-gg1-c-02-r272-us-west-02b,SN4700,swp3,,,QSFPDD-400G-DR4,,US-PHX01,c160:385:37,t1a-gg1-c3-01-r385-us-west-02b,SN4700,swp30,,,,QSFPDD-400G-DR4,MPO8-SMF,,,,,,,,,,,,,,
LLDP:  Passed,US-PHX01,c160:272:41,t2a-gg1-c-02-r272-us-west-02b,SN4700,swp4,,,QSFPDD-400G-DR4,,US-PHX01,c160:449:37,t1a-gg1-c4-01-r449-us-west-02b,SN4700,swp30,,,,QSFPDD-400G-DR4,MPO8-SMF,,,,,,,,,,,,,,
,,,,,,,,,,,,,,,,,,,,,,,,,,,,,,,,,
LLDP:  Passed,US-PHX01,c160:272:36,t2b-gg1-c-01-r272-us-west-02b,SN4700,swp1,,,QSFPDD-400G-DR4,,US-PHX01,c160:257:35,t1b-gg1-c1-01-r257-us-west-02b,SN4700,swp29,,,,QSFPDD-400G-DR4,MPO8-SMF,,,,,,,,,,,,,,
LLDP:  Passed,US-PHX01,c160:272:36,t2b-gg1-c-01-r272-us-west-02b,SN4700,swp2,,,QSFPDD-400G-DR4,,US-PHX01,c160:289:35,t1b-gg1-c2-01-r289-us-west-02b,SN4700,swp29,,,,QSFPDD-400G-DR4,MPO8-SMF,,,,,,,,,,,,,,
LLDP:  Passed,US-PHX01,c160:272:36,t2b-gg1-c-01-r272-us-west-02b,SN4700,swp3,,,QSFPDD-400G-DR4,,US-PHX01,c160:385:35,t1b-gg1-c3-01-r385-us-west-02b,SN4700,swp29,,,,QSFPDD-400G-DR4,MPO8-SMF,,,,,,,,,,,,,,
LLDP:  Passed,US-PHX01,c160:272:36,t2b-gg1-c-01-r272-us-west-02b,SN4700,swp4,,,QSFPDD-400G-DR4,,US-PHX01,c160:449:35,t1b-gg1-c4-01-r449-us-west-02b,SN4700,swp29,,,,QSFPDD-400G-DR4,MPO8-SMF,,,,,,,,,,,,,,
,,,,,,,,,,,,,,,,,,,,,,,,,,,,,,,,,
LLDP:  Passed,US-PHX01,c160:272:35,t2b-gg1-c-02-r272-us-west-02b,SN4700,swp1,,,QSFPDD-400G-DR4,,US-PHX01,c160:257:35,t1b-gg1-c1-01-r257-us-west-02b,SN4700,swp30,,,,QSFPDD-400G-DR4,MPO8-SMF,,,,,,,,,,,,,,
LLDP:  Passed,US-PHX01,c160:272:35,t2b-gg1-c-02-r272-us-west-02b,SN4700,swp2,,,QSFPDD-400G-DR4,,US-PHX01,c160:289:35,t1b-gg1-c2-01-r289-us-west-02b,SN4700,swp30,,,,QSFPDD-400G-DR4,MPO8-SMF,,,,,,,,,,,,,,
LLDP:  Passed,US-PHX01,c160:272:35,t2b-gg1-c-02-r272-us-west-02b,SN4700,swp3,,,QSFPDD-400G-DR4,,US-PHX01,c160:385:35,t1b-gg1-c3-01-r385-us-west-02b,SN4700,swp30,,,,QSFPDD-400G-DR4,MPO8-SMF,,,,,,,,,,,,,,
LLDP:  Passed,US-PHX01,c160:272:35,t2b-gg1-c-02-r272-us-west-02b,SN4700,swp4,,,QSFPDD-400G-DR4,,US-PHX01,c160:449:35,t1b-gg1-c4-01-r449-us-west-02b,SN4700,swp30,,,,QSFPDD-400G-DR4,MPO8-SMF,,,,,,,,,,,,,,
,,,,,,,,,,,,,,,,,,,,,,,,,,,,,,,,,
LLDP:  Passed,US-PHX01,c160:272:17,t2c-gg1-c-01-r272-us-west-02b,SN4700,swp1,,,QSFPDD-400G-DR4,,US-PHX01,c160:257:33,t1c-gg1-c1-01-r257-us-west-02b,SN4700,swp29,,,,QSFPDD-400G-DR4,MPO8-SMF,,,,,,,,,,,,,,
LLDP:  Passed,US-PHX01,c160:272:17,t2c-gg1-c-01-r272-us-west-02b,SN4700,swp2,,,QSFPDD-400G-DR4,,US-PHX01,c160:289:33,t1c-gg1-c2-01-r289-us-west-02b,SN4700,swp29,,,,QSFPDD-400G-DR4,MPO8-SMF,,,,,,,,,,,,,,
LLDP:  Passed,US-PHX01,c160:272:17,t2c-gg1-c-01-r272-us-west-02b,SN4700,swp3,,,QSFPDD-400G-DR4,,US-PHX01,c160:385:33,t1c-gg1-c3-01-r385-us-west-02b,SN4700,swp29,,,,QSFPDD-400G-DR4,MPO8-SMF,,,,,,,,,,,,,,
LLDP:  Passed,US-PHX01,c160:272:17,t2c-gg1-c-01-r272-us-west-02b,SN4700,swp4,,,QSFPDD-400G-DR4,,US-PHX01,c160:449:33,t1c-gg1-c4-01-r449-us-west-02b,SN4700,swp29,,,,QSFPDD-400G-DR4,MPO8-SMF,,,,,,,,,,,,,,
,,,,,,,,,,,,,,,,,,,,,,,,,,,,,,,,,
LLDP:  Passed,US-PHX01,c160:272:16,t2c-gg1-c-02-r272-us-west-02b,SN4700,swp1,,,QSFPDD-400G-DR4,,US-PHX01,c160:257:33,t1c-gg1-c1-01-r257-us-west-02b,SN4700,swp30,,,,QSFPDD-400G-DR4,MPO8-SMF,,,,,,,,,,,,,,
LLDP:  Passed,US-PHX01,c160:272:16,t2c-gg1-c-02-r272-us-west-02b,SN4700,swp2,,,QSFPDD-400G-DR4,,US-PHX01,c160:289:33,t1c-gg1-c2-01-r289-us-west-02b,SN4700,swp30,,,,QSFPDD-400G-DR4,MPO8-SMF,,,,,,,,,,,,,,
LLDP:  Passed,US-PHX01,c160:272:16,t2c-gg1-c-02-r272-us-west-02b,SN4700,swp3,,,QSFPDD-400G-DR4,,US-PHX01,c160:385:33,t1c-gg1-c3-01-r385-us-west-02b,SN4700,swp30,,,,QSFPDD-400G-DR4,MPO8-SMF,,,,,,,,,,,,,,
LLDP:  Passed,US-PHX01,c160:272:16,t2c-gg1-c-02-r272-us-west-02b,SN4700,swp4,,,QSFPDD-400G-DR4,,US-PHX01,c160:449:33,t1c-gg1-c4-01-r449-us-west-02b,SN4700,swp30,,,,QSFPDD-400G-DR4,MPO8-SMF,,,,,,,,,,,,,,
,,,,,,,,,,,,,,,,,,,,,,,,,,,,,,,,,
LLDP:  Passed,US-PHX01,c160:272:11,t2d-gg1-c-01-r272-us-west-02b,SN4700,swp1,,,QSFPDD-400G-DR4,,US-PHX01,c160:257:31,t1d-gg1-c1-01-r257-us-west-02b,SN4700,swp29,,,,QSFPDD-400G-DR4,MPO8-SMF,,,,,,,,,,,,,,
LLDP:  Passed,US-PHX01,c160:272:11,t2d-gg1-c-01-r272-us-west-02b,SN4700,swp2,,,QSFPDD-400G-DR4,,US-PHX01,c160:289:31,t1d-gg1-c2-01-r289-us-west-02b,SN4700,swp29,,,,QSFPDD-400G-DR4,MPO8-SMF,,,,,,,,,,,,,,
LLDP:  Passed,US-PHX01,c160:272:11,t2d-gg1-c-01-r272-us-west-02b,SN4700,swp3,,,QSFPDD-400G-DR4,,US-PHX01,c160:385:31,t1d-gg1-c3-01-r385-us-west-02b,SN4700,swp29,,,,QSFPDD-400G-DR4,MPO8-SMF,,,,,,,,,,,,,,
LLDP:  Passed,US-PHX01,c160:272:11,t2d-gg1-c-01-r272-us-west-02b,SN4700,swp4,,,QSFPDD-400G-DR4,,US-PHX01,c160:449:31,t1d-gg1-c4-01-r449-us-west-02b,SN4700,swp29,,,,QSFPDD-400G-DR4,MPO8-SMF,,,,,,,,,,,,,,
,,,,,,,,,,,,,,,,,,,,,,,,,,,,,,,,,
LLDP:  Passed,US-PHX01,c160:272:10,t2d-gg1-c-02-r272-us-west-02b,SN4700,swp1,,,QSFPDD-400G-DR4,,US-PHX01,c160:257:31,t1d-gg1-c1-01-r257-us-west-02b,SN4700,swp30,,,,QSFPDD-400G-DR4,MPO8-SMF,,,,,,,,,,,,,,
LLDP:  Passed,US-PHX01,c160:272:10,t2d-gg1-c-02-r272-us-west-02b,SN4700,swp2,,,QSFPDD-400G-DR4,,US-PHX01,c160:289:31,t1d-gg1-c2-01-r289-us-west-02b,SN4700,swp30,,,,QSFPDD-400G-DR4,MPO8-SMF,,,,,,,,,,,,,,
LLDP:  Passed,US-PHX01,c160:272:10,t2d-gg1-c-02-r272-us-west-02b,SN4700,swp3,,,QSFPDD-400G-DR4,,US-PHX01,c160:385:31,t1d-gg1-c3-01-r385-us-west-02b,SN4700,swp30,,,,QSFPDD-400G-DR4,MPO8-SMF,,,,,,,,,,,,,,
LLDP:  Passed,US-PHX01,c160:272:10,t2d-gg1-c-02-r272-us-west-02b,SN4700,swp4,,,QSFPDD-400G-DR4,,US-PHX01,c160:449:31,t1d-gg1-c4-01-r449-us-west-02b,SN4700,swp30,,,,QSFPDD-400G-DR4,MPO8-SMF,,,,,,,,,,,,,,
,,,,,,,,,,,,,,,,,,,,,,,,,,,,,,,,,
,,,,,,,,,,,,,,,,,,,,,,,,,,,,,,,,,
TIER-1 to TIER-0 GG1-A1,,,,,,,,,,,,,,,,,,,,,,,,,,,,,,,,,
LLDP:  Passed,US-PHX01,c160:017:37,t1a-gg1-a1-01-r017-us-west-02b,SN4700,swp1,,,QSFPDD-400G-DR4,,US-PHX01,c160:018:48,t0-gg1-a1-01-r018-us-west-02b,SN3700,swp29,,,,QSFPDD-400G-DR4,MPO8-SMF,,,,,,,,,,,,,,
LLDP:  Passed,US-PHX01,c160:017:37,t1a-gg1-a1-01-r017-us-west-02b,SN4700,swp2,,,QSFPDD-400G-DR4,,US-PHX01,c160:018:46,t0-gg1-a1-02-r018-us-west-02b,SN3700,swp29,,,,QSFPDD-400G-DR4,MPO8-SMF,,,,,,,,,,,,,,
LLDP:  Passed,US-PHX01,c160:017:37,t1a-gg1-a1-01-r017-us-west-02b,SN4700,swp3,,,QSFPDD-400G-DR4,,US-PHX01,c160:019:48,t0-gg1-a1-01-r019-us-west-02b,SN3700,swp29,,,,QSFPDD-400G-DR4,MPO8-SMF,,,,,,,,,,,,,,
LLDP:  Passed,US-PHX01,c160:017:37,t1a-gg1-a1-01-r017-us-west-02b,SN4700,swp4,,,QSFPDD-400G-DR4,,US-PHX01,c160:019:46,t0-gg1-a1-02-r019-us-west-02b,SN3700,swp29,,,,QSFPDD-400G-DR4,MPO8-SMF,,,,,,,,,,,,,,
LLDP:  Passed,US-PHX01,c160:017:37,t1a-gg1-a1-01-r017-us-west-02b,SN4700,swp5,,,QSFPDD-400G-DR4,,US-PHX01,c160:020:48,t0-gg1-a1-01-r020-us-west-02b,SN3700,swp29,,,,QSFPDD-400G-DR4,MPO8-SMF,,,,,,,,,,,,,,
LLDP:  Passed,US-PHX01,c160:017:37,t1a-gg1-a1-01-r017-us-west-02b,SN4700,swp6,,,QSFPDD-400G-DR4,,US-PHX01,c160:020:46,t0-gg1-a1-02-r020-us-west-02b,SN3700,swp29,,,,QSFPDD-400G-DR4,MPO8-SMF,,,,,,,,,,,,,,
LLDP:  Passed,US-PHX01,c160:017:37,t1a-gg1-a1-01-r017-us-west-02b,SN4700,swp7,,,QSFPDD-400G-DR4,,US-PHX01,c160:021:48,t0-gg1-a1-01-r021-us-west-02b,SN3700,swp29,,,,QSFPDD-400G-DR4,MPO8-SMF,,,,,,,,,,,,,,
LLDP:  Passed,US-PHX01,c160:017:37,t1a-gg1-a1-01-r017-us-west-02b,SN4700,swp8,,,QSFPDD-400G-DR4,,US-PHX01,c160:021:46,t0-gg1-a1-02-r021-us-west-02b,SN3700,swp29,,,,QSFPDD-400G-DR4,MPO8-SMF,,,,,,,,,,,,,,
LLDP:  Passed,US-PHX01,c160:017:37,t1a-gg1-a1-01-r017-us-west-02b,SN4700,swp9,,,QSFPDD-400G-DR4,,US-PHX01,c160:022:48,t0-gg1-a1-01-r022-us-west-02b,SN3700,swp29,,,,QSFPDD-400G-DR4,MPO8-SMF,,,,,,,,,,,,,,
LLDP:  Passed,US-PHX01,c160:017:37,t1a-gg1-a1-01-r017-us-west-02b,SN4700,swp10,,,QSFPDD-400G-DR4,,US-PHX01,c160:022:46,t0-gg1-a1-02-r022-us-west-02b,SN3700,swp29,,,,QSFPDD-400G-DR4,MPO8-SMF,,,,,,,,,,,,,,
,,,,,,,,,,,,,,,,,,,,,,,,,,,,,,,,,
LLDP:  Passed,US-PHX01,c160:017:35,t1b-gg1-a1-01-r017-us-west-02b,SN4700,swp1,,,QSFPDD-400G-DR4,,US-PHX01,c160:018:48,t0-gg1-a1-01-r018-us-west-02b,SN3700,swp30,,,,QSFPDD-400G-DR4,MPO8-SMF,,,,,,,,,,,,,,
LLDP:  Passed,US-PHX01,c160:017:35,t1b-gg1-a1-01-r017-us-west-02b,SN4700,swp2,,,QSFPDD-400G-DR4,,US-PHX01,c160:018:46,t0-gg1-a1-02-r018-us-west-02b,SN3700,swp30,,,,QSFPDD-400G-DR4,MPO8-SMF,,,,,,,,,,,,,,
LLDP:  Passed,US-PHX01,c160:017:35,t1b-gg1-a1-01-r017-us-west-02b,SN4700,swp3,,,QSFPDD-400G-DR4,,US-PHX01,c160:019:48,t0-gg1-a1-01-r019-us-west-02b,SN3700,swp30,,,,QSFPDD-400G-DR4,MPO8-SMF,,,,,,,,,,,,,,
LLDP:  Passed,US-PHX01,c160:017:35,t1b-gg1-a1-01-r017-us-west-02b,SN4700,swp4,,,QSFPDD-400G-DR4,,US-PHX01,c160:019:46,t0-gg1-a1-02-r019-us-west-02b,SN3700,swp30,,,,QSFPDD-400G-DR4,MPO8-SMF,,,,,,,,,,,,,,
LLDP:  Passed,US-PHX01,c160:017:35,t1b-gg1-a1-01-r017-us-west-02b,SN4700,swp5,,,QSFPDD-400G-DR4,,US-PHX01,c160:020:48,t0-gg1-a1-01-r020-us-west-02b,SN3700,swp30,,,,QSFPDD-400G-DR4,MPO8-SMF,,,,,,,,,,,,,,
LLDP:  Passed,US-PHX01,c160:017:35,t1b-gg1-a1-01-r017-us-west-02b,SN4700,swp6,,,QSFPDD-400G-DR4,,US-PHX01,c160:020:46,t0-gg1-a1-02-r020-us-west-02b,SN3700,swp30,,,,QSFPDD-400G-DR4,MPO8-SMF,,,,,,,,,,,,,,
LLDP:  Passed,US-PHX01,c160:017:35,t1b-gg1-a1-01-r017-us-west-02b,SN4700,swp7,,,QSFPDD-400G-DR4,,US-PHX01,c160:021:48,t0-gg1-a1-01-r021-us-west-02b,SN3700,swp30,,,,QSFPDD-400G-DR4,MPO8-SMF,,,,,,,,,,,,,,
LLDP:  Passed,US-PHX01,c160:017:35,t1b-gg1-a1-01-r017-us-west-02b,SN4700,swp8,,,QSFPDD-400G-DR4,,US-PHX01,c160:021:46,t0-gg1-a1-02-r021-us-west-02b,SN3700,swp30,,,,QSFPDD-400G-DR4,MPO8-SMF,,,,,,,,,,,,,,
LLDP:  Passed,US-PHX01,c160:017:35,t1b-gg1-a1-01-r017-us-west-02b,SN4700,swp9,,,QSFPDD-400G-DR4,,US-PHX01,c160:022:48,t0-gg1-a1-01-r022-us-west-02b,SN3700,swp30,,,,QSFPDD-400G-DR4,MPO8-SMF,,,,,,,,,,,,,,
LLDP:  Passed,US-PHX01,c160:017:35,t1b-gg1-a1-01-r017-us-west-02b,SN4700,swp10,,,QSFPDD-400G-DR4,,US-PHX01,c160:022:46,t0-gg1-a1-02-r022-us-west-02b,SN3700,swp30,,,,QSFPDD-400G-DR4,MPO8-SMF,,,,,,,,,,,,,,
,,,,,,,,,,,,,,,,,,,,,,,,,,,,,,,,,
LLDP:  Passed,US-PHX01,c160:017:33,t1c-gg1-a1-01-r017-us-west-02b,SN4700,swp1,,,QSFPDD-400G-DR4,,US-PHX01,c160:018:48,t0-gg1-a1-01-r018-us-west-02b,SN3700,swp31,,,,QSFPDD-400G-DR4,MPO8-SMF,,,,,,,,,,,,,,
LLDP:  Passed,US-PHX01,c160:017:33,t1c-gg1-a1-01-r017-us-west-02b,SN4700,swp2,,,QSFPDD-400G-DR4,,US-PHX01,c160:018:46,t0-gg1-a1-02-r018-us-west-02b,SN3700,swp31,,,,QSFPDD-400G-DR4,MPO8-SMF,,,,,,,,,,,,,,
LLDP:  Passed,US-PHX01,c160:017:33,t1c-gg1-a1-01-r017-us-west-02b,SN4700,swp3,,,QSFPDD-400G-DR4,,US-PHX01,c160:019:48,t0-gg1-a1-01-r019-us-west-02b,SN3700,swp31,,,,QSFPDD-400G-DR4,MPO8-SMF,,,,,,,,,,,,,,
LLDP:  Passed,US-PHX01,c160:017:33,t1c-gg1-a1-01-r017-us-west-02b,SN4700,swp4,,,QSFPDD-400G-DR4,,US-PHX01,c160:019:46,t0-gg1-a1-02-r019-us-west-02b,SN3700,swp31,,,,QSFPDD-400G-DR4,MPO8-SMF,,,,,,,,,,,,,,
LLDP:  Passed,US-PHX01,c160:017:33,t1c-gg1-a1-01-r017-us-west-02b,SN4700,swp5,,,QSFPDD-400G-DR4,,US-PHX01,c160:020:48,t0-gg1-a1-01-r020-us-west-02b,SN3700,swp31,,,,QSFPDD-400G-DR4,MPO8-SMF,,,,,,,,,,,,,,
LLDP:  Passed,US-PHX01,c160:017:33,t1c-gg1-a1-01-r017-us-west-02b,SN4700,swp6,,,QSFPDD-400G-DR4,,US-PHX01,c160:020:46,t0-gg1-a1-02-r020-us-west-02b,SN3700,swp31,,,,QSFPDD-400G-DR4,MPO8-SMF,,,,,,,,,,,,,,
LLDP:  Passed,US-PHX01,c160:017:33,t1c-gg1-a1-01-r017-us-west-02b,SN4700,swp7,,,QSFPDD-400G-DR4,,US-PHX01,c160:021:48,t0-gg1-a1-01-r021-us-west-02b,SN3700,swp31,,,,QSFPDD-400G-DR4,MPO8-SMF,,,,,,,,,,,,,,
LLDP:  Passed,US-PHX01,c160:017:33,t1c-gg1-a1-01-r017-us-west-02b,SN4700,swp8,,,QSFPDD-400G-DR4,,US-PHX01,c160:021:46,t0-gg1-a1-02-r021-us-west-02b,SN3700,swp31,,,,QSFPDD-400G-DR4,MPO8-SMF,,,,,,,,,,,,,,
LLDP:  Passed,US-PHX01,c160:017:33,t1c-gg1-a1-01-r017-us-west-02b,SN4700,swp9,,,QSFPDD-400G-DR4,,US-PHX01,c160:022:48,t0-gg1-a1-01-r022-us-west-02b,SN3700,swp31,,,,QSFPDD-400G-DR4,MPO8-SMF,,,,,,,,,,,,,,
LLDP:  Passed,US-PHX01,c160:017:33,t1c-gg1-a1-01-r017-us-west-02b,SN4700,swp10,,,QSFPDD-400G-DR4,,US-PHX01,c160:022:46,t0-gg1-a1-02-r022-us-west-02b,SN3700,swp31,,,,QSFPDD-400G-DR4,MPO8-SMF,,,,,,,,,,,,,,
,,,,,,,,,,,,,,,,,,,,,,,,,,,,,,,,,
LLDP:  Passed,US-PHX01,c160:017:31,t1d-gg1-a1-01-r017-us-west-02b,SN4700,swp1,,,QSFPDD-400G-DR4,,US-PHX01,c160:018:48,t0-gg1-a1-01-r018-us-west-02b,SN3700,swp32,,,,QSFPDD-400G-DR4,MPO8-SMF,,,,,,,,,,,,,,
LLDP:  Passed,US-PHX01,c160:017:31,t1d-gg1-a1-01-r017-us-west-02b,SN4700,swp2,,,QSFPDD-400G-DR4,,US-PHX01,c160:018:46,t0-gg1-a1-02-r018-us-west-02b,SN3700,swp32,,,,QSFPDD-400G-DR4,MPO8-SMF,,,,,,,,,,,,,,
LLDP:  Passed,US-PHX01,c160:017:31,t1d-gg1-a1-01-r017-us-west-02b,SN4700,swp3,,,QSFPDD-400G-DR4,,US-PHX01,c160:019:48,t0-gg1-a1-01-r019-us-west-02b,SN3700,swp32,,,,QSFPDD-400G-DR4,MPO8-SMF,,,,,,,,,,,,,,
LLDP:  Passed,US-PHX01,c160:017:31,t1d-gg1-a1-01-r017-us-west-02b,SN4700,swp4,,,QSFPDD-400G-DR4,,US-PHX01,c160:019:46,t0-gg1-a1-02-r019-us-west-02b,SN3700,swp32,,,,QSFPDD-400G-DR4,MPO8-SMF,,,,,,,,,,,,,,
LLDP:  Passed,US-PHX01,c160:017:31,t1d-gg1-a1-01-r017-us-west-02b,SN4700,swp5,,,QSFPDD-400G-DR4,,US-PHX01,c160:020:48,t0-gg1-a1-01-r020-us-west-02b,SN3700,swp32,,,,QSFPDD-400G-DR4,MPO8-SMF,,,,,,,,,,,,,,
LLDP:  Passed,US-PHX01,c160:017:31,t1d-gg1-a1-01-r017-us-west-02b,SN4700,swp6,,,QSFPDD-400G-DR4,,US-PHX01,c160:020:46,t0-gg1-a1-02-r020-us-west-02b,SN3700,swp32,,,,QSFPDD-400G-DR4,MPO8-SMF,,,,,,,,,,,,,,
LLDP:  Passed,US-PHX01,c160:017:31,t1d-gg1-a1-01-r017-us-west-02b,SN4700,swp7,,,QSFPDD-400G-DR4,,US-PHX01,c160:021:48,t0-gg1-a1-01-r021-us-west-02b,SN3700,swp32,,,,QSFPDD-400G-DR4,MPO8-SMF,,,,,,,,,,,,,,
LLDP:  Passed,US-PHX01,c160:017:31,t1d-gg1-a1-01-r017-us-west-02b,SN4700,swp8,,,QSFPDD-400G-DR4,,US-PHX01,c160:021:46,t0-gg1-a1-02-r021-us-west-02b,SN3700,swp32,,,,QSFPDD-400G-DR4,MPO8-SMF,,,,,,,,,,,,,,
LLDP:  Passed,US-PHX01,c160:017:31,t1d-gg1-a1-01-r017-us-west-02b,SN4700,swp9,,,QSFPDD-400G-DR4,,US-PHX01,c160:022:48,t0-gg1-a1-01-r022-us-west-02b,SN3700,swp32,,,,QSFPDD-400G-DR4,MPO8-SMF,,,,,,,,,,,,,,
LLDP:  Passed,US-PHX01,c160:017:31,t1d-gg1-a1-01-r017-us-west-02b,SN4700,swp10,,,QSFPDD-400G-DR4,,US-PHX01,c160:022:46,t0-gg1-a1-02-r022-us-west-02b,SN3700,swp32,,,,QSFPDD-400G-DR4,MPO8-SMF,,,,,,,,,,,,,,
,,,,,,,,,,,,,,,,,,,,,,,,,,,,,,,,,
,,,,,,,,,,,,,,,,,,,,,,,,,,,,,,,,,
TIER-1 to TIER-0 GG1-B1,,,,,,,,,,,,,,,,,,,,,,,,,,,,,,,,,
LLDP:  Passed,US-PHX01,c160:033:37,t1a-gg1-b1-01-r033-us-west-02b,SN4700,swp1,,,QSFPDD-400G-DR4,,US-PHX01,c160:033:42,t0-gg1-b1-01-r033-us-west-02b,SN4700,swp29,,,,QSFPDD-400G-DR4,MPO8-SMF,,,,,,,,,,,,,,
LLDP:  Passed,US-PHX01,c160:033:37,t1a-gg1-b1-01-r033-us-west-02b,SN4700,swp2,,,QSFPDD-400G-DR4,,US-PHX01,c160:033:40,t0-gg1-b1-02-r033-us-west-02b,SN4700,swp29,,,,QSFPDD-400G-DR4,MPO8-SMF,,,,,,,,,,,,,,
LLDP:  Passed,US-PHX01,c160:033:37,t1a-gg1-b1-01-r033-us-west-02b,SN4700,swp3,,,QSFPDD-400G-DR4,,US-PHX01,c160:049:42,t0-gg1-b1-01-r049-us-west-02b,SN4700,swp29,,,,QSFPDD-400G-DR4,MPO8-SMF,,,,,,,,,,,,,,
LLDP:  Passed,US-PHX01,c160:033:37,t1a-gg1-b1-01-r033-us-west-02b,SN4700,swp4,,,QSFPDD-400G-DR4,,US-PHX01,c160:049:40,t0-gg1-b1-02-r049-us-west-02b,SN4700,swp29,,,,QSFPDD-400G-DR4,MPO8-SMF,,,,,,,,,,,,,,
LLDP:  Passed,US-PHX01,c160:033:37,t1a-gg1-b1-01-r033-us-west-02b,SN4700,swp5,,,QSFPDD-400G-DR4,,US-PHX01,c160:065:42,t0-gg1-b1-01-r065-us-west-02b,SN4700,swp29,,,,QSFPDD-400G-DR4,MPO8-SMF,,,,,,,,,,,,,,
LLDP:  Passed,US-PHX01,c160:033:37,t1a-gg1-b1-01-r033-us-west-02b,SN4700,swp6,,,QSFPDD-400G-DR4,,US-PHX01,c160:065:40,t0-gg1-b1-02-r065-us-west-02b,SN4700,swp29,,,,QSFPDD-400G-DR4,MPO8-SMF,,,,,,,,,,,,,,
LLDP:  Passed,US-PHX01,c160:033:37,t1a-gg1-b1-01-r033-us-west-02b,SN4700,swp7,,,QSFPDD-400G-DR4,,US-PHX01,c160:081:42,t0-gg1-b1-01-r081-us-west-02b,SN4700,swp29,,,,QSFPDD-400G-DR4,MPO8-SMF,,,,,,,,,,,,,,
LLDP:  Passed,US-PHX01,c160:033:37,t1a-gg1-b1-01-r033-us-west-02b,SN4700,swp8,,,QSFPDD-400G-DR4,,US-PHX01,c160:081:40,t0-gg1-b1-02-r081-us-west-02b,SN4700,swp29,,,,QSFPDD-400G-DR4,MPO8-SMF,,,,,,,,,,,,,,
,,,,,,,,,,,,,,,,,,,,,,,,,,,,,,,,,
LLDP:  Passed,US-PHX01,c160:033:35,t1b-gg1-b1-01-r033-us-west-02b,SN4700,swp1,,,QSFPDD-400G-DR4,,US-PHX01,c160:033:42,t0-gg1-b1-01-r033-us-west-02b,SN4700,swp30,,,,QSFPDD-400G-DR4,MPO8-SMF,,,,,,,,,,,,,,
LLDP:  Passed,US-PHX01,c160:033:35,t1b-gg1-b1-01-r033-us-west-02b,SN4700,swp2,,,QSFPDD-400G-DR4,,US-PHX01,c160:033:40,t0-gg1-b1-02-r033-us-west-02b,SN4700,swp30,,,,QSFPDD-400G-DR4,MPO8-SMF,,,,,,,,,,,,,,
LLDP:  Passed,US-PHX01,c160:033:35,t1b-gg1-b1-01-r033-us-west-02b,SN4700,swp3,,,QSFPDD-400G-DR4,,US-PHX01,c160:049:42,t0-gg1-b1-01-r049-us-west-02b,SN4700,swp30,,,,QSFPDD-400G-DR4,MPO8-SMF,,,,,,,,,,,,,,
LLDP:  Passed,US-PHX01,c160:033:35,t1b-gg1-b1-01-r033-us-west-02b,SN4700,swp4,,,QSFPDD-400G-DR4,,US-PHX01,c160:049:40,t0-gg1-b1-02-r049-us-west-02b,SN4700,swp30,,,,QSFPDD-400G-DR4,MPO8-SMF,,,,,,,,,,,,,,
LLDP:  Passed,US-PHX01,c160:033:35,t1b-gg1-b1-01-r033-us-west-02b,SN4700,swp5,,,QSFPDD-400G-DR4,,US-PHX01,c160:065:42,t0-gg1-b1-01-r065-us-west-02b,SN4700,swp30,,,,QSFPDD-400G-DR4,MPO8-SMF,,,,,,,,,,,,,,
LLDP:  Passed,US-PHX01,c160:033:35,t1b-gg1-b1-01-r033-us-west-02b,SN4700,swp6,,,QSFPDD-400G-DR4,,US-PHX01,c160:065:40,t0-gg1-b1-02-r065-us-west-02b,SN4700,swp30,,,,QSFPDD-400G-DR4,MPO8-SMF,,,,,,,,,,,,,,
LLDP:  Passed,US-PHX01,c160:033:35,t1b-gg1-b1-01-r033-us-west-02b,SN4700,swp7,,,QSFPDD-400G-DR4,,US-PHX01,c160:081:42,t0-gg1-b1-01-r081-us-west-02b,SN4700,swp30,,,,QSFPDD-400G-DR4,MPO8-SMF,,,,,,,,,,,,,,
LLDP:  Passed,US-PHX01,c160:033:35,t1b-gg1-b1-01-r033-us-west-02b,SN4700,swp8,,,QSFPDD-400G-DR4,,US-PHX01,c160:081:40,t0-gg1-b1-02-r081-us-west-02b,SN4700,swp30,,,,QSFPDD-400G-DR4,MPO8-SMF,,,,,,,,,,,,,,
,,,,,,,,,,,,,,,,,,,,,,,,,,,,,,,,,
LLDP:  Passed,US-PHX01,c160:033:33,t1c-gg1-b1-01-r033-us-west-02b,SN4700,swp1,,,QSFPDD-400G-DR4,,US-PHX01,c160:033:42,t0-gg1-b1-01-r033-us-west-02b,SN4700,swp31,,,,QSFPDD-400G-DR4,MPO8-SMF,,,,,,,,,,,,,,
LLDP:  Passed,US-PHX01,c160:033:33,t1c-gg1-b1-01-r033-us-west-02b,SN4700,swp2,,,QSFPDD-400G-DR4,,US-PHX01,c160:033:40,t0-gg1-b1-02-r033-us-west-02b,SN4700,swp31,,,,QSFPDD-400G-DR4,MPO8-SMF,,,,,,,,,,,,,,
LLDP:  Passed,US-PHX01,c160:033:33,t1c-gg1-b1-01-r033-us-west-02b,SN4700,swp3,,,QSFPDD-400G-DR4,,US-PHX01,c160:049:42,t0-gg1-b1-01-r049-us-west-02b,SN4700,swp31,,,,QSFPDD-400G-DR4,MPO8-SMF,,,,,,,,,,,,,,
LLDP:  Passed,US-PHX01,c160:033:33,t1c-gg1-b1-01-r033-us-west-02b,SN4700,swp4,,,QSFPDD-400G-DR4,,US-PHX01,c160:049:40,t0-gg1-b1-02-r049-us-west-02b,SN4700,swp31,,,,QSFPDD-400G-DR4,MPO8-SMF,,,,,,,,,,,,,,
LLDP:  Passed,US-PHX01,c160:033:33,t1c-gg1-b1-01-r033-us-west-02b,SN4700,swp5,,,QSFPDD-400G-DR4,,US-PHX01,c160:065:42,t0-gg1-b1-01-r065-us-west-02b,SN4700,swp31,,,,QSFPDD-400G-DR4,MPO8-SMF,,,,,,,,,,,,,,
LLDP:  Passed,US-PHX01,c160:033:33,t1c-gg1-b1-01-r033-us-west-02b,SN4700,swp6,,,QSFPDD-400G-DR4,,US-PHX01,c160:065:40,t0-gg1-b1-02-r065-us-west-02b,SN4700,swp31,,,,QSFPDD-400G-DR4,MPO8-SMF,,,,,,,,,,,,,,
LLDP:  Passed,US-PHX01,c160:033:33,t1c-gg1-b1-01-r033-us-west-02b,SN4700,swp7,,,QSFPDD-400G-DR4,,US-PHX01,c160:081:42,t0-gg1-b1-01-r081-us-west-02b,SN4700,swp31,,,,QSFPDD-400G-DR4,MPO8-SMF,,,,,,,,,,,,,,
LLDP:  Passed,US-PHX01,c160:033:33,t1c-gg1-b1-01-r033-us-west-02b,SN4700,swp8,,,QSFPDD-400G-DR4,,US-PHX01,c160:081:40,t0-gg1-b1-02-r081-us-west-02b,SN4700,swp31,,,,QSFPDD-400G-DR4,MPO8-SMF,,,,,,,,,,,,,,
,,,,,,,,,,,,,,,,,,,,,,,,,,,,,,,,,
LLDP:  Passed,US-PHX01,c160:033:31,t1d-gg1-b1-01-r033-us-west-02b,SN4700,swp1,,,QSFPDD-400G-DR4,,US-PHX01,c160:033:42,t0-gg1-b1-01-r033-us-west-02b,SN4700,swp32,,,,QSFPDD-400G-DR4,MPO8-SMF,,,,,,,,,,,,,,
LLDP:  Passed,US-PHX01,c160:033:31,t1d-gg1-b1-01-r033-us-west-02b,SN4700,swp2,,,QSFPDD-400G-DR4,,US-PHX01,c160:033:40,t0-gg1-b1-02-r033-us-west-02b,SN4700,swp32,,,,QSFPDD-400G-DR4,MPO8-SMF,,,,,,,,,,,,,,
LLDP:  Passed,US-PHX01,c160:033:31,t1d-gg1-b1-01-r033-us-west-02b,SN4700,swp3,,,QSFPDD-400G-DR4,,US-PHX01,c160:049:42,t0-gg1-b1-01-r049-us-west-02b,SN4700,swp32,,,,QSFPDD-400G-DR4,MPO8-SMF,,,,,,,,,,,,,,
LLDP:  Passed,US-PHX01,c160:033:31,t1d-gg1-b1-01-r033-us-west-02b,SN4700,swp4,,,QSFPDD-400G-DR4,,US-PHX01,c160:049:40,t0-gg1-b1-02-r049-us-west-02b,SN4700,swp32,,,,QSFPDD-400G-DR4,MPO8-SMF,,,,,,,,,,,,,,
LLDP:  Passed,US-PHX01,c160:033:31,t1d-gg1-b1-01-r033-us-west-02b,SN4700,swp5,,,QSFPDD-400G-DR4,,US-PHX01,c160:065:42,t0-gg1-b1-01-r065-us-west-02b,SN4700,swp32,,,,QSFPDD-400G-DR4,MPO8-SMF,,,,,,,,,,,,,,
LLDP:  Passed,US-PHX01,c160:033:31,t1d-gg1-b1-01-r033-us-west-02b,SN4700,swp6,,,QSFPDD-400G-DR4,,US-PHX01,c160:065:40,t0-gg1-b1-02-r065-us-west-02b,SN4700,swp32,,,,QSFPDD-400G-DR4,MPO8-SMF,,,,,,,,,,,,,,
LLDP:  Passed,US-PHX01,c160:033:31,t1d-gg1-b1-01-r033-us-west-02b,SN4700,swp7,,,QSFPDD-400G-DR4,,US-PHX01,c160:081:42,t0-gg1-b1-01-r081-us-west-02b,SN4700,swp32,,,,QSFPDD-400G-DR4,MPO8-SMF,,,,,,,,,,,,,,
LLDP:  Passed,US-PHX01,c160:033:31,t1d-gg1-b1-01-r033-us-west-02b,SN4700,swp8,,,QSFPDD-400G-DR4,,US-PHX01,c160:081:40,t0-gg1-b1-02-r081-us-west-02b,SN4700,swp32,,,,QSFPDD-400G-DR4,MPO8-SMF,,,,,,,,,,,,,,
,,,,,,,,,,,,,,,,,,,,,,,,,,,,,,,,,
,,,,,,,,,,,,,,,,,,,,,,,,,,,,,,,,,
TIER-1 to TIER-0 GG1-B2,,,,,,,,,,,,,,,,,,,,,,,,,,,,,,,,,
LLDP:  Passed,US-PHX01,c160:097:37,t1a-gg1-b2-01-r097-us-west-02b,SN4700,swp1,,,QSFPDD-400G-DR4,,US-PHX01,c160:097:42,t0-gg1-b2-01-r097-us-west-02b,SN4700,swp29,,,,QSFPDD-400G-DR4,MPO8-SMF,,,,,,,,,,,,,,
LLDP:  Passed,US-PHX01,c160:097:37,t1a-gg1-b2-01-r097-us-west-02b,SN4700,swp2,,,QSFPDD-400G-DR4,,US-PHX01,c160:097:40,t0-gg1-b2-02-r097-us-west-02b,SN4700,swp29,,,,QSFPDD-400G-DR4,MPO8-SMF,,,,,,,,,,,,,,
LLDP:  Passed,US-PHX01,c160:097:37,t1a-gg1-b2-01-r097-us-west-02b,SN4700,swp3,,,QSFPDD-400G-DR4,,US-PHX01,c160:113:44,t0-gg1-b2-01-r113-us-west-02b,SN4700,swp29,,,,QSFPDD-400G-DR4,MPO8-SMF,,,,,,,,,,,,,,
LLDP:  Passed,US-PHX01,c160:097:37,t1a-gg1-b2-01-r097-us-west-02b,SN4700,swp4,,,QSFPDD-400G-DR4,,US-PHX01,c160:113:42,t0-gg1-b2-02-r113-us-west-02b,SN4700,swp29,,,,QSFPDD-400G-DR4,MPO8-SMF,,,,,,,,,,,,,,
LLDP:  Passed,US-PHX01,c160:097:37,t1a-gg1-b2-01-r097-us-west-02b,SN4700,swp5,,,QSFPDD-400G-DR4,,US-PHX01,c160:129:42,t0-gg1-b2-01-r129-us-west-02b,SN4700,swp29,,,,QSFPDD-400G-DR4,MPO8-SMF,,,,,,,,,,,,,,
LLDP:  Passed,US-PHX01,c160:097:37,t1a-gg1-b2-01-r097-us-west-02b,SN4700,swp6,,,QSFPDD-400G-DR4,,US-PHX01,c160:129:40,t0-gg1-b2-02-r129-us-west-02b,SN4700,swp29,,,,QSFPDD-400G-DR4,MPO8-SMF,,,,,,,,,,,,,,
LLDP:  Passed,US-PHX01,c160:097:37,t1a-gg1-b2-01-r097-us-west-02b,SN4700,swp7,,,QSFPDD-400G-DR4,,US-PHX01,c160:145:44,t0-gg1-b2-01-r145-us-west-02b,SN4700,swp29,,,,QSFPDD-400G-DR4,MPO8-SMF,,,,,,,,,,,,,,
LLDP:  Passed,US-PHX01,c160:097:37,t1a-gg1-b2-01-r097-us-west-02b,SN4700,swp8,,,QSFPDD-400G-DR4,,US-PHX01,c160:145:42,t0-gg1-b2-02-r145-us-west-02b,SN4700,swp29,,,,QSFPDD-400G-DR4,MPO8-SMF,,,,,,,,,,,,,,
LLDP:  Passed,US-PHX01,c160:097:37,t1a-gg1-b2-01-r097-us-west-02b,SN4700,swp9,,,QSFPDD-400G-DR4,,US-PHX01,c160:161:42,t0-gg1-b2-01-r161-us-west-02b,SN4700,swp29,,,,QSFPDD-400G-DR4,MPO8-SMF,,,,,,,,,,,,,,
LLDP:  Passed,US-PHX01,c160:097:37,t1a-gg1-b2-01-r097-us-west-02b,SN4700,swp10,,,QSFPDD-400G-DR4,,US-PHX01,c160:161:40,t0-gg1-b2-02-r161-us-west-02b,SN4700,swp29,,,,QSFPDD-400G-DR4,MPO8-SMF,,,,,,,,,,,,,,
LLDP:  Passed,US-PHX01,c160:097:37,t1a-gg1-b2-01-r097-us-west-02b,SN4700,swp11,,,QSFPDD-400G-DR4,,US-PHX01,c160:177:42,t0-gg1-b2-01-r177-us-west-02b,SN4700,swp29,,,,QSFPDD-400G-DR4,MPO8-SMF,,,,,,,,,,,,,,
LLDP:  Passed,US-PHX01,c160:097:37,t1a-gg1-b2-01-r097-us-west-02b,SN4700,swp12,,,QSFPDD-400G-DR4,,US-PHX01,c160:177:40,t0-gg1-b2-02-r177-us-west-02b,SN4700,swp29,,,,QSFPDD-400G-DR4,MPO8-SMF,,,,,,,,,,,,,,
,,,,,,,,,,,,,,,,,,,,,,,,,,,,,,,,,
LLDP:  Passed,US-PHX01,c160:097:35,t1b-gg1-b2-01-r097-us-west-02b,SN4700,swp1,,,QSFPDD-400G-DR4,,US-PHX01,c160:097:42,t0-gg1-b2-01-r097-us-west-02b,SN4700,swp30,,,,QSFPDD-400G-DR4,MPO8-SMF,,,,,,,,,,,,,,
LLDP:  Passed,US-PHX01,c160:097:35,t1b-gg1-b2-01-r097-us-west-02b,SN4700,swp2,,,QSFPDD-400G-DR4,,US-PHX01,c160:097:40,t0-gg1-b2-02-r097-us-west-02b,SN4700,swp30,,,,QSFPDD-400G-DR4,MPO8-SMF,,,,,,,,,,,,,,
LLDP:  Passed,US-PHX01,c160:097:35,t1b-gg1-b2-01-r097-us-west-02b,SN4700,swp3,,,QSFPDD-400G-DR4,,US-PHX01,c160:113:44,t0-gg1-b2-01-r113-us-west-02b,SN4700,swp30,,,,QSFPDD-400G-DR4,MPO8-SMF,,,,,,,,,,,,,,
LLDP:  Passed,US-PHX01,c160:097:35,t1b-gg1-b2-01-r097-us-west-02b,SN4700,swp4,,,QSFPDD-400G-DR4,,US-PHX01,c160:113:42,t0-gg1-b2-02-r113-us-west-02b,SN4700,swp30,,,,QSFPDD-400G-DR4,MPO8-SMF,,,,,,,,,,,,,,
LLDP:  Passed,US-PHX01,c160:097:35,t1b-gg1-b2-01-r097-us-west-02b,SN4700,swp5,,,QSFPDD-400G-DR4,,US-PHX01,c160:129:42,t0-gg1-b2-01-r129-us-west-02b,SN4700,swp30,,,,QSFPDD-400G-DR4,MPO8-SMF,,,,,,,,,,,,,,
LLDP:  Passed,US-PHX01,c160:097:35,t1b-gg1-b2-01-r097-us-west-02b,SN4700,swp6,,,QSFPDD-400G-DR4,,US-PHX01,c160:129:40,t0-gg1-b2-02-r129-us-west-02b,SN4700,swp30,,,,QSFPDD-400G-DR4,MPO8-SMF,,,,,,,,,,,,,,
LLDP:  Passed,US-PHX01,c160:097:35,t1b-gg1-b2-01-r097-us-west-02b,SN4700,swp7,,,QSFPDD-400G-DR4,,US-PHX01,c160:145:44,t0-gg1-b2-01-r145-us-west-02b,SN4700,swp30,,,,QSFPDD-400G-DR4,MPO8-SMF,,,,,,,,,,,,,,
LLDP:  Passed,US-PHX01,c160:097:35,t1b-gg1-b2-01-r097-us-west-02b,SN4700,swp8,,,QSFPDD-400G-DR4,,US-PHX01,c160:145:42,t0-gg1-b2-02-r145-us-west-02b,SN4700,swp30,,,,QSFPDD-400G-DR4,MPO8-SMF,,,,,,,,,,,,,,
LLDP:  Passed,US-PHX01,c160:097:35,t1b-gg1-b2-01-r097-us-west-02b,SN4700,swp9,,,QSFPDD-400G-DR4,,US-PHX01,c160:161:42,t0-gg1-b2-01-r161-us-west-02b,SN4700,swp30,,,,QSFPDD-400G-DR4,MPO8-SMF,,,,,,,,,,,,,,
LLDP:  Passed,US-PHX01,c160:097:35,t1b-gg1-b2-01-r097-us-west-02b,SN4700,swp10,,,QSFPDD-400G-DR4,,US-PHX01,c160:161:40,t0-gg1-b2-02-r161-us-west-02b,SN4700,swp30,,,,QSFPDD-400G-DR4,MPO8-SMF,,,,,,,,,,,,,,
LLDP:  Passed,US-PHX01,c160:097:35,t1b-gg1-b2-01-r097-us-west-02b,SN4700,swp11,,,QSFPDD-400G-DR4,,US-PHX01,c160:177:42,t0-gg1-b2-01-r177-us-west-02b,SN4700,swp30,,,,QSFPDD-400G-DR4,MPO8-SMF,,,,,,,,,,,,,,
LLDP:  Passed,US-PHX01,c160:097:35,t1b-gg1-b2-01-r097-us-west-02b,SN4700,swp12,,,QSFPDD-400G-DR4,,US-PHX01,c160:177:40,t0-gg1-b2-02-r177-us-west-02b,SN4700,swp30,,,,QSFPDD-400G-DR4,MPO8-SMF,,,,,,,,,,,,,,
,,,,,,,,,,,,,,,,,,,,,,,,,,,,,,,,,
LLDP:  Passed,US-PHX01,c160:097:33,t1c-gg1-b2-01-r097-us-west-02b,SN4700,swp1,,,QSFPDD-400G-DR4,,US-PHX01,c160:097:42,t0-gg1-b2-01-r097-us-west-02b,SN4700,swp31,,,,QSFPDD-400G-DR4,MPO8-SMF,,,,,,,,,,,,,,
LLDP:  Passed,US-PHX01,c160:097:33,t1c-gg1-b2-01-r097-us-west-02b,SN4700,swp2,,,QSFPDD-400G-DR4,,US-PHX01,c160:097:40,t0-gg1-b2-02-r097-us-west-02b,SN4700,swp31,,,,QSFPDD-400G-DR4,MPO8-SMF,,,,,,,,,,,,,,
LLDP:  Passed,US-PHX01,c160:097:33,t1c-gg1-b2-01-r097-us-west-02b,SN4700,swp3,,,QSFPDD-400G-DR4,,US-PHX01,c160:113:44,t0-gg1-b2-01-r113-us-west-02b,SN4700,swp31,,,,QSFPDD-400G-DR4,MPO8-SMF,,,,,,,,,,,,,,
LLDP:  Passed,US-PHX01,c160:097:33,t1c-gg1-b2-01-r097-us-west-02b,SN4700,swp4,,,QSFPDD-400G-DR4,,US-PHX01,c160:113:42,t0-gg1-b2-02-r113-us-west-02b,SN4700,swp31,,,,QSFPDD-400G-DR4,MPO8-SMF,,,,,,,,,,,,,,
LLDP:  Passed,US-PHX01,c160:097:33,t1c-gg1-b2-01-r097-us-west-02b,SN4700,swp5,,,QSFPDD-400G-DR4,,US-PHX01,c160:129:42,t0-gg1-b2-01-r129-us-west-02b,SN4700,swp31,,,,QSFPDD-400G-DR4,MPO8-SMF,,,,,,,,,,,,,,
LLDP:  Passed,US-PHX01,c160:097:33,t1c-gg1-b2-01-r097-us-west-02b,SN4700,swp6,,,QSFPDD-400G-DR4,,US-PHX01,c160:129:40,t0-gg1-b2-02-r129-us-west-02b,SN4700,swp31,,,,QSFPDD-400G-DR4,MPO8-SMF,,,,,,,,,,,,,,
LLDP:  Passed,US-PHX01,c160:097:33,t1c-gg1-b2-01-r097-us-west-02b,SN4700,swp7,,,QSFPDD-400G-DR4,,US-PHX01,c160:145:44,t0-gg1-b2-01-r145-us-west-02b,SN4700,swp31,,,,QSFPDD-400G-DR4,MPO8-SMF,,,,,,,,,,,,,,
LLDP:  Passed,US-PHX01,c160:097:33,t1c-gg1-b2-01-r097-us-west-02b,SN4700,swp8,,,QSFPDD-400G-DR4,,US-PHX01,c160:145:42,t0-gg1-b2-02-r145-us-west-02b,SN4700,swp31,,,,QSFPDD-400G-DR4,MPO8-SMF,,,,,,,,,,,,,,
LLDP:  Passed,US-PHX01,c160:097:33,t1c-gg1-b2-01-r097-us-west-02b,SN4700,swp9,,,QSFPDD-400G-DR4,,US-PHX01,c160:161:42,t0-gg1-b2-01-r161-us-west-02b,SN4700,swp31,,,,QSFPDD-400G-DR4,MPO8-SMF,,,,,,,,,,,,,,
LLDP:  Passed,US-PHX01,c160:097:33,t1c-gg1-b2-01-r097-us-west-02b,SN4700,swp10,,,QSFPDD-400G-DR4,,US-PHX01,c160:161:40,t0-gg1-b2-02-r161-us-west-02b,SN4700,swp31,,,,QSFPDD-400G-DR4,MPO8-SMF,,,,,,,,,,,,,,
LLDP:  Passed,US-PHX01,c160:097:33,t1c-gg1-b2-01-r097-us-west-02b,SN4700,swp11,,,QSFPDD-400G-DR4,,US-PHX01,c160:177:42,t0-gg1-b2-01-r177-us-west-02b,SN4700,swp31,,,,QSFPDD-400G-DR4,MPO8-SMF,,,,,,,,,,,,,,
LLDP:  Passed,US-PHX01,c160:097:33,t1c-gg1-b2-01-r097-us-west-02b,SN4700,swp12,,,QSFPDD-400G-DR4,,US-PHX01,c160:177:40,t0-gg1-b2-02-r177-us-west-02b,SN4700,swp31,,,,QSFPDD-400G-DR4,MPO8-SMF,,,,,,,,,,,,,,
,,,,,,,,,,,,,,,,,,,,,,,,,,,,,,,,,
LLDP:  Passed,US-PHX01,c160:097:31,t1d-gg1-b2-01-r097-us-west-02b,SN4700,swp1,,,QSFPDD-400G-DR4,,US-PHX01,c160:097:42,t0-gg1-b2-01-r097-us-west-02b,SN4700,swp32,,,,QSFPDD-400G-DR4,MPO8-SMF,,,,,,,,,,,,,,
LLDP:  Passed,US-PHX01,c160:097:31,t1d-gg1-b2-01-r097-us-west-02b,SN4700,swp2,,,QSFPDD-400G-DR4,,US-PHX01,c160:097:40,t0-gg1-b2-02-r097-us-west-02b,SN4700,swp32,,,,QSFPDD-400G-DR4,MPO8-SMF,,,,,,,,,,,,,,
LLDP:  Passed,US-PHX01,c160:097:31,t1d-gg1-b2-01-r097-us-west-02b,SN4700,swp3,,,QSFPDD-400G-DR4,,US-PHX01,c160:113:44,t0-gg1-b2-01-r113-us-west-02b,SN4700,swp32,,,,QSFPDD-400G-DR4,MPO8-SMF,,,,,,,,,,,,,,
LLDP:  Passed,US-PHX01,c160:097:31,t1d-gg1-b2-01-r097-us-west-02b,SN4700,swp4,,,QSFPDD-400G-DR4,,US-PHX01,c160:113:42,t0-gg1-b2-02-r113-us-west-02b,SN4700,swp32,,,,QSFPDD-400G-DR4,MPO8-SMF,,,,,,,,,,,,,,
LLDP:  Passed,US-PHX01,c160:097:31,t1d-gg1-b2-01-r097-us-west-02b,SN4700,swp5,,,QSFPDD-400G-DR4,,US-PHX01,c160:129:42,t0-gg1-b2-01-r129-us-west-02b,SN4700,swp32,,,,QSFPDD-400G-DR4,MPO8-SMF,,,,,,,,,,,,,,
LLDP:  Passed,US-PHX01,c160:097:31,t1d-gg1-b2-01-r097-us-west-02b,SN4700,swp6,,,QSFPDD-400G-DR4,,US-PHX01,c160:129:40,t0-gg1-b2-02-r129-us-west-02b,SN4700,swp32,,,,QSFPDD-400G-DR4,MPO8-SMF,,,,,,,,,,,,,,
LLDP:  Passed,US-PHX01,c160:097:31,t1d-gg1-b2-01-r097-us-west-02b,SN4700,swp7,,,QSFPDD-400G-DR4,,US-PHX01,c160:145:44,t0-gg1-b2-01-r145-us-west-02b,SN4700,swp32,,,,QSFPDD-400G-DR4,MPO8-SMF,,,,,,,,,,,,,,
LLDP:  Passed,US-PHX01,c160:097:31,t1d-gg1-b2-01-r097-us-west-02b,SN4700,swp8,,,QSFPDD-400G-DR4,,US-PHX01,c160:145:42,t0-gg1-b2-02-r145-us-west-02b,SN4700,swp32,,,,QSFPDD-400G-DR4,MPO8-SMF,,,,,,,,,,,,,,
LLDP:  Passed,US-PHX01,c160:097:31,t1d-gg1-b2-01-r097-us-west-02b,SN4700,swp9,,,QSFPDD-400G-DR4,,US-PHX01,c160:161:42,t0-gg1-b2-01-r161-us-west-02b,SN4700,swp32,,,,QSFPDD-400G-DR4,MPO8-SMF,,,,,,,,,,,,,,
LLDP:  Passed,US-PHX01,c160:097:31,t1d-gg1-b2-01-r097-us-west-02b,SN4700,swp10,,,QSFPDD-400G-DR4,,US-PHX01,c160:161:40,t0-gg1-b2-02-r161-us-west-02b,SN4700,swp32,,,,QSFPDD-400G-DR4,MPO8-SMF,,,,,,,,,,,,,,
LLDP:  Passed,US-PHX01,c160:097:31,t1d-gg1-b2-01-r097-us-west-02b,SN4700,swp11,,,QSFPDD-400G-DR4,,US-PHX01,c160:177:42,t0-gg1-b2-01-r177-us-west-02b,SN4700,swp32,,,,QSFPDD-400G-DR4,MPO8-SMF,,,,,,,,,,,,,,
LLDP:  Passed,US-PHX01,c160:097:31,t1d-gg1-b2-01-r097-us-west-02b,SN4700,swp12,,,QSFPDD-400G-DR4,,US-PHX01,c160:177:40,t0-gg1-b2-02-r177-us-west-02b,SN4700,swp32,,,,QSFPDD-400G-DR4,MPO8-SMF,,,,,,,,,,,,,,
,,,,,,,,,,,,,,,,,,,,,,,,,,,,,,,,,
TIER-1 to TIER-0 GG1-B3,,,,,,,,,,,,,,,,,,,,,,,,,,,,,,,,,
LLDP:  Passed,US-PHX01,c160:193:37,t1a-gg1-b3-01-r193-us-west-02b,SN4700,swp1,,,QSFPDD-400G-DR4,,US-PHX01,c160:193:42,t0-gg1-b3-01-r193-us-west-02b,SN4700,swp29,,,,QSFPDD-400G-DR4,MPO8-SMF,,,,,,,,,,,,,,
LLDP:  Passed,US-PHX01,c160:193:37,t1a-gg1-b3-01-r193-us-west-02b,SN4700,swp2,,,QSFPDD-400G-DR4,,US-PHX01,c160:193:40,t0-gg1-b3-02-r193-us-west-02b,SN4700,swp29,,,,QSFPDD-400G-DR4,MPO8-SMF,,,,,,,,,,,,,,
LLDP:  Passed,US-PHX01,c160:193:37,t1a-gg1-b3-01-r193-us-west-02b,SN4700,swp3,,,QSFPDD-400G-DR4,,US-PHX01,c160:209:44,t0-gg1-b3-01-r209-us-west-02b,SN4700,swp29,,,,QSFPDD-400G-DR4,MPO8-SMF,,,,,,,,,,,,,,
LLDP:  Passed,US-PHX01,c160:193:37,t1a-gg1-b3-01-r193-us-west-02b,SN4700,swp4,,,QSFPDD-400G-DR4,,US-PHX01,c160:209:42,t0-gg1-b3-02-r209-us-west-02b,SN4700,swp29,,,,QSFPDD-400G-DR4,MPO8-SMF,,,,,,,,,,,,,,
LLDP:  Passed,US-PHX01,c160:193:37,t1a-gg1-b3-01-r193-us-west-02b,SN4700,swp5,,,QSFPDD-400G-DR4,,US-PHX01,c160:225:42,t0-gg1-b3-01-r225-us-west-02b,SN4700,swp29,,,,QSFPDD-400G-DR4,MPO8-SMF,,,,,,,,,,,,,,
LLDP:  Passed,US-PHX01,c160:193:37,t1a-gg1-b3-01-r193-us-west-02b,SN4700,swp6,,,QSFPDD-400G-DR4,,US-PHX01,c160:225:40,t0-gg1-b3-02-r225-us-west-02b,SN4700,swp29,,,,QSFPDD-400G-DR4,MPO8-SMF,,,,,,,,,,,,,,
LLDP:  Passed,US-PHX01,c160:193:37,t1a-gg1-b3-01-r193-us-west-02b,SN4700,swp7,,,QSFPDD-400G-DR4,,US-PHX01,c160:241:42,t0-gg1-b3-01-r241-us-west-02b,SN4700,swp29,,,,QSFPDD-400G-DR4,MPO8-SMF,,,,,,,,,,,,,,
LLDP:  Passed,US-PHX01,c160:193:37,t1a-gg1-b3-01-r193-us-west-02b,SN4700,swp8,,,QSFPDD-400G-DR4,,US-PHX01,c160:241:40,t0-gg1-b3-02-r241-us-west-02b,SN4700,swp29,,,,QSFPDD-400G-DR4,MPO8-SMF,,,,,,,,,,,,,,
,,,,,,,,,,,,,,,,,,,,,,,,,,,,,,,,,
LLDP:  Passed,US-PHX01,c160:193:35,t1b-gg1-b3-01-r193-us-west-02b,SN4700,swp1,,,QSFPDD-400G-DR4,,US-PHX01,c160:193:42,t0-gg1-b3-01-r193-us-west-02b,SN4700,swp30,,,,QSFPDD-400G-DR4,MPO8-SMF,,,,,,,,,,,,,,
LLDP:  Passed,US-PHX01,c160:193:35,t1b-gg1-b3-01-r193-us-west-02b,SN4700,swp2,,,QSFPDD-400G-DR4,,US-PHX01,c160:193:40,t0-gg1-b3-02-r193-us-west-02b,SN4700,swp30,,,,QSFPDD-400G-DR4,MPO8-SMF,,,,,,,,,,,,,,
LLDP:  Passed,US-PHX01,c160:193:35,t1b-gg1-b3-01-r193-us-west-02b,SN4700,swp3,,,QSFPDD-400G-DR4,,US-PHX01,c160:209:44,t0-gg1-b3-01-r209-us-west-02b,SN4700,swp30,,,,QSFPDD-400G-DR4,MPO8-SMF,,,,,,,,,,,,,,
LLDP:  Passed,US-PHX01,c160:193:35,t1b-gg1-b3-01-r193-us-west-02b,SN4700,swp4,,,QSFPDD-400G-DR4,,US-PHX01,c160:209:42,t0-gg1-b3-02-r209-us-west-02b,SN4700,swp30,,,,QSFPDD-400G-DR4,MPO8-SMF,,,,,,,,,,,,,,
LLDP:  Passed,US-PHX01,c160:193:35,t1b-gg1-b3-01-r193-us-west-02b,SN4700,swp5,,,QSFPDD-400G-DR4,,US-PHX01,c160:225:42,t0-gg1-b3-01-r225-us-west-02b,SN4700,swp30,,,,QSFPDD-400G-DR4,MPO8-SMF,,,,,,,,,,,,,,
LLDP:  Passed,US-PHX01,c160:193:35,t1b-gg1-b3-01-r193-us-west-02b,SN4700,swp6,,,QSFPDD-400G-DR4,,US-PHX01,c160:225:40,t0-gg1-b3-02-r225-us-west-02b,SN4700,swp30,,,,QSFPDD-400G-DR4,MPO8-SMF,,,,,,,,,,,,,,
LLDP:  Passed,US-PHX01,c160:193:35,t1b-gg1-b3-01-r193-us-west-02b,SN4700,swp7,,,QSFPDD-400G-DR4,,US-PHX01,c160:241:42,t0-gg1-b3-01-r241-us-west-02b,SN4700,swp30,,,,QSFPDD-400G-DR4,MPO8-SMF,,,,,,,,,,,,,,
LLDP:  Passed,US-PHX01,c160:193:35,t1b-gg1-b3-01-r193-us-west-02b,SN4700,swp8,,,QSFPDD-400G-DR4,,US-PHX01,c160:241:40,t0-gg1-b3-02-r241-us-west-02b,SN4700,swp30,,,,QSFPDD-400G-DR4,MPO8-SMF,,,,,,,,,,,,,,
,,,,,,,,,,,,,,,,,,,,,,,,,,,,,,,,,
LLDP:  Passed,US-PHX01,c160:193:33,t1c-gg1-b3-01-r193-us-west-02b,SN4700,swp1,,,QSFPDD-400G-DR4,,US-PHX01,c160:193:42,t0-gg1-b3-01-r193-us-west-02b,SN4700,swp31,,,,QSFPDD-400G-DR4,MPO8-SMF,,,,,,,,,,,,,,
LLDP:  Passed,US-PHX01,c160:193:33,t1c-gg1-b3-01-r193-us-west-02b,SN4700,swp2,,,QSFPDD-400G-DR4,,US-PHX01,c160:193:40,t0-gg1-b3-02-r193-us-west-02b,SN4700,swp31,,,,QSFPDD-400G-DR4,MPO8-SMF,,,,,,,,,,,,,,
LLDP:  Passed,US-PHX01,c160:193:33,t1c-gg1-b3-01-r193-us-west-02b,SN4700,swp3,,,QSFPDD-400G-DR4,,US-PHX01,c160:209:44,t0-gg1-b3-01-r209-us-west-02b,SN4700,swp31,,,,QSFPDD-400G-DR4,MPO8-SMF,,,,,,,,,,,,,,
LLDP:  Passed,US-PHX01,c160:193:33,t1c-gg1-b3-01-r193-us-west-02b,SN4700,swp4,,,QSFPDD-400G-DR4,,US-PHX01,c160:209:42,t0-gg1-b3-02-r209-us-west-02b,SN4700,swp31,,,,QSFPDD-400G-DR4,MPO8-SMF,,,,,,,,,,,,,,
LLDP:  Passed,US-PHX01,c160:193:33,t1c-gg1-b3-01-r193-us-west-02b,SN4700,swp5,,,QSFPDD-400G-DR4,,US-PHX01,c160:225:42,t0-gg1-b3-01-r225-us-west-02b,SN4700,swp31,,,,QSFPDD-400G-DR4,MPO8-SMF,,,,,,,,,,,,,,
LLDP:  Passed,US-PHX01,c160:193:33,t1c-gg1-b3-01-r193-us-west-02b,SN4700,swp6,,,QSFPDD-400G-DR4,,US-PHX01,c160:225:40,t0-gg1-b3-02-r225-us-west-02b,SN4700,swp31,,,,QSFPDD-400G-DR4,MPO8-SMF,,,,,,,,,,,,,,
LLDP:  Passed,US-PHX01,c160:193:33,t1c-gg1-b3-01-r193-us-west-02b,SN4700,swp7,,,QSFPDD-400G-DR4,,US-PHX01,c160:241:42,t0-gg1-b3-01-r241-us-west-02b,SN4700,swp31,,,,QSFPDD-400G-DR4,MPO8-SMF,,,,,,,,,,,,,,
LLDP:  Passed,US-PHX01,c160:193:33,t1c-gg1-b3-01-r193-us-west-02b,SN4700,swp8,,,QSFPDD-400G-DR4,,US-PHX01,c160:241:40,t0-gg1-b3-02-r241-us-west-02b,SN4700,swp31,,,,QSFPDD-400G-DR4,MPO8-SMF,,,,,,,,,,,,,,
,,,,,,,,,,,,,,,,,,,,,,,,,,,,,,,,,
LLDP:  Passed,US-PHX01,c160:193:31,t1d-gg1-b3-01-r193-us-west-02b,SN4700,swp1,,,QSFPDD-400G-DR4,,US-PHX01,c160:193:42,t0-gg1-b3-01-r193-us-west-02b,SN4700,swp32,,,,QSFPDD-400G-DR4,MPO8-SMF,,,,,,,,,,,,,,
LLDP:  Passed,US-PHX01,c160:193:31,t1d-gg1-b3-01-r193-us-west-02b,SN4700,swp2,,,QSFPDD-400G-DR4,,US-PHX01,c160:193:40,t0-gg1-b3-02-r193-us-west-02b,SN4700,swp32,,,,QSFPDD-400G-DR4,MPO8-SMF,,,,,,,,,,,,,,
LLDP:  Passed,US-PHX01,c160:193:31,t1d-gg1-b3-01-r193-us-west-02b,SN4700,swp3,,,QSFPDD-400G-DR4,,US-PHX01,c160:209:44,t0-gg1-b3-01-r209-us-west-02b,SN4700,swp32,,,,QSFPDD-400G-DR4,MPO8-SMF,,,,,,,,,,,,,,
LLDP:  Passed,US-PHX01,c160:193:31,t1d-gg1-b3-01-r193-us-west-02b,SN4700,swp4,,,QSFPDD-400G-DR4,,US-PHX01,c160:209:42,t0-gg1-b3-02-r209-us-west-02b,SN4700,swp32,,,,QSFPDD-400G-DR4,MPO8-SMF,,,,,,,,,,,,,,
LLDP:  Passed,US-PHX01,c160:193:31,t1d-gg1-b3-01-r193-us-west-02b,SN4700,swp5,,,QSFPDD-400G-DR4,,US-PHX01,c160:225:42,t0-gg1-b3-01-r225-us-west-02b,SN4700,swp32,,,,QSFPDD-400G-DR4,MPO8-SMF,,,,,,,,,,,,,,
LLDP:  Passed,US-PHX01,c160:193:31,t1d-gg1-b3-01-r193-us-west-02b,SN4700,swp6,,,QSFPDD-400G-DR4,,US-PHX01,c160:225:40,t0-gg1-b3-02-r225-us-west-02b,SN4700,swp32,,,,QSFPDD-400G-DR4,MPO8-SMF,,,,,,,,,,,,,,
LLDP:  Passed,US-PHX01,c160:193:31,t1d-gg1-b3-01-r193-us-west-02b,SN4700,swp7,,,QSFPDD-400G-DR4,,US-PHX01,c160:241:42,t0-gg1-b3-01-r241-us-west-02b,SN4700,swp32,,,,QSFPDD-400G-DR4,MPO8-SMF,,,,,,,,,,,,,,
LLDP:  Passed,US-PHX01,c160:193:31,t1d-gg1-b3-01-r193-us-west-02b,SN4700,swp8,,,QSFPDD-400G-DR4,,US-PHX01,c160:241:40,t0-gg1-b3-02-r241-us-west-02b,SN4700,swp32,,,,QSFPDD-400G-DR4,MPO8-SMF,,,,,,,,,,,,,,
,,,,,,,,,,,,,,,,,,,,,,,,,,,,,,,,,
TIER-1 to TIER-0 GG1-C1,,,,,,,,,,,,,,,,,,,,,,,,,,,,,,,,,
LLDP:  Passed,US-PHX01,c160:257:37,t1a-gg1-c1-01-r257-us-west-02b,SN4700,swp1,,,QSFPDD-400G-DR4,,US-PHX01,c160:257:42,t0-gg1-c1-01-r257-us-west-02b,SN4700,swp29,,,,QSFPDD-400G-DR4,MPO8-SMF,,,,,,,,,,,,,,
LLDP:  Passed,US-PHX01,c160:257:37,t1a-gg1-c1-01-r257-us-west-02b,SN4700,swp2,,,QSFPDD-400G-DR4,,US-PHX01,c160:257:40,t0-gg1-c1-02-r257-us-west-02b,SN4700,swp29,,,,QSFPDD-400G-DR4,MPO8-SMF,,,,,,,,,,,,,,
LLDP:  Passed,US-PHX01,c160:257:37,t1a-gg1-c1-01-r257-us-west-02b,SN4700,swp3,,,QSFPDD-400G-DR4,,US-PHX01,c160:273:44,t0-gg1-c1-01-r273-us-west-02b,SN4700,swp29,,,,QSFPDD-400G-DR4,MPO8-SMF,,,,,,,,,,,,,,
LLDP:  Passed,US-PHX01,c160:257:37,t1a-gg1-c1-01-r257-us-west-02b,SN4700,swp4,,,QSFPDD-400G-DR4,,US-PHX01,c160:273:42,t0-gg1-c1-02-r273-us-west-02b,SN4700,swp29,,,,QSFPDD-400G-DR4,MPO8-SMF,,,,,,,,,,,,,,
,,,,,,,,,,,,,,,,,,,,,,,,,,,,,,,,,
LLDP:  Passed,US-PHX01,c160:257:35,t1b-gg1-c1-01-r257-us-west-02b,SN4700,swp1,,,QSFPDD-400G-DR4,,US-PHX01,c160:257:42,t0-gg1-c1-01-r257-us-west-02b,SN4700,swp30,,,,QSFPDD-400G-DR4,MPO8-SMF,,,,,,,,,,,,,,
LLDP:  Passed,US-PHX01,c160:257:35,t1b-gg1-c1-01-r257-us-west-02b,SN4700,swp2,,,QSFPDD-400G-DR4,,US-PHX01,c160:257:40,t0-gg1-c1-02-r257-us-west-02b,SN4700,swp30,,,,QSFPDD-400G-DR4,MPO8-SMF,,,,,,,,,,,,,,
LLDP:  Passed,US-PHX01,c160:257:35,t1b-gg1-c1-01-r257-us-west-02b,SN4700,swp3,,,QSFPDD-400G-DR4,,US-PHX01,c160:273:44,t0-gg1-c1-01-r273-us-west-02b,SN4700,swp30,,,,QSFPDD-400G-DR4,MPO8-SMF,,,,,,,,,,,,,,
LLDP:  Passed,US-PHX01,c160:257:35,t1b-gg1-c1-01-r257-us-west-02b,SN4700,swp4,,,QSFPDD-400G-DR4,,US-PHX01,c160:273:42,t0-gg1-c1-02-r273-us-west-02b,SN4700,swp30,,,,QSFPDD-400G-DR4,MPO8-SMF,,,,,,,,,,,,,,
,,,,,,,,,,,,,,,,,,,,,,,,,,,,,,,,,
LLDP:  Passed,US-PHX01,c160:257:33,t1c-gg1-c1-01-r257-us-west-02b,SN4700,swp1,,,QSFPDD-400G-DR4,,US-PHX01,c160:257:42,t0-gg1-c1-01-r257-us-west-02b,SN4700,swp31,,,,QSFPDD-400G-DR4,MPO8-SMF,,,,,,,,,,,,,,
LLDP:  Passed,US-PHX01,c160:257:33,t1c-gg1-c1-01-r257-us-west-02b,SN4700,swp2,,,QSFPDD-400G-DR4,,US-PHX01,c160:257:40,t0-gg1-c1-02-r257-us-west-02b,SN4700,swp31,,,,QSFPDD-400G-DR4,MPO8-SMF,,,,,,,,,,,,,,
LLDP:  Passed,US-PHX01,c160:257:33,t1c-gg1-c1-01-r257-us-west-02b,SN4700,swp3,,,QSFPDD-400G-DR4,,US-PHX01,c160:273:44,t0-gg1-c1-01-r273-us-west-02b,SN4700,swp31,,,,QSFPDD-400G-DR4,MPO8-SMF,,,,,,,,,,,,,,
LLDP:  Passed,US-PHX01,c160:257:33,t1c-gg1-c1-01-r257-us-west-02b,SN4700,swp4,,,QSFPDD-400G-DR4,,US-PHX01,c160:273:42,t0-gg1-c1-02-r273-us-west-02b,SN4700,swp31,,,,QSFPDD-400G-DR4,MPO8-SMF,,,,,,,,,,,,,,
,,,,,,,,,,,,,,,,,,,,,,,,,,,,,,,,,
LLDP:  Passed,US-PHX01,c160:257:31,t1d-gg1-c1-01-r257-us-west-02b,SN4700,swp1,,,QSFPDD-400G-DR4,,US-PHX01,c160:257:42,t0-gg1-c1-01-r257-us-west-02b,SN4700,swp32,,,,QSFPDD-400G-DR4,MPO8-SMF,,,,,,,,,,,,,,
LLDP:  Passed,US-PHX01,c160:257:31,t1d-gg1-c1-01-r257-us-west-02b,SN4700,swp2,,,QSFPDD-400G-DR4,,US-PHX01,c160:257:40,t0-gg1-c1-02-r257-us-west-02b,SN4700,swp32,,,,QSFPDD-400G-DR4,MPO8-SMF,,,,,,,,,,,,,,
LLDP:  Passed,US-PHX01,c160:257:31,t1d-gg1-c1-01-r257-us-west-02b,SN4700,swp3,,,QSFPDD-400G-DR4,,US-PHX01,c160:273:44,t0-gg1-c1-01-r273-us-west-02b,SN4700,swp32,,,,QSFPDD-400G-DR4,MPO8-SMF,,,,,,,,,,,,,,
LLDP:  Passed,US-PHX01,c160:257:31,t1d-gg1-c1-01-r257-us-west-02b,SN4700,swp4,,,QSFPDD-400G-DR4,,US-PHX01,c160:273:42,t0-gg1-c1-02-r273-us-west-02b,SN4700,swp32,,,,QSFPDD-400G-DR4,MPO8-SMF,,,,,,,,,,,,,,
,,,,,,,,,,,,,,,,,,,,,,,,,,,,,,,,,
TIER-1 to TIER-0 GG1-C2,,,,,,,,,,,,,,,,,,,,,,,,,,,,,,,,,
LLDP:  Passed,US-PHX01,c160:289:37,t1a-gg1-c2-01-r289-us-west-02b,SN4700,swp1,,,QSFPDD-400G-DR4,,US-PHX01,c160:289:42,t0-gg1-c2-01-r289-us-west-02b,SN4700,swp29,,,,QSFPDD-400G-DR4,MPO8-SMF,,,,,,,,,,,,,,
LLDP:  Passed,US-PHX01,c160:289:37,t1a-gg1-c2-01-r289-us-west-02b,SN4700,swp2,,,QSFPDD-400G-DR4,,US-PHX01,c160:289:40,t0-gg1-c2-02-r289-us-west-02b,SN4700,swp29,,,,QSFPDD-400G-DR4,MPO8-SMF,,,,,,,,,,,,,,
LLDP:  Passed,US-PHX01,c160:289:37,t1a-gg1-c2-01-r289-us-west-02b,SN4700,swp3,,,QSFPDD-400G-DR4,,US-PHX01,c160:305:42,t0-gg1-c2-01-r305-us-west-02b,SN4700,swp29,,,,QSFPDD-400G-DR4,MPO8-SMF,,,,,,,,,,,,,,
LLDP:  Passed,US-PHX01,c160:289:37,t1a-gg1-c2-01-r289-us-west-02b,SN4700,swp4,,,QSFPDD-400G-DR4,,US-PHX01,c160:305:40,t0-gg1-c2-02-r305-us-west-02b,SN4700,swp29,,,,QSFPDD-400G-DR4,MPO8-SMF,,,,,,,,,,,,,,
LLDP:  Passed,US-PHX01,c160:289:37,t1a-gg1-c2-01-r289-us-west-02b,SN4700,swp5,,,QSFPDD-400G-DR4,,US-PHX01,c160:321:44,t0-gg1-c2-01-r321-us-west-02b,SN4700,swp29,,,,QSFPDD-400G-DR4,MPO8-SMF,,,,,,,,,,,,,,
LLDP:  Passed,US-PHX01,c160:289:37,t1a-gg1-c2-01-r289-us-west-02b,SN4700,swp6,,,QSFPDD-400G-DR4,,US-PHX01,c160:321:42,t0-gg1-c2-02-r321-us-west-02b,SN4700,swp29,,,,QSFPDD-400G-DR4,MPO8-SMF,,,,,,,,,,,,,,
LLDP:  Passed,US-PHX01,c160:289:37,t1a-gg1-c2-01-r289-us-west-02b,SN4700,swp7,,,QSFPDD-400G-DR4,,US-PHX01,c160:337:44,t0-gg1-c2-01-r337-us-west-02b,SN4700,swp29,,,,QSFPDD-400G-DR4,MPO8-SMF,,,,,,,,,,,,,,
LLDP:  Passed,US-PHX01,c160:289:37,t1a-gg1-c2-01-r289-us-west-02b,SN4700,swp8,,,QSFPDD-400G-DR4,,US-PHX01,c160:337:42,t0-gg1-c2-02-r337-us-west-02b,SN4700,swp29,,,,QSFPDD-400G-DR4,MPO8-SMF,,,,,,,,,,,,,,
,,,,,,,,,,,,,,,,,,,,,,,,,,,,,,,,,
LLDP:  Passed,US-PHX01,c160:289:35,t1b-gg1-c2-01-r289-us-west-02b,SN4700,swp1,,,QSFPDD-400G-DR4,,US-PHX01,c160:289:42,t0-gg1-c2-01-r289-us-west-02b,SN4700,swp30,,,,QSFPDD-400G-DR4,MPO8-SMF,,,,,,,,,,,,,,
LLDP:  Passed,US-PHX01,c160:289:35,t1b-gg1-c2-01-r289-us-west-02b,SN4700,swp2,,,QSFPDD-400G-DR4,,US-PHX01,c160:289:40,t0-gg1-c2-02-r289-us-west-02b,SN4700,swp30,,,,QSFPDD-400G-DR4,MPO8-SMF,,,,,,,,,,,,,,
LLDP:  Passed,US-PHX01,c160:289:35,t1b-gg1-c2-01-r289-us-west-02b,SN4700,swp3,,,QSFPDD-400G-DR4,,US-PHX01,c160:305:42,t0-gg1-c2-01-r305-us-west-02b,SN4700,swp30,,,,QSFPDD-400G-DR4,MPO8-SMF,,,,,,,,,,,,,,
LLDP:  Passed,US-PHX01,c160:289:35,t1b-gg1-c2-01-r289-us-west-02b,SN4700,swp4,,,QSFPDD-400G-DR4,,US-PHX01,c160:305:40,t0-gg1-c2-02-r305-us-west-02b,SN4700,swp30,,,,QSFPDD-400G-DR4,MPO8-SMF,,,,,,,,,,,,,,
LLDP:  Passed,US-PHX01,c160:289:35,t1b-gg1-c2-01-r289-us-west-02b,SN4700,swp5,,,QSFPDD-400G-DR4,,US-PHX01,c160:321:44,t0-gg1-c2-01-r321-us-west-02b,SN4700,swp30,,,,QSFPDD-400G-DR4,MPO8-SMF,,,,,,,,,,,,,,
LLDP:  Passed,US-PHX01,c160:289:35,t1b-gg1-c2-01-r289-us-west-02b,SN4700,swp6,,,QSFPDD-400G-DR4,,US-PHX01,c160:321:42,t0-gg1-c2-02-r321-us-west-02b,SN4700,swp30,,,,QSFPDD-400G-DR4,MPO8-SMF,,,,,,,,,,,,,,
LLDP:  Passed,US-PHX01,c160:289:35,t1b-gg1-c2-01-r289-us-west-02b,SN4700,swp7,,,QSFPDD-400G-DR4,,US-PHX01,c160:337:44,t0-gg1-c2-01-r337-us-west-02b,SN4700,swp30,,,,QSFPDD-400G-DR4,MPO8-SMF,,,,,,,,,,,,,,
LLDP:  Passed,US-PHX01,c160:289:35,t1b-gg1-c2-01-r289-us-west-02b,SN4700,swp8,,,QSFPDD-400G-DR4,,US-PHX01,c160:337:42,t0-gg1-c2-02-r337-us-west-02b,SN4700,swp30,,,,QSFPDD-400G-DR4,MPO8-SMF,,,,,,,,,,,,,,
,,,,,,,,,,,,,,,,,,,,,,,,,,,,,,,,,
LLDP:  Passed,US-PHX01,c160:289:33,t1c-gg1-c2-01-r289-us-west-02b,SN4700,swp1,,,QSFPDD-400G-DR4,,US-PHX01,c160:289:42,t0-gg1-c2-01-r289-us-west-02b,SN4700,swp31,,,,QSFPDD-400G-DR4,MPO8-SMF,,,,,,,,,,,,,,
LLDP:  Passed,US-PHX01,c160:289:33,t1c-gg1-c2-01-r289-us-west-02b,SN4700,swp2,,,QSFPDD-400G-DR4,,US-PHX01,c160:289:40,t0-gg1-c2-02-r289-us-west-02b,SN4700,swp31,,,,QSFPDD-400G-DR4,MPO8-SMF,,,,,,,,,,,,,,
LLDP:  Passed,US-PHX01,c160:289:33,t1c-gg1-c2-01-r289-us-west-02b,SN4700,swp3,,,QSFPDD-400G-DR4,,US-PHX01,c160:305:42,t0-gg1-c2-01-r305-us-west-02b,SN4700,swp31,,,,QSFPDD-400G-DR4,MPO8-SMF,,,,,,,,,,,,,,
LLDP:  Passed,US-PHX01,c160:289:33,t1c-gg1-c2-01-r289-us-west-02b,SN4700,swp4,,,QSFPDD-400G-DR4,,US-PHX01,c160:305:40,t0-gg1-c2-02-r305-us-west-02b,SN4700,swp31,,,,QSFPDD-400G-DR4,MPO8-SMF,,,,,,,,,,,,,,
LLDP:  Passed,US-PHX01,c160:289:33,t1c-gg1-c2-01-r289-us-west-02b,SN4700,swp5,,,QSFPDD-400G-DR4,,US-PHX01,c160:321:44,t0-gg1-c2-01-r321-us-west-02b,SN4700,swp31,,,,QSFPDD-400G-DR4,MPO8-SMF,,,,,,,,,,,,,,
LLDP:  Passed,US-PHX01,c160:289:33,t1c-gg1-c2-01-r289-us-west-02b,SN4700,swp6,,,QSFPDD-400G-DR4,,US-PHX01,c160:321:42,t0-gg1-c2-02-r321-us-west-02b,SN4700,swp31,,,,QSFPDD-400G-DR4,MPO8-SMF,,,,,,,,,,,,,,
LLDP:  Passed,US-PHX01,c160:289:33,t1c-gg1-c2-01-r289-us-west-02b,SN4700,swp7,,,QSFPDD-400G-DR4,,US-PHX01,c160:337:44,t0-gg1-c2-01-r337-us-west-02b,SN4700,swp31,,,,QSFPDD-400G-DR4,MPO8-SMF,,,,,,,,,,,,,,
LLDP:  Passed,US-PHX01,c160:289:33,t1c-gg1-c2-01-r289-us-west-02b,SN4700,swp8,,,QSFPDD-400G-DR4,,US-PHX01,c160:337:42,t0-gg1-c2-02-r337-us-west-02b,SN4700,swp31,,,,QSFPDD-400G-DR4,MPO8-SMF,,,,,,,,,,,,,,
,,,,,,,,,,,,,,,,,,,,,,,,,,,,,,,,,
LLDP:  Passed,US-PHX01,c160:289:31,t1d-gg1-c2-01-r289-us-west-02b,SN4700,swp1,,,QSFPDD-400G-DR4,,US-PHX01,c160:289:42,t0-gg1-c2-01-r289-us-west-02b,SN4700,swp32,,,,QSFPDD-400G-DR4,MPO8-SMF,,,,,,,,,,,,,,
LLDP:  Passed,US-PHX01,c160:289:31,t1d-gg1-c2-01-r289-us-west-02b,SN4700,swp2,,,QSFPDD-400G-DR4,,US-PHX01,c160:289:40,t0-gg1-c2-02-r289-us-west-02b,SN4700,swp32,,,,QSFPDD-400G-DR4,MPO8-SMF,,,,,,,,,,,,,,
LLDP:  Passed,US-PHX01,c160:289:31,t1d-gg1-c2-01-r289-us-west-02b,SN4700,swp3,,,QSFPDD-400G-DR4,,US-PHX01,c160:305:42,t0-gg1-c2-01-r305-us-west-02b,SN4700,swp32,,,,QSFPDD-400G-DR4,MPO8-SMF,,,,,,,,,,,,,,
LLDP:  Passed,US-PHX01,c160:289:31,t1d-gg1-c2-01-r289-us-west-02b,SN4700,swp4,,,QSFPDD-400G-DR4,,US-PHX01,c160:305:40,t0-gg1-c2-02-r305-us-west-02b,SN4700,swp32,,,,QSFPDD-400G-DR4,MPO8-SMF,,,,,,,,,,,,,,
LLDP:  Passed,US-PHX01,c160:289:31,t1d-gg1-c2-01-r289-us-west-02b,SN4700,swp5,,,QSFPDD-400G-DR4,,US-PHX01,c160:321:44,t0-gg1-c2-01-r321-us-west-02b,SN4700,swp32,,,,QSFPDD-400G-DR4,MPO8-SMF,,,,,,,,,,,,,,
LLDP:  Passed,US-PHX01,c160:289:31,t1d-gg1-c2-01-r289-us-west-02b,SN4700,swp6,,,QSFPDD-400G-DR4,,US-PHX01,c160:321:42,t0-gg1-c2-02-r321-us-west-02b,SN4700,swp32,,,,QSFPDD-400G-DR4,MPO8-SMF,,,,,,,,,,,,,,
LLDP:  Passed,US-PHX01,c160:289:31,t1d-gg1-c2-01-r289-us-west-02b,SN4700,swp7,,,QSFPDD-400G-DR4,,US-PHX01,c160:337:44,t0-gg1-c2-01-r337-us-west-02b,SN4700,swp32,,,,QSFPDD-400G-DR4,MPO8-SMF,,,,,,,,,,,,,,
LLDP:  Passed,US-PHX01,c160:289:31,t1d-gg1-c2-01-r289-us-west-02b,SN4700,swp8,,,QSFPDD-400G-DR4,,US-PHX01,c160:337:42,t0-gg1-c2-02-r337-us-west-02b,SN4700,swp32,,,,QSFPDD-400G-DR4,MPO8-SMF,,,,,,,,,,,,,,
,,,,,,,,,,,,,,,,,,,,,,,,,,,,,,,,,
TIER-1 to TIER-0 GG1-C3,,,,,,,,,,,,,,,,,,,,,,,,,,,,,,,,,
LLDP:  Passed,US-PHX01,c160:385:37,t1a-gg1-c3-01-r385-us-west-02b,SN4700,swp1,,,QSFPDD-400G-DR4,,US-PHX01,c160:385:42,t0-gg1-c3-01-r385-us-west-02b,SN4700,swp29,,,,QSFPDD-400G-DR4,MPO8-SMF,,,,,,,,,,,,,,
LLDP:  Passed,US-PHX01,c160:385:37,t1a-gg1-c3-01-r385-us-west-02b,SN4700,swp2,,,QSFPDD-400G-DR4,,US-PHX01,c160:385:40,t0-gg1-c3-02-r385-us-west-02b,SN4700,swp29,,,,QSFPDD-400G-DR4,MPO8-SMF,,,,,,,,,,,,,,
LLDP:  Passed,US-PHX01,c160:385:37,t1a-gg1-c3-01-r385-us-west-02b,SN4700,swp3,,,QSFPDD-400G-DR4,,US-PHX01,c160:401:44,t0-gg1-c3-01-r401-us-west-02b,SN4700,swp29,,,,QSFPDD-400G-DR4,MPO8-SMF,,,,,,,,,,,,,,
LLDP:  Passed,US-PHX01,c160:385:37,t1a-gg1-c3-01-r385-us-west-02b,SN4700,swp4,,,QSFPDD-400G-DR4,,US-PHX01,c160:401:42,t0-gg1-c3-02-r401-us-west-02b,SN4700,swp29,,,,QSFPDD-400G-DR4,MPO8-SMF,,,,,,,,,,,,,,
LLDP:  Passed,US-PHX01,c160:385:37,t1a-gg1-c3-01-r385-us-west-02b,SN4700,swp5,,,QSFPDD-400G-DR4,,US-PHX01,c160:417:42,t0-gg1-c3-01-r417-us-west-02b,SN4700,swp29,,,,QSFPDD-400G-DR4,MPO8-SMF,,,,,,,,,,,,,,
LLDP:  Passed,US-PHX01,c160:385:37,t1a-gg1-c3-01-r385-us-west-02b,SN4700,swp6,,,QSFPDD-400G-DR4,,US-PHX01,c160:417:40,t0-gg1-c3-02-r417-us-west-02b,SN4700,swp29,,,,QSFPDD-400G-DR4,MPO8-SMF,,,,,,,,,,,,,,
LLDP:  Passed,US-PHX01,c160:385:37,t1a-gg1-c3-01-r385-us-west-02b,SN4700,swp7,,,QSFPDD-400G-DR4,,US-PHX01,c160:433:44,t0-gg1-c3-01-r433-us-west-02b,SN4700,swp29,,,,QSFPDD-400G-DR4,MPO8-SMF,,,,,,,,,,,,,,
LLDP:  Passed,US-PHX01,c160:385:37,t1a-gg1-c3-01-r385-us-west-02b,SN4700,swp8,,,QSFPDD-400G-DR4,,US-PHX01,c160:433:42,t0-gg1-c3-02-r433-us-west-02b,SN4700,swp29,,,,QSFPDD-400G-DR4,MPO8-SMF,,,,,,,,,,,,,,
,,,,,,,,,,,,,,,,,,,,,,,,,,,,,,,,,
LLDP:  Passed,US-PHX01,c160:385:35,t1b-gg1-c3-01-r385-us-west-02b,SN4700,swp1,,,QSFPDD-400G-DR4,,US-PHX01,c160:385:42,t0-gg1-c3-01-r385-us-west-02b,SN4700,swp30,,,,QSFPDD-400G-DR4,MPO8-SMF,,,,,,,,,,,,,,
LLDP:  Passed,US-PHX01,c160:385:35,t1b-gg1-c3-01-r385-us-west-02b,SN4700,swp2,,,QSFPDD-400G-DR4,,US-PHX01,c160:385:40,t0-gg1-c3-02-r385-us-west-02b,SN4700,swp30,,,,QSFPDD-400G-DR4,MPO8-SMF,,,,,,,,,,,,,,
LLDP:  Passed,US-PHX01,c160:385:35,t1b-gg1-c3-01-r385-us-west-02b,SN4700,swp3,,,QSFPDD-400G-DR4,,US-PHX01,c160:401:44,t0-gg1-c3-01-r401-us-west-02b,SN4700,swp30,,,,QSFPDD-400G-DR4,MPO8-SMF,,,,,,,,,,,,,,
LLDP:  Passed,US-PHX01,c160:385:35,t1b-gg1-c3-01-r385-us-west-02b,SN4700,swp4,,,QSFPDD-400G-DR4,,US-PHX01,c160:401:42,t0-gg1-c3-02-r401-us-west-02b,SN4700,swp30,,,,QSFPDD-400G-DR4,MPO8-SMF,,,,,,,,,,,,,,
LLDP:  Passed,US-PHX01,c160:385:35,t1b-gg1-c3-01-r385-us-west-02b,SN4700,swp5,,,QSFPDD-400G-DR4,,US-PHX01,c160:417:42,t0-gg1-c3-01-r417-us-west-02b,SN4700,swp30,,,,QSFPDD-400G-DR4,MPO8-SMF,,,,,,,,,,,,,,
LLDP:  Passed,US-PHX01,c160:385:35,t1b-gg1-c3-01-r385-us-west-02b,SN4700,swp6,,,QSFPDD-400G-DR4,,US-PHX01,c160:417:40,t0-gg1-c3-02-r417-us-west-02b,SN4700,swp30,,,,QSFPDD-400G-DR4,MPO8-SMF,,,,,,,,,,,,,,
LLDP:  Passed,US-PHX01,c160:385:35,t1b-gg1-c3-01-r385-us-west-02b,SN4700,swp7,,,QSFPDD-400G-DR4,,US-PHX01,c160:433:44,t0-gg1-c3-01-r433-us-west-02b,SN4700,swp30,,,,QSFPDD-400G-DR4,MPO8-SMF,,,,,,,,,,,,,,
LLDP:  Passed,US-PHX01,c160:385:35,t1b-gg1-c3-01-r385-us-west-02b,SN4700,swp8,,,QSFPDD-400G-DR4,,US-PHX01,c160:433:42,t0-gg1-c3-02-r433-us-west-02b,SN4700,swp30,,,,QSFPDD-400G-DR4,MPO8-SMF,,,,,,,,,,,,,,
,,,,,,,,,,,,,,,,,,,,,,,,,,,,,,,,,
LLDP:  Passed,US-PHX01,c160:385:33,t1c-gg1-c3-01-r385-us-west-02b,SN4700,swp1,,,QSFPDD-400G-DR4,,US-PHX01,c160:385:42,t0-gg1-c3-01-r385-us-west-02b,SN4700,swp31,,,,QSFPDD-400G-DR4,MPO8-SMF,,,,,,,,,,,,,,
LLDP:  Passed,US-PHX01,c160:385:33,t1c-gg1-c3-01-r385-us-west-02b,SN4700,swp2,,,QSFPDD-400G-DR4,,US-PHX01,c160:385:40,t0-gg1-c3-02-r385-us-west-02b,SN4700,swp31,,,,QSFPDD-400G-DR4,MPO8-SMF,,,,,,,,,,,,,,
LLDP:  Passed,US-PHX01,c160:385:33,t1c-gg1-c3-01-r385-us-west-02b,SN4700,swp3,,,QSFPDD-400G-DR4,,US-PHX01,c160:401:44,t0-gg1-c3-01-r401-us-west-02b,SN4700,swp31,,,,QSFPDD-400G-DR4,MPO8-SMF,,,,,,,,,,,,,,
LLDP:  Passed,US-PHX01,c160:385:33,t1c-gg1-c3-01-r385-us-west-02b,SN4700,swp4,,,QSFPDD-400G-DR4,,US-PHX01,c160:401:42,t0-gg1-c3-02-r401-us-west-02b,SN4700,swp31,,,,QSFPDD-400G-DR4,MPO8-SMF,,,,,,,,,,,,,,
LLDP:  Passed,US-PHX01,c160:385:33,t1c-gg1-c3-01-r385-us-west-02b,SN4700,swp5,,,QSFPDD-400G-DR4,,US-PHX01,c160:417:42,t0-gg1-c3-01-r417-us-west-02b,SN4700,swp31,,,,QSFPDD-400G-DR4,MPO8-SMF,,,,,,,,,,,,,,
LLDP:  Passed,US-PHX01,c160:385:33,t1c-gg1-c3-01-r385-us-west-02b,SN4700,swp6,,,QSFPDD-400G-DR4,,US-PHX01,c160:417:40,t0-gg1-c3-02-r417-us-west-02b,SN4700,swp31,,,,QSFPDD-400G-DR4,MPO8-SMF,,,,,,,,,,,,,,
LLDP:  Passed,US-PHX01,c160:385:33,t1c-gg1-c3-01-r385-us-west-02b,SN4700,swp7,,,QSFPDD-400G-DR4,,US-PHX01,c160:433:44,t0-gg1-c3-01-r433-us-west-02b,SN4700,swp31,,,,QSFPDD-400G-DR4,MPO8-SMF,,,,,,,,,,,,,,
LLDP:  Passed,US-PHX01,c160:385:33,t1c-gg1-c3-01-r385-us-west-02b,SN4700,swp8,,,QSFPDD-400G-DR4,,US-PHX01,c160:433:42,t0-gg1-c3-02-r433-us-west-02b,SN4700,swp31,,,,QSFPDD-400G-DR4,MPO8-SMF,,,,,,,,,,,,,,
,,,,,,,,,,,,,,,,,,,,,,,,,,,,,,,,,
LLDP:  Passed,US-PHX01,c160:385:31,t1d-gg1-c3-01-r385-us-west-02b,SN4700,swp1,,,QSFPDD-400G-DR4,,US-PHX01,c160:385:42,t0-gg1-c3-01-r385-us-west-02b,SN4700,swp32,,,,QSFPDD-400G-DR4,MPO8-SMF,,,,,,,,,,,,,,
LLDP:  Passed,US-PHX01,c160:385:31,t1d-gg1-c3-01-r385-us-west-02b,SN4700,swp2,,,QSFPDD-400G-DR4,,US-PHX01,c160:385:40,t0-gg1-c3-02-r385-us-west-02b,SN4700,swp32,,,,QSFPDD-400G-DR4,MPO8-SMF,,,,,,,,,,,,,,
LLDP:  Passed,US-PHX01,c160:385:31,t1d-gg1-c3-01-r385-us-west-02b,SN4700,swp3,,,QSFPDD-400G-DR4,,US-PHX01,c160:401:44,t0-gg1-c3-01-r401-us-west-02b,SN4700,swp32,,,,QSFPDD-400G-DR4,MPO8-SMF,,,,,,,,,,,,,,
LLDP:  Passed,US-PHX01,c160:385:31,t1d-gg1-c3-01-r385-us-west-02b,SN4700,swp4,,,QSFPDD-400G-DR4,,US-PHX01,c160:401:42,t0-gg1-c3-02-r401-us-west-02b,SN4700,swp32,,,,QSFPDD-400G-DR4,MPO8-SMF,,,,,,,,,,,,,,
LLDP:  Passed,US-PHX01,c160:385:31,t1d-gg1-c3-01-r385-us-west-02b,SN4700,swp5,,,QSFPDD-400G-DR4,,US-PHX01,c160:417:42,t0-gg1-c3-01-r417-us-west-02b,SN4700,swp32,,,,QSFPDD-400G-DR4,MPO8-SMF,,,,,,,,,,,,,,
LLDP:  Passed,US-PHX01,c160:385:31,t1d-gg1-c3-01-r385-us-west-02b,SN4700,swp6,,,QSFPDD-400G-DR4,,US-PHX01,c160:417:40,t0-gg1-c3-02-r417-us-west-02b,SN4700,swp32,,,,QSFPDD-400G-DR4,MPO8-SMF,,,,,,,,,,,,,,
LLDP:  Passed,US-PHX01,c160:385:31,t1d-gg1-c3-01-r385-us-west-02b,SN4700,swp7,,,QSFPDD-400G-DR4,,US-PHX01,c160:433:44,t0-gg1-c3-01-r433-us-west-02b,SN4700,swp32,,,,QSFPDD-400G-DR4,MPO8-SMF,,,,,,,,,,,,,,
LLDP:  Passed,US-PHX01,c160:385:31,t1d-gg1-c3-01-r385-us-west-02b,SN4700,swp8,,,QSFPDD-400G-DR4,,US-PHX01,c160:433:42,t0-gg1-c3-02-r433-us-west-02b,SN4700,swp32,,,,QSFPDD-400G-DR4,MPO8-SMF,,,,,,,,,,,,,,
,,,,,,,,,,,,,,,,,,,,,,,,,,,,,,,,,
TIER-1 to TIER-0 GG1-C4,,,,,,,,,,,,,,,,,,,,,,,,,,,,,,,,,
LLDP:  Passed,US-PHX01,c160:449:37,t1a-gg1-c4-01-r449-us-west-02b,SN4700,swp1,,,QSFPDD-400G-DR4,,US-PHX01,c160:449:42,t0-gg1-c4-01-r449-us-west-02b,SN4700,swp29,,,,QSFPDD-400G-DR4,MPO8-SMF,,,,,,,,,,,,,,
LLDP:  Passed,US-PHX01,c160:449:37,t1a-gg1-c4-01-r449-us-west-02b,SN4700,swp2,,,QSFPDD-400G-DR4,,US-PHX01,c160:449:40,t0-gg1-c4-02-r449-us-west-02b,SN4700,swp29,,,,QSFPDD-400G-DR4,MPO8-SMF,,,,,,,,,,,,,,
LLDP:  Passed,US-PHX01,c160:449:37,t1a-gg1-c4-01-r449-us-west-02b,SN4700,swp3,,,QSFPDD-400G-DR4,,US-PHX01,c160:465:44,t0-gg1-c4-01-r465-us-west-02b,SN4700,swp29,,,,QSFPDD-400G-DR4,MPO8-SMF,,,,,,,,,,,,,,
LLDP:  Passed,US-PHX01,c160:449:37,t1a-gg1-c4-01-r449-us-west-02b,SN4700,swp4,,,QSFPDD-400G-DR4,,US-PHX01,c160:465:42,t0-gg1-c4-02-r465-us-west-02b,SN4700,swp29,,,,QSFPDD-400G-DR4,MPO8-SMF,,,,,,,,,,,,,,
LLDP:  Passed,US-PHX01,c160:449:37,t1a-gg1-c4-01-r449-us-west-02b,SN4700,swp5,,,QSFPDD-400G-DR4,,US-PHX01,c160:481:42,t0-gg1-c4-01-r481-us-west-02b,SN4700,swp29,,,,QSFPDD-400G-DR4,MPO8-SMF,,,,,,,,,,,,,,
LLDP:  Passed,US-PHX01,c160:449:37,t1a-gg1-c4-01-r449-us-west-02b,SN4700,swp6,,,QSFPDD-400G-DR4,,US-PHX01,c160:481:40,t0-gg1-c4-02-r481-us-west-02b,SN4700,swp29,,,,QSFPDD-400G-DR4,MPO8-SMF,,,,,,,,,,,,,,
LLDP:  Passed,US-PHX01,c160:449:37,t1a-gg1-c4-01-r449-us-west-02b,SN4700,swp7,,,QSFPDD-400G-DR4,,US-PHX01,c160:497:42,t0-gg1-c4-01-r497-us-west-02b,SN4700,swp29,,,,QSFPDD-400G-DR4,MPO8-SMF,,,,,,,,,,,,,,
LLDP:  Passed,US-PHX01,c160:449:37,t1a-gg1-c4-01-r449-us-west-02b,SN4700,swp8,,,QSFPDD-400G-DR4,,US-PHX01,c160:497:40,t0-gg1-c4-02-r497-us-west-02b,SN4700,swp29,,,,QSFPDD-400G-DR4,MPO8-SMF,,,,,,,,,,,,,,
,,,,,,,,,,,,,,,,,,,,,,,,,,,,,,,,,
LLDP:  Passed,US-PHX01,c160:449:35,t1b-gg1-c4-01-r449-us-west-02b,SN4700,swp1,,,QSFPDD-400G-DR4,,US-PHX01,c160:449:42,t0-gg1-c4-01-r449-us-west-02b,SN4700,swp30,,,,QSFPDD-400G-DR4,MPO8-SMF,,,,,,,,,,,,,,
LLDP:  Passed,US-PHX01,c160:449:35,t1b-gg1-c4-01-r449-us-west-02b,SN4700,swp2,,,QSFPDD-400G-DR4,,US-PHX01,c160:449:40,t0-gg1-c4-02-r449-us-west-02b,SN4700,swp30,,,,QSFPDD-400G-DR4,MPO8-SMF,,,,,,,,,,,,,,
LLDP:  Passed,US-PHX01,c160:449:35,t1b-gg1-c4-01-r449-us-west-02b,SN4700,swp3,,,QSFPDD-400G-DR4,,US-PHX01,c160:465:44,t0-gg1-c4-01-r465-us-west-02b,SN4700,swp30,,,,QSFPDD-400G-DR4,MPO8-SMF,,,,,,,,,,,,,,
LLDP:  Passed,US-PHX01,c160:449:35,t1b-gg1-c4-01-r449-us-west-02b,SN4700,swp4,,,QSFPDD-400G-DR4,,US-PHX01,c160:465:42,t0-gg1-c4-02-r465-us-west-02b,SN4700,swp30,,,,QSFPDD-400G-DR4,MPO8-SMF,,,,,,,,,,,,,,
LLDP:  Passed,US-PHX01,c160:449:35,t1b-gg1-c4-01-r449-us-west-02b,SN4700,swp5,,,QSFPDD-400G-DR4,,US-PHX01,c160:481:42,t0-gg1-c4-01-r481-us-west-02b,SN4700,swp30,,,,QSFPDD-400G-DR4,MPO8-SMF,,,,,,,,,,,,,,
LLDP:  Passed,US-PHX01,c160:449:35,t1b-gg1-c4-01-r449-us-west-02b,SN4700,swp6,,,QSFPDD-400G-DR4,,US-PHX01,c160:481:40,t0-gg1-c4-02-r481-us-west-02b,SN4700,swp30,,,,QSFPDD-400G-DR4,MPO8-SMF,,,,,,,,,,,,,,
LLDP:  Passed,US-PHX01,c160:449:35,t1b-gg1-c4-01-r449-us-west-02b,SN4700,swp7,,,QSFPDD-400G-DR4,,US-PHX01,c160:497:42,t0-gg1-c4-01-r497-us-west-02b,SN4700,swp30,,,,QSFPDD-400G-DR4,MPO8-SMF,,,,,,,,,,,,,,
LLDP:  Passed,US-PHX01,c160:449:35,t1b-gg1-c4-01-r449-us-west-02b,SN4700,swp8,,,QSFPDD-400G-DR4,,US-PHX01,c160:497:40,t0-gg1-c4-02-r497-us-west-02b,SN4700,swp30,,,,QSFPDD-400G-DR4,MPO8-SMF,,,,,,,,,,,,,,
,,,,,,,,,,,,,,,,,,,,,,,,,,,,,,,,,
LLDP:  Passed,US-PHX01,c160:449:33,t1c-gg1-c4-01-r449-us-west-02b,SN4700,swp1,,,QSFPDD-400G-DR4,,US-PHX01,c160:449:42,t0-gg1-c4-01-r449-us-west-02b,SN4700,swp31,,,,QSFPDD-400G-DR4,MPO8-SMF,,,,,,,,,,,,,,
LLDP:  Passed,US-PHX01,c160:449:33,t1c-gg1-c4-01-r449-us-west-02b,SN4700,swp2,,,QSFPDD-400G-DR4,,US-PHX01,c160:449:40,t0-gg1-c4-02-r449-us-west-02b,SN4700,swp31,,,,QSFPDD-400G-DR4,MPO8-SMF,,,,,,,,,,,,,,
LLDP:  Passed,US-PHX01,c160:449:33,t1c-gg1-c4-01-r449-us-west-02b,SN4700,swp3,,,QSFPDD-400G-DR4,,US-PHX01,c160:465:44,t0-gg1-c4-01-r465-us-west-02b,SN4700,swp31,,,,QSFPDD-400G-DR4,MPO8-SMF,,,,,,,,,,,,,,
LLDP:  Passed,US-PHX01,c160:449:33,t1c-gg1-c4-01-r449-us-west-02b,SN4700,swp4,,,QSFPDD-400G-DR4,,US-PHX01,c160:465:42,t0-gg1-c4-02-r465-us-west-02b,SN4700,swp31,,,,QSFPDD-400G-DR4,MPO8-SMF,,,,,,,,,,,,,,
LLDP:  Passed,US-PHX01,c160:449:33,t1c-gg1-c4-01-r449-us-west-02b,SN4700,swp5,,,QSFPDD-400G-DR4,,US-PHX01,c160:481:42,t0-gg1-c4-01-r481-us-west-02b,SN4700,swp31,,,,QSFPDD-400G-DR4,MPO8-SMF,,,,,,,,,,,,,,
LLDP:  Passed,US-PHX01,c160:449:33,t1c-gg1-c4-01-r449-us-west-02b,SN4700,swp6,,,QSFPDD-400G-DR4,,US-PHX01,c160:481:40,t0-gg1-c4-02-r481-us-west-02b,SN4700,swp31,,,,QSFPDD-400G-DR4,MPO8-SMF,,,,,,,,,,,,,,
LLDP:  Passed,US-PHX01,c160:449:33,t1c-gg1-c4-01-r449-us-west-02b,SN4700,swp7,,,QSFPDD-400G-DR4,,US-PHX01,c160:497:42,t0-gg1-c4-01-r497-us-west-02b,SN4700,swp31,,,,QSFPDD-400G-DR4,MPO8-SMF,,,,,,,,,,,,,,
LLDP:  Passed,US-PHX01,c160:449:33,t1c-gg1-c4-01-r449-us-west-02b,SN4700,swp8,,,QSFPDD-400G-DR4,,US-PHX01,c160:497:40,t0-gg1-c4-02-r497-us-west-02b,SN4700,swp31,,,,QSFPDD-400G-DR4,MPO8-SMF,,,,,,,,,,,,,,
,,,,,,,,,,,,,,,,,,,,,,,,,,,,,,,,,
LLDP:  Passed,US-PHX01,c160:449:31,t1d-gg1-c4-01-r449-us-west-02b,SN4700,swp1,,,QSFPDD-400G-DR4,,US-PHX01,c160:449:42,t0-gg1-c4-01-r449-us-west-02b,SN4700,swp32,,,,QSFPDD-400G-DR4,MPO8-SMF,,,,,,,,,,,,,,
LLDP:  Passed,US-PHX01,c160:449:31,t1d-gg1-c4-01-r449-us-west-02b,SN4700,swp2,,,QSFPDD-400G-DR4,,US-PHX01,c160:449:40,t0-gg1-c4-02-r449-us-west-02b,SN4700,swp32,,,,QSFPDD-400G-DR4,MPO8-SMF,,,,,,,,,,,,,,
LLDP:  Passed,US-PHX01,c160:449:31,t1d-gg1-c4-01-r449-us-west-02b,SN4700,swp3,,,QSFPDD-400G-DR4,,US-PHX01,c160:465:44,t0-gg1-c4-01-r465-us-west-02b,SN4700,swp32,,,,QSFPDD-400G-DR4,MPO8-SMF,,,,,,,,,,,,,,
LLDP:  Passed,US-PHX01,c160:449:31,t1d-gg1-c4-01-r449-us-west-02b,SN4700,swp4,,,QSFPDD-400G-DR4,,US-PHX01,c160:465:42,t0-gg1-c4-02-r465-us-west-02b,SN4700,swp32,,,,QSFPDD-400G-DR4,MPO8-SMF,,,,,,,,,,,,,,
LLDP:  Passed,US-PHX01,c160:449:31,t1d-gg1-c4-01-r449-us-west-02b,SN4700,swp5,,,QSFPDD-400G-DR4,,US-PHX01,c160:481:42,t0-gg1-c4-01-r481-us-west-02b,SN4700,swp32,,,,QSFPDD-400G-DR4,MPO8-SMF,,,,,,,,,,,,,,
LLDP:  Passed,US-PHX01,c160:449:31,t1d-gg1-c4-01-r449-us-west-02b,SN4700,swp6,,,QSFPDD-400G-DR4,,US-PHX01,c160:481:40,t0-gg1-c4-02-r481-us-west-02b,SN4700,swp32,,,,QSFPDD-400G-DR4,MPO8-SMF,,,,,,,,,,,,,,
LLDP:  Passed,US-PHX01,c160:449:31,t1d-gg1-c4-01-r449-us-west-02b,SN4700,swp7,,,QSFPDD-400G-DR4,,US-PHX01,c160:497:42,t0-gg1-c4-01-r497-us-west-02b,SN4700,swp32,,,,QSFPDD-400G-DR4,MPO8-SMF,,,,,,,,,,,,,,
LLDP:  Passed,US-PHX01,c160:449:31,t1d-gg1-c4-01-r449-us-west-02b,SN4700,swp8,,,QSFPDD-400G-DR4,,US-PHX01,c160:497:40,t0-gg1-c4-02-r497-us-west-02b,SN4700,swp32,,,,QSFPDD-400G-DR4,MPO8-SMF,,,,,,,,,,,,,,
,,,,,,,,,,,,,,,,,,,,,,,,,,,,,,,,,
,,,,,,,,,,,,,,,,,,,,,,,,,,,,,,,,,
C160 :: ROW-01 - CAB-018,,,,,,,,,,,,,,,,,,,,,,,,,,,,,,,,,
LLDP:  Passed,US-PHX01,c160:018:48,t0-gg1-a1-01-r018-us-west-02b,SN3700,swp1,,,QSFP28-100G-DR1,,US-PHX01,c160:018:31,c160-r018-node-01-us-west-02b,CPU-GP2-02,p0,,,,QSFP28-100G-DR1,LC-TO-LC SMF,,,,,,,,,,,,,,
LLDP:  Passed,US-PHX01,c160:018:48,t0-gg1-a1-01-r018-us-west-02b,SN3700,swp2,,,QSFP28-100G-DR1,,US-PHX01,c160:018:29,c160-r018-node-02-us-west-02b,CPU-GP2-02,p0,,,,QSFP28-100G-DR1,LC-TO-LC SMF,,,,,,,,,,,,,,
LLDP:  Passed,US-PHX01,c160:018:48,t0-gg1-a1-01-r018-us-west-02b,SN3700,swp3,,,QSFP28-100G-DR1,,US-PHX01,c160:018:27,c160-r018-node-03-us-west-02b,CPU-GP2-02,p0,,,,QSFP28-100G-DR1,LC-TO-LC SMF,,,,,,,,,,,,,,
LLDP:  Passed,US-PHX01,c160:018:48,t0-gg1-a1-01-r018-us-west-02b,SN3700,swp4,,,QSFP28-100G-DR1,,US-PHX01,c160:018:25,c160-r018-node-04-us-west-02b,CPU-GP2-02,p0,,,,QSFP28-100G-DR1,LC-TO-LC SMF,,,,,,,,,,,,,,
LLDP:  Passed,US-PHX01,c160:018:48,t0-gg1-a1-01-r018-us-west-02b,SN3700,swp5,,,QSFP28-100G-DR1,,US-PHX01,c160:018:23,c160-r018-node-05-us-west-02b,CPU-GP2-02,p0,,,,QSFP28-100G-DR1,LC-TO-LC SMF,,,,,,,,,,,,,,
LLDP:  Passed,US-PHX01,c160:018:48,t0-gg1-a1-01-r018-us-west-02b,SN3700,swp6,,,QSFP28-100G-DR1,,US-PHX01,c160:018:21,c160-r018-node-06-us-west-02b,CPU-GP2-02,p0,,,,QSFP28-100G-DR1,LC-TO-LC SMF,,,,,,,,,,,,,,
LLDP:  Passed,US-PHX01,c160:018:48,t0-gg1-a1-01-r018-us-west-02b,SN3700,swp7,,,QSFP28-100G-DR1,,US-PHX01,c160:018:19,c160-r018-node-07-us-west-02b,CPU-GP2-02,p0,,,,QSFP28-100G-DR1,LC-TO-LC SMF,,,,,,,,,,,,,,
LLDP:  Passed,US-PHX01,c160:018:48,t0-gg1-a1-01-r018-us-west-02b,SN3700,swp8,,,QSFP28-100G-DR1,,US-PHX01,c160:018:17,c160-r018-node-08-us-west-02b,CPU-GP2-02,p0,,,,QSFP28-100G-DR1,LC-TO-LC SMF,,,,,,,,,,,,,,
LLDP:  Passed,US-PHX01,c160:018:48,t0-gg1-a1-01-r018-us-west-02b,SN3700,swp9,,,QSFP28-100G-DR1,,US-PHX01,c160:018:15,c160-r018-node-09-us-west-02b,CPU-GP2-02,p0,,,,QSFP28-100G-DR1,LC-TO-LC SMF,,,,,,,,,,,,,,
LLDP:  Passed,US-PHX01,c160:018:48,t0-gg1-a1-01-r018-us-west-02b,SN3700,swp10,,,QSFP28-100G-DR1,,US-PHX01,c160:018:13,c160-r018-node-10-us-west-02b,CPU-GP2-02,p0,,,,QSFP28-100G-DR1,LC-TO-LC SMF,,,,,,,,,,,,,,
LLDP:  Passed,US-PHX01,c160:018:48,t0-gg1-a1-01-r018-us-west-02b,SN3700,swp11,,,QSFP28-100G-DR1,,US-PHX01,c160:018:11,c160-r018-node-11-us-west-02b,CPU-GP2-02,p0,,,,QSFP28-100G-DR1,LC-TO-LC SMF,,,,,,,,,,,,,,
LLDP:  Passed,US-PHX01,c160:018:48,t0-gg1-a1-01-r018-us-west-02b,SN3700,swp12,,,QSFP28-100G-DR1,,US-PHX01,c160:018:09,c160-r018-node-12-us-west-02b,CPU-GP2-02,p0,,,,QSFP28-100G-DR1,LC-TO-LC SMF,,,,,,,,,,,,,,
LLDP:  Passed,US-PHX01,c160:018:48,t0-gg1-a1-01-r018-us-west-02b,SN3700,swp13,,,QSFP28-100G-DR1,,US-PHX01,c160:018:07,c160-r018-node-13-us-west-02b,CPU-GP2-02,p0,,,,QSFP28-100G-DR1,LC-TO-LC SMF,,,,,,,,,,,,,,
LLDP:  Passed,US-PHX01,c160:018:48,t0-gg1-a1-01-r018-us-west-02b,SN3700,swp14,,,QSFP28-100G-DR1,,US-PHX01,c160:018:05,c160-r018-node-14-us-west-02b,CPU-GP2-02,p0,,,,QSFP28-100G-DR1,LC-TO-LC SMF,,,,,,,,,,,,,,
LLDP:  Passed,US-PHX01,c160:018:48,t0-gg1-a1-01-r018-us-west-02b,SN3700,swp15,,,QSFP28-100G-DR1,,US-PHX01,c160:018:03,c160-r018-node-15-us-west-02b,CPU-GP2-02,p0,,,,QSFP28-100G-DR1,LC-TO-LC SMF,,,,,,,,,,,,,,
,,,,,,,,,,,,,,,,,,,,,,,,,,,,,,,,,
LLDP:  Passed,US-PHX01,c160:018:46,t0-gg1-a1-02-r018-us-west-02b,SN3700,swp1,,,QSFP28-100G-DR1,,US-PHX01,c160:018:31,c160-r018-node-01-us-west-02b,CPU-GP2-02,p1,,,,QSFP28-100G-DR1,LC-TO-LC SMF,,,,,,,,,,,,,,
LLDP:  Passed,US-PHX01,c160:018:46,t0-gg1-a1-02-r018-us-west-02b,SN3700,swp2,,,QSFP28-100G-DR1,,US-PHX01,c160:018:29,c160-r018-node-02-us-west-02b,CPU-GP2-02,p1,,,,QSFP28-100G-DR1,LC-TO-LC SMF,,,,,,,,,,,,,,
LLDP:  Passed,US-PHX01,c160:018:46,t0-gg1-a1-02-r018-us-west-02b,SN3700,swp3,,,QSFP28-100G-DR1,,US-PHX01,c160:018:27,c160-r018-node-03-us-west-02b,CPU-GP2-02,p1,,,,QSFP28-100G-DR1,LC-TO-LC SMF,,,,,,,,,,,,,,
LLDP:  Passed,US-PHX01,c160:018:46,t0-gg1-a1-02-r018-us-west-02b,SN3700,swp4,,,QSFP28-100G-DR1,,US-PHX01,c160:018:25,c160-r018-node-04-us-west-02b,CPU-GP2-02,p1,,,,QSFP28-100G-DR1,LC-TO-LC SMF,,,,,,,,,,,,,,
LLDP:  Passed,US-PHX01,c160:018:46,t0-gg1-a1-02-r018-us-west-02b,SN3700,swp5,,,QSFP28-100G-DR1,,US-PHX01,c160:018:23,c160-r018-node-05-us-west-02b,CPU-GP2-02,p1,,,,QSFP28-100G-DR1,LC-TO-LC SMF,,,,,,,,,,,,,,
LLDP:  Passed,US-PHX01,c160:018:46,t0-gg1-a1-02-r018-us-west-02b,SN3700,swp6,,,QSFP28-100G-DR1,,US-PHX01,c160:018:21,c160-r018-node-06-us-west-02b,CPU-GP2-02,p1,,,,QSFP28-100G-DR1,LC-TO-LC SMF,,,,,,,,,,,,,,
LLDP:  Passed,US-PHX01,c160:018:46,t0-gg1-a1-02-r018-us-west-02b,SN3700,swp7,,,QSFP28-100G-DR1,,US-PHX01,c160:018:19,c160-r018-node-07-us-west-02b,CPU-GP2-02,p1,,,,QSFP28-100G-DR1,LC-TO-LC SMF,,,,,,,,,,,,,,
LLDP:  Passed,US-PHX01,c160:018:46,t0-gg1-a1-02-r018-us-west-02b,SN3700,swp8,,,QSFP28-100G-DR1,,US-PHX01,c160:018:17,c160-r018-node-08-us-west-02b,CPU-GP2-02,p1,,,,QSFP28-100G-DR1,LC-TO-LC SMF,,,,,,,,,,,,,,
LLDP:  Passed,US-PHX01,c160:018:46,t0-gg1-a1-02-r018-us-west-02b,SN3700,swp9,,,QSFP28-100G-DR1,,US-PHX01,c160:018:15,c160-r018-node-09-us-west-02b,CPU-GP2-02,p1,,,,QSFP28-100G-DR1,LC-TO-LC SMF,,,,,,,,,,,,,,
LLDP:  Passed,US-PHX01,c160:018:46,t0-gg1-a1-02-r018-us-west-02b,SN3700,swp10,,,QSFP28-100G-DR1,,US-PHX01,c160:018:13,c160-r018-node-10-us-west-02b,CPU-GP2-02,p1,,,,QSFP28-100G-DR1,LC-TO-LC SMF,,,,,,,,,,,,,,
LLDP:  Passed,US-PHX01,c160:018:46,t0-gg1-a1-02-r018-us-west-02b,SN3700,swp11,,,QSFP28-100G-DR1,,US-PHX01,c160:018:11,c160-r018-node-11-us-west-02b,CPU-GP2-02,p1,,,,QSFP28-100G-DR1,LC-TO-LC SMF,,,,,,,,,,,,,,
LLDP:  Passed,US-PHX01,c160:018:46,t0-gg1-a1-02-r018-us-west-02b,SN3700,swp12,,,QSFP28-100G-DR1,,US-PHX01,c160:018:09,c160-r018-node-12-us-west-02b,CPU-GP2-02,p1,,,,QSFP28-100G-DR1,LC-TO-LC SMF,,,,,,,,,,,,,,
LLDP:  Passed,US-PHX01,c160:018:46,t0-gg1-a1-02-r018-us-west-02b,SN3700,swp13,,,QSFP28-100G-DR1,,US-PHX01,c160:018:07,c160-r018-node-13-us-west-02b,CPU-GP2-02,p1,,,,QSFP28-100G-DR1,LC-TO-LC SMF,,,,,,,,,,,,,,
LLDP:  Passed,US-PHX01,c160:018:46,t0-gg1-a1-02-r018-us-west-02b,SN3700,swp14,,,QSFP28-100G-DR1,,US-PHX01,c160:018:05,c160-r018-node-14-us-west-02b,CPU-GP2-02,p1,,,,QSFP28-100G-DR1,LC-TO-LC SMF,,,,,,,,,,,,,,
LLDP:  Passed,US-PHX01,c160:018:46,t0-gg1-a1-02-r018-us-west-02b,SN3700,swp15,,,QSFP28-100G-DR1,,US-PHX01,c160:018:03,c160-r018-node-15-us-west-02b,CPU-GP2-02,p1,,,,QSFP28-100G-DR1,LC-TO-LC SMF,,,,,,,,,,,,,,
,,,,,,,,,,,,,,,,,,,,,,,,,,,,,,,,,
LLDP:  Passed,US-PHX01,c160:018:40,ipmi-gg1-a1-r018-us-west-02b,SN2201,swp1,,,,,US-PHX01,c160:018:31,c160-r018-node-01-us-west-02b,CPU-GP2-02,ipmi,,,,,CAT6a,,,,,,,,,,,,,,
LLDP:  Passed,US-PHX01,c160:018:40,ipmi-gg1-a1-r018-us-west-02b,SN2201,swp2,,,,,US-PHX01,c160:018:29,c160-r018-node-02-us-west-02b,CPU-GP2-02,ipmi,,,,,CAT6a,,,,,,,,,,,,,,
LLDP:  Passed,US-PHX01,c160:018:40,ipmi-gg1-a1-r018-us-west-02b,SN2201,swp3,,,,,US-PHX01,c160:018:27,c160-r018-node-03-us-west-02b,CPU-GP2-02,ipmi,,,,,CAT6a,,,,,,,,,,,,,,
LLDP:  Passed,US-PHX01,c160:018:40,ipmi-gg1-a1-r018-us-west-02b,SN2201,swp4,,,,,US-PHX01,c160:018:25,c160-r018-node-04-us-west-02b,CPU-GP2-02,ipmi,,,,,CAT6a,,,,,,,,,,,,,,
LLDP:  Passed,US-PHX01,c160:018:40,ipmi-gg1-a1-r018-us-west-02b,SN2201,swp5,,,,,US-PHX01,c160:018:23,c160-r018-node-05-us-west-02b,CPU-GP2-02,ipmi,,,,,CAT6a,,,,,,,,,,,,,,
LLDP:  Passed,US-PHX01,c160:018:40,ipmi-gg1-a1-r018-us-west-02b,SN2201,swp6,,,,,US-PHX01,c160:018:21,c160-r018-node-06-us-west-02b,CPU-GP2-02,ipmi,,,,,CAT6a,,,,,,,,,,,,,,
LLDP:  Passed,US-PHX01,c160:018:40,ipmi-gg1-a1-r018-us-west-02b,SN2201,swp7,,,,,US-PHX01,c160:018:19,c160-r018-node-07-us-west-02b,CPU-GP2-02,ipmi,,,,,CAT6a,,,,,,,,,,,,,,
LLDP:  Passed,US-PHX01,c160:018:40,ipmi-gg1-a1-r018-us-west-02b,SN2201,swp8,,,,,US-PHX01,c160:018:17,c160-r018-node-08-us-west-02b,CPU-GP2-02,ipmi,,,,,CAT6a,,,,,,,,,,,,,,
LLDP:  Passed,US-PHX01,c160:018:40,ipmi-gg1-a1-r018-us-west-02b,SN2201,swp9,,,,,US-PHX01,c160:018:15,c160-r018-node-09-us-west-02b,CPU-GP2-02,ipmi,,,,,CAT6a,,,,,,,,,,,,,,
LLDP:  Passed,US-PHX01,c160:018:40,ipmi-gg1-a1-r018-us-west-02b,SN2201,swp10,,,,,US-PHX01,c160:018:13,c160-r018-node-10-us-west-02b,CPU-GP2-02,ipmi,,,,,CAT6a,,,,,,,,,,,,,,
LLDP:  Passed,US-PHX01,c160:018:40,ipmi-gg1-a1-r018-us-west-02b,SN2201,swp11,,,,,US-PHX01,c160:018:11,c160-r018-node-11-us-west-02b,CPU-GP2-02,ipmi,,,,,CAT6a,,,,,,,,,,,,,,
LLDP:  Passed,US-PHX01,c160:018:40,ipmi-gg1-a1-r018-us-west-02b,SN2201,swp12,,,,,US-PHX01,c160:018:09,c160-r018-node-12-us-west-02b,CPU-GP2-02,ipmi,,,,,CAT6a,,,,,,,,,,,,,,
LLDP:  Passed,US-PHX01,c160:018:40,ipmi-gg1-a1-r018-us-west-02b,SN2201,swp13,,,,,US-PHX01,c160:018:07,c160-r018-node-13-us-west-02b,CPU-GP2-02,ipmi,,,,,CAT6a,,,,,,,,,,,,,,
LLDP:  Passed,US-PHX01,c160:018:40,ipmi-gg1-a1-r018-us-west-02b,SN2201,swp14,,,,,US-PHX01,c160:018:05,c160-r018-node-14-us-west-02b,CPU-GP2-02,ipmi,,,,,CAT6a,,,,,,,,,,,,,,
LLDP:  Passed,US-PHX01,c160:018:40,ipmi-gg1-a1-r018-us-west-02b,SN2201,swp15,,,,,US-PHX01,c160:018:03,c160-r018-node-15-us-west-02b,CPU-GP2-02,ipmi,,,,,CAT6a,,,,,,,,,,,,,,
,,,,,,,,,,,,,,,,,,,,,,,,,,,,,,,,,
LLDP:  Passed,US-PHX01,c160:018:38,dpu-gg1-a1-r018-us-west-02b,SN2201,swp1,,,,,US-PHX01,c160:018:31,c160-r018-node-01-us-west-02b,CPU-GP2-02,dpu,,,,,CAT6a,,,,,,,,,,,,,,
LLDP:  Passed,US-PHX01,c160:018:38,dpu-gg1-a1-r018-us-west-02b,SN2201,swp2,,,,,US-PHX01,c160:018:29,c160-r018-node-02-us-west-02b,CPU-GP2-02,dpu,,,,,CAT6a,,,,,,,,,,,,,,
LLDP:  Passed,US-PHX01,c160:018:38,dpu-gg1-a1-r018-us-west-02b,SN2201,swp3,,,,,US-PHX01,c160:018:27,c160-r018-node-03-us-west-02b,CPU-GP2-02,dpu,,,,,CAT6a,,,,,,,,,,,,,,
LLDP:  Passed,US-PHX01,c160:018:38,dpu-gg1-a1-r018-us-west-02b,SN2201,swp4,,,,,US-PHX01,c160:018:25,c160-r018-node-04-us-west-02b,CPU-GP2-02,dpu,,,,,CAT6a,,,,,,,,,,,,,,
LLDP:  Passed,US-PHX01,c160:018:38,dpu-gg1-a1-r018-us-west-02b,SN2201,swp5,,,,,US-PHX01,c160:018:23,c160-r018-node-05-us-west-02b,CPU-GP2-02,dpu,,,,,CAT6a,,,,,,,,,,,,,,
LLDP:  Passed,US-PHX01,c160:018:38,dpu-gg1-a1-r018-us-west-02b,SN2201,swp6,,,,,US-PHX01,c160:018:21,c160-r018-node-06-us-west-02b,CPU-GP2-02,dpu,,,,,CAT6a,,,,,,,,,,,,,,
LLDP:  Passed,US-PHX01,c160:018:38,dpu-gg1-a1-r018-us-west-02b,SN2201,swp7,,,,,US-PHX01,c160:018:19,c160-r018-node-07-us-west-02b,CPU-GP2-02,dpu,,,,,CAT6a,,,,,,,,,,,,,,
LLDP:  Passed,US-PHX01,c160:018:38,dpu-gg1-a1-r018-us-west-02b,SN2201,swp8,,,,,US-PHX01,c160:018:17,c160-r018-node-08-us-west-02b,CPU-GP2-02,dpu,,,,,CAT6a,,,,,,,,,,,,,,
LLDP:  Passed,US-PHX01,c160:018:38,dpu-gg1-a1-r018-us-west-02b,SN2201,swp9,,,,,US-PHX01,c160:018:15,c160-r018-node-09-us-west-02b,CPU-GP2-02,dpu,,,,,CAT6a,,,,,,,,,,,,,,
LLDP:  Passed,US-PHX01,c160:018:38,dpu-gg1-a1-r018-us-west-02b,SN2201,swp10,,,,,US-PHX01,c160:018:13,c160-r018-node-10-us-west-02b,CPU-GP2-02,dpu,,,,,CAT6a,,,,,,,,,,,,,,
LLDP:  Passed,US-PHX01,c160:018:38,dpu-gg1-a1-r018-us-west-02b,SN2201,swp11,,,,,US-PHX01,c160:018:11,c160-r018-node-11-us-west-02b,CPU-GP2-02,dpu,,,,,CAT6a,,,,,,,,,,,,,,
LLDP:  Passed,US-PHX01,c160:018:38,dpu-gg1-a1-r018-us-west-02b,SN2201,swp12,,,,,US-PHX01,c160:018:09,c160-r018-node-12-us-west-02b,CPU-GP2-02,dpu,,,,,CAT6a,,,,,,,,,,,,,,
LLDP:  Passed,US-PHX01,c160:018:38,dpu-gg1-a1-r018-us-west-02b,SN2201,swp13,,,,,US-PHX01,c160:018:07,c160-r018-node-13-us-west-02b,CPU-GP2-02,dpu,,,,,CAT6a,,,,,,,,,,,,,,
LLDP:  Passed,US-PHX01,c160:018:38,dpu-gg1-a1-r018-us-west-02b,SN2201,swp14,,,,,US-PHX01,c160:018:05,c160-r018-node-14-us-west-02b,CPU-GP2-02,dpu,,,,,CAT6a,,,,,,,,,,,,,,
LLDP:  Passed,US-PHX01,c160:018:38,dpu-gg1-a1-r018-us-west-02b,SN2201,swp15,,,,,US-PHX01,c160:018:03,c160-r018-node-15-us-west-02b,CPU-GP2-02,dpu,,,,,CAT6a,,,,,,,,,,,,,,
,,,,,,,,,,,,,,,,,,,,,,,,,,,,,,,,,
,,,,,,,,,,,,,,,,,,,,,,,,,,,,,,,,,
C160 :: ROW-01 - CAB-019,,,,,,,,,,,,,,,,,,,,,,,,,,,,,,,,,
LLDP:  Passed,US-PHX01,c160:019:48,t0-gg1-a1-01-r019-us-west-02b,SN3700,swp1,,,QSFP28-100G-DR1,,US-PHX01,c160:019:31,c160-r019-node-01-us-west-02b,CPU-GP2-02,p0,,,,QSFP28-100G-DR1,LC-TO-LC SMF,,,,,,,,,,,,,,
LLDP:  Passed,US-PHX01,c160:019:48,t0-gg1-a1-01-r019-us-west-02b,SN3700,swp2,,,QSFP28-100G-DR1,,US-PHX01,c160:019:29,c160-r019-node-02-us-west-02b,CPU-GP2-02,p0,,,,QSFP28-100G-DR1,LC-TO-LC SMF,,,,,,,,,,,,,,
LLDP:  Passed,US-PHX01,c160:019:48,t0-gg1-a1-01-r019-us-west-02b,SN3700,swp3,,,QSFP28-100G-DR1,,US-PHX01,c160:019:27,c160-r019-node-03-us-west-02b,CPU-GP2-02,p0,,,,QSFP28-100G-DR1,LC-TO-LC SMF,,,,,,,,,,,,,,
LLDP:  Failed,US-PHX01,c160:019:48,t0-gg1-a1-01-r019-us-west-02b,SN3700,swp4,,,QSFP28-100G-DR1,,US-PHX01,c160:019:25,c160-r019-node-04-us-west-02b,CPU-GP2-02,p0,,,,QSFP28-100G-DR1,LC-TO-LC SMF,,,,,,,,,,,,,,
LLDP:  Passed,US-PHX01,c160:019:48,t0-gg1-a1-01-r019-us-west-02b,SN3700,swp5,,,QSFP28-100G-DR1,,US-PHX01,c160:019:23,c160-r019-node-05-us-west-02b,CPU-GP2-02,p0,,,,QSFP28-100G-DR1,LC-TO-LC SMF,,,,,,,,,,,,,,
LLDP:  Passed,US-PHX01,c160:019:48,t0-gg1-a1-01-r019-us-west-02b,SN3700,swp6,,,QSFP28-100G-DR1,,US-PHX01,c160:019:21,c160-r019-node-06-us-west-02b,CPU-GP2-02,p0,,,,QSFP28-100G-DR1,LC-TO-LC SMF,,,,,,,,,,,,,,
LLDP:  Passed,US-PHX01,c160:019:48,t0-gg1-a1-01-r019-us-west-02b,SN3700,swp7,,,QSFP28-100G-DR1,,US-PHX01,c160:019:19,c160-r019-node-07-us-west-02b,CPU-GP2-02,p0,,,,QSFP28-100G-DR1,LC-TO-LC SMF,,,,,,,,,,,,,,
LLDP:  Passed,US-PHX01,c160:019:48,t0-gg1-a1-01-r019-us-west-02b,SN3700,swp8,,,QSFP28-100G-DR1,,US-PHX01,c160:019:17,c160-r019-node-08-us-west-02b,CPU-GP2-02,p0,,,,QSFP28-100G-DR1,LC-TO-LC SMF,,,,,,,,,,,,,,
LLDP:  Passed,US-PHX01,c160:019:48,t0-gg1-a1-01-r019-us-west-02b,SN3700,swp9,,,QSFP28-100G-DR1,,US-PHX01,c160:019:15,c160-r019-node-09-us-west-02b,CPU-GP2-02,p0,,,,QSFP28-100G-DR1,LC-TO-LC SMF,,,,,,,,,,,,,,
LLDP:  Passed,US-PHX01,c160:019:48,t0-gg1-a1-01-r019-us-west-02b,SN3700,swp10,,,QSFP28-100G-DR1,,US-PHX01,c160:019:13,c160-r019-node-10-us-west-02b,CPU-GP2-02,p0,,,,QSFP28-100G-DR1,LC-TO-LC SMF,,,,,,,,,,,,,,
LLDP:  Passed,US-PHX01,c160:019:48,t0-gg1-a1-01-r019-us-west-02b,SN3700,swp11,,,QSFP28-100G-DR1,,US-PHX01,c160:019:11,c160-r019-node-11-us-west-02b,CPU-GP2-02,p0,,,,QSFP28-100G-DR1,LC-TO-LC SMF,,,,,,,,,,,,,,
LLDP:  Passed,US-PHX01,c160:019:48,t0-gg1-a1-01-r019-us-west-02b,SN3700,swp12,,,QSFP28-100G-DR1,,US-PHX01,c160:019:09,c160-r019-node-12-us-west-02b,CPU-GP2-02,p0,,,,QSFP28-100G-DR1,LC-TO-LC SMF,,,,,,,,,,,,,,
LLDP:  Passed,US-PHX01,c160:019:48,t0-gg1-a1-01-r019-us-west-02b,SN3700,swp13,,,QSFP28-100G-DR1,,US-PHX01,c160:019:07,c160-r019-node-13-us-west-02b,CPU-GP2-02,p0,,,,QSFP28-100G-DR1,LC-TO-LC SMF,,,,,,,,,,,,,,
LLDP:  Passed,US-PHX01,c160:019:48,t0-gg1-a1-01-r019-us-west-02b,SN3700,swp14,,,QSFP28-100G-DR1,,US-PHX01,c160:019:05,c160-r019-node-14-us-west-02b,CPU-GP2-02,p0,,,,QSFP28-100G-DR1,LC-TO-LC SMF,,,,,,,,,,,,,,
LLDP:  Passed,US-PHX01,c160:019:48,t0-gg1-a1-01-r019-us-west-02b,SN3700,swp15,,,QSFP28-100G-DR1,,US-PHX01,c160:019:03,c160-r019-node-15-us-west-02b,CPU-GP2-02,p0,,,,QSFP28-100G-DR1,LC-TO-LC SMF,,,,,,,,,,,,,,
,,,,,,,,,,,,,,,,,,,,,,,,,,,,,,,,,
LLDP:  Passed,US-PHX01,c160:019:46,t0-gg1-a1-02-r019-us-west-02b,SN3700,swp1,,,QSFP28-100G-DR1,,US-PHX01,c160:019:31,c160-r019-node-01-us-west-02b,CPU-GP2-02,p1,,,,QSFP28-100G-DR1,LC-TO-LC SMF,,,,,,,,,,,,,,
LLDP:  Passed,US-PHX01,c160:019:46,t0-gg1-a1-02-r019-us-west-02b,SN3700,swp2,,,QSFP28-100G-DR1,,US-PHX01,c160:019:29,c160-r019-node-02-us-west-02b,CPU-GP2-02,p1,,,,QSFP28-100G-DR1,LC-TO-LC SMF,,,,,,,,,,,,,,
LLDP:  Passed,US-PHX01,c160:019:46,t0-gg1-a1-02-r019-us-west-02b,SN3700,swp3,,,QSFP28-100G-DR1,,US-PHX01,c160:019:27,c160-r019-node-03-us-west-02b,CPU-GP2-02,p1,,,,QSFP28-100G-DR1,LC-TO-LC SMF,,,,,,,,,,,,,,
LLDP:  Passed,US-PHX01,c160:019:46,t0-gg1-a1-02-r019-us-west-02b,SN3700,swp4,,,QSFP28-100G-DR1,,US-PHX01,c160:019:25,c160-r019-node-04-us-west-02b,CPU-GP2-02,p1,,,,QSFP28-100G-DR1,LC-TO-LC SMF,,,,,,,,,,,,,,
LLDP:  Passed,US-PHX01,c160:019:46,t0-gg1-a1-02-r019-us-west-02b,SN3700,swp5,,,QSFP28-100G-DR1,,US-PHX01,c160:019:23,c160-r019-node-05-us-west-02b,CPU-GP2-02,p1,,,,QSFP28-100G-DR1,LC-TO-LC SMF,,,,,,,,,,,,,,
LLDP:  Passed,US-PHX01,c160:019:46,t0-gg1-a1-02-r019-us-west-02b,SN3700,swp6,,,QSFP28-100G-DR1,,US-PHX01,c160:019:21,c160-r019-node-06-us-west-02b,CPU-GP2-02,p1,,,,QSFP28-100G-DR1,LC-TO-LC SMF,,,,,,,,,,,,,,
LLDP:  Passed,US-PHX01,c160:019:46,t0-gg1-a1-02-r019-us-west-02b,SN3700,swp7,,,QSFP28-100G-DR1,,US-PHX01,c160:019:19,c160-r019-node-07-us-west-02b,CPU-GP2-02,p1,,,,QSFP28-100G-DR1,LC-TO-LC SMF,,,,,,,,,,,,,,
LLDP:  Passed,US-PHX01,c160:019:46,t0-gg1-a1-02-r019-us-west-02b,SN3700,swp8,,,QSFP28-100G-DR1,,US-PHX01,c160:019:17,c160-r019-node-08-us-west-02b,CPU-GP2-02,p1,,,,QSFP28-100G-DR1,LC-TO-LC SMF,,,,,,,,,,,,,,
LLDP:  Passed,US-PHX01,c160:019:46,t0-gg1-a1-02-r019-us-west-02b,SN3700,swp9,,,QSFP28-100G-DR1,,US-PHX01,c160:019:15,c160-r019-node-09-us-west-02b,CPU-GP2-02,p1,,,,QSFP28-100G-DR1,LC-TO-LC SMF,,,,,,,,,,,,,,
LLDP:  Passed,US-PHX01,c160:019:46,t0-gg1-a1-02-r019-us-west-02b,SN3700,swp10,,,QSFP28-100G-DR1,,US-PHX01,c160:019:13,c160-r019-node-10-us-west-02b,CPU-GP2-02,p1,,,,QSFP28-100G-DR1,LC-TO-LC SMF,,,,,,,,,,,,,,
LLDP:  Passed,US-PHX01,c160:019:46,t0-gg1-a1-02-r019-us-west-02b,SN3700,swp11,,,QSFP28-100G-DR1,,US-PHX01,c160:019:11,c160-r019-node-11-us-west-02b,CPU-GP2-02,p1,,,,QSFP28-100G-DR1,LC-TO-LC SMF,,,,,,,,,,,,,,
LLDP:  Passed,US-PHX01,c160:019:46,t0-gg1-a1-02-r019-us-west-02b,SN3700,swp12,,,QSFP28-100G-DR1,,US-PHX01,c160:019:09,c160-r019-node-12-us-west-02b,CPU-GP2-02,p1,,,,QSFP28-100G-DR1,LC-TO-LC SMF,,,,,,,,,,,,,,
LLDP:  Passed,US-PHX01,c160:019:46,t0-gg1-a1-02-r019-us-west-02b,SN3700,swp13,,,QSFP28-100G-DR1,,US-PHX01,c160:019:07,c160-r019-node-13-us-west-02b,CPU-GP2-02,p1,,,,QSFP28-100G-DR1,LC-TO-LC SMF,,,,,,,,,,,,,,
LLDP:  Passed,US-PHX01,c160:019:46,t0-gg1-a1-02-r019-us-west-02b,SN3700,swp14,,,QSFP28-100G-DR1,,US-PHX01,c160:019:05,c160-r019-node-14-us-west-02b,CPU-GP2-02,p1,,,,QSFP28-100G-DR1,LC-TO-LC SMF,,,,,,,,,,,,,,
LLDP:  Passed,US-PHX01,c160:019:46,t0-gg1-a1-02-r019-us-west-02b,SN3700,swp15,,,QSFP28-100G-DR1,,US-PHX01,c160:019:03,c160-r019-node-15-us-west-02b,CPU-GP2-02,p1,,,,QSFP28-100G-DR1,LC-TO-LC SMF,,,,,,,,,,,,,,
,,,,,,,,,,,,,,,,,,,,,,,,,,,,,,,,,
LLDP:  Passed,US-PHX01,c160:019:40,ipmi-gg1-a1-r019-us-west-02b,SN2201,swp1,,,,,US-PHX01,c160:019:31,c160-r019-node-01-us-west-02b,CPU-GP2-02,ipmi,,,,,CAT6a,,,,,,,,,,,,,,
LLDP:  Passed,US-PHX01,c160:019:40,ipmi-gg1-a1-r019-us-west-02b,SN2201,swp2,,,,,US-PHX01,c160:019:29,c160-r019-node-02-us-west-02b,CPU-GP2-02,ipmi,,,,,CAT6a,,,,,,,,,,,,,,
LLDP:  Passed,US-PHX01,c160:019:40,ipmi-gg1-a1-r019-us-west-02b,SN2201,swp3,,,,,US-PHX01,c160:019:27,c160-r019-node-03-us-west-02b,CPU-GP2-02,ipmi,,,,,CAT6a,,,,,,,,,,,,,,
LLDP:  Passed,US-PHX01,c160:019:40,ipmi-gg1-a1-r019-us-west-02b,SN2201,swp4,,,,,US-PHX01,c160:019:25,c160-r019-node-04-us-west-02b,CPU-GP2-02,ipmi,,,,,CAT6a,,,,,,,,,,,,,,
LLDP:  Passed,US-PHX01,c160:019:40,ipmi-gg1-a1-r019-us-west-02b,SN2201,swp5,,,,,US-PHX01,c160:019:23,c160-r019-node-05-us-west-02b,CPU-GP2-02,ipmi,,,,,CAT6a,,,,,,,,,,,,,,
LLDP:  Passed,US-PHX01,c160:019:40,ipmi-gg1-a1-r019-us-west-02b,SN2201,swp6,,,,,US-PHX01,c160:019:21,c160-r019-node-06-us-west-02b,CPU-GP2-02,ipmi,,,,,CAT6a,,,,,,,,,,,,,,
LLDP:  Passed,US-PHX01,c160:019:40,ipmi-gg1-a1-r019-us-west-02b,SN2201,swp7,,,,,US-PHX01,c160:019:19,c160-r019-node-07-us-west-02b,CPU-GP2-02,ipmi,,,,,CAT6a,,,,,,,,,,,,,,
LLDP:  Passed,US-PHX01,c160:019:40,ipmi-gg1-a1-r019-us-west-02b,SN2201,swp8,,,,,US-PHX01,c160:019:17,c160-r019-node-08-us-west-02b,CPU-GP2-02,ipmi,,,,,CAT6a,,,,,,,,,,,,,,
LLDP:  Passed,US-PHX01,c160:019:40,ipmi-gg1-a1-r019-us-west-02b,SN2201,swp9,,,,,US-PHX01,c160:019:15,c160-r019-node-09-us-west-02b,CPU-GP2-02,ipmi,,,,,CAT6a,,,,,,,,,,,,,,
LLDP:  Passed,US-PHX01,c160:019:40,ipmi-gg1-a1-r019-us-west-02b,SN2201,swp10,,,,,US-PHX01,c160:019:13,c160-r019-node-10-us-west-02b,CPU-GP2-02,ipmi,,,,,CAT6a,,,,,,,,,,,,,,
LLDP:  Passed,US-PHX01,c160:019:40,ipmi-gg1-a1-r019-us-west-02b,SN2201,swp11,,,,,US-PHX01,c160:019:11,c160-r019-node-11-us-west-02b,CPU-GP2-02,ipmi,,,,,CAT6a,,,,,,,,,,,,,,
LLDP:  Passed,US-PHX01,c160:019:40,ipmi-gg1-a1-r019-us-west-02b,SN2201,swp12,,,,,US-PHX01,c160:019:09,c160-r019-node-12-us-west-02b,CPU-GP2-02,ipmi,,,,,CAT6a,,,,,,,,,,,,,,
LLDP:  Passed,US-PHX01,c160:019:40,ipmi-gg1-a1-r019-us-west-02b,SN2201,swp13,,,,,US-PHX01,c160:019:07,c160-r019-node-13-us-west-02b,CPU-GP2-02,ipmi,,,,,CAT6a,,,,,,,,,,,,,,
LLDP:  Passed,US-PHX01,c160:019:40,ipmi-gg1-a1-r019-us-west-02b,SN2201,swp14,,,,,US-PHX01,c160:019:05,c160-r019-node-14-us-west-02b,CPU-GP2-02,ipmi,,,,,CAT6a,,,,,,,,,,,,,,
LLDP:  Passed,US-PHX01,c160:019:40,ipmi-gg1-a1-r019-us-west-02b,SN2201,swp15,,,,,US-PHX01,c160:019:03,c160-r019-node-15-us-west-02b,CPU-GP2-02,ipmi,,,,,CAT6a,,,,,,,,,,,,,,
,,,,,,,,,,,,,,,,,,,,,,,,,,,,,,,,,
LLDP:  Passed,US-PHX01,c160:019:38,dpu-gg1-a1-r019-us-west-02b,SN2201,swp1,,,,,US-PHX01,c160:019:31,c160-r019-node-01-us-west-02b,CPU-GP2-02,dpu,,,,,CAT6a,,,,,,,,,,,,,,
LLDP:  Passed,US-PHX01,c160:019:38,dpu-gg1-a1-r019-us-west-02b,SN2201,swp2,,,,,US-PHX01,c160:019:29,c160-r019-node-02-us-west-02b,CPU-GP2-02,dpu,,,,,CAT6a,,,,,,,,,,,,,,
LLDP:  Passed,US-PHX01,c160:019:38,dpu-gg1-a1-r019-us-west-02b,SN2201,swp3,,,,,US-PHX01,c160:019:27,c160-r019-node-03-us-west-02b,CPU-GP2-02,dpu,,,,,CAT6a,,,,,,,,,,,,,,
LLDP:  Passed,US-PHX01,c160:019:38,dpu-gg1-a1-r019-us-west-02b,SN2201,swp4,,,,,US-PHX01,c160:019:25,c160-r019-node-04-us-west-02b,CPU-GP2-02,dpu,,,,,CAT6a,,,,,,,,,,,,,,
LLDP:  Passed,US-PHX01,c160:019:38,dpu-gg1-a1-r019-us-west-02b,SN2201,swp5,,,,,US-PHX01,c160:019:23,c160-r019-node-05-us-west-02b,CPU-GP2-02,dpu,,,,,CAT6a,,,,,,,,,,,,,,
LLDP:  Passed,US-PHX01,c160:019:38,dpu-gg1-a1-r019-us-west-02b,SN2201,swp6,,,,,US-PHX01,c160:019:21,c160-r019-node-06-us-west-02b,CPU-GP2-02,dpu,,,,,CAT6a,,,,,,,,,,,,,,
LLDP:  Passed,US-PHX01,c160:019:38,dpu-gg1-a1-r019-us-west-02b,SN2201,swp7,,,,,US-PHX01,c160:019:19,c160-r019-node-07-us-west-02b,CPU-GP2-02,dpu,,,,,CAT6a,,,,,,,,,,,,,,
LLDP:  Passed,US-PHX01,c160:019:38,dpu-gg1-a1-r019-us-west-02b,SN2201,swp8,,,,,US-PHX01,c160:019:17,c160-r019-node-08-us-west-02b,CPU-GP2-02,dpu,,,,,CAT6a,,,,,,,,,,,,,,
LLDP:  Passed,US-PHX01,c160:019:38,dpu-gg1-a1-r019-us-west-02b,SN2201,swp9,,,,,US-PHX01,c160:019:15,c160-r019-node-09-us-west-02b,CPU-GP2-02,dpu,,,,,CAT6a,,,,,,,,,,,,,,
LLDP:  Passed,US-PHX01,c160:019:38,dpu-gg1-a1-r019-us-west-02b,SN2201,swp10,,,,,US-PHX01,c160:019:13,c160-r019-node-10-us-west-02b,CPU-GP2-02,dpu,,,,,CAT6a,,,,,,,,,,,,,,
LLDP:  Passed,US-PHX01,c160:019:38,dpu-gg1-a1-r019-us-west-02b,SN2201,swp11,,,,,US-PHX01,c160:019:11,c160-r019-node-11-us-west-02b,CPU-GP2-02,dpu,,,,,CAT6a,,,,,,,,,,,,,,
LLDP:  Passed,US-PHX01,c160:019:38,dpu-gg1-a1-r019-us-west-02b,SN2201,swp12,,,,,US-PHX01,c160:019:09,c160-r019-node-12-us-west-02b,CPU-GP2-02,dpu,,,,,CAT6a,,,,,,,,,,,,,,
LLDP:  Passed,US-PHX01,c160:019:38,dpu-gg1-a1-r019-us-west-02b,SN2201,swp13,,,,,US-PHX01,c160:019:07,c160-r019-node-13-us-west-02b,CPU-GP2-02,dpu,,,,,CAT6a,,,,,,,,,,,,,,
LLDP:  Passed,US-PHX01,c160:019:38,dpu-gg1-a1-r019-us-west-02b,SN2201,swp14,,,,,US-PHX01,c160:019:05,c160-r019-node-14-us-west-02b,CPU-GP2-02,dpu,,,,,CAT6a,,,,,,,,,,,,,,
LLDP:  Passed,US-PHX01,c160:019:38,dpu-gg1-a1-r019-us-west-02b,SN2201,swp15,,,,,US-PHX01,c160:019:03,c160-r019-node-15-us-west-02b,CPU-GP2-02,dpu,,,,,CAT6a,,,,,,,,,,,,,,
,,,,,,,,,,,,,,,,,,,,,,,,,,,,,,,,,
,,,,,,,,,,,,,,,,,,,,,,,,,,,,,,,,,
C160 :: ROW-01 - CAB-020,,,,,,,,,,,,,,,,,,,,,,,,,,,,,,,,,
LLDP:  Passed,US-PHX01,c160:020:48,t0-gg1-a1-01-r020-us-west-02b,SN3700,swp1,,,QSFP28-100G-DR1,,US-PHX01,c160:020:31,c160-r020-node-01-us-west-02b,CPU-GP2-02,p0,,,,QSFP28-100G-DR1,LC-TO-LC SMF,,,,,,,,,,,,,,
LLDP:  Passed,US-PHX01,c160:020:48,t0-gg1-a1-01-r020-us-west-02b,SN3700,swp2,,,QSFP28-100G-DR1,,US-PHX01,c160:020:29,c160-r020-node-02-us-west-02b,CPU-GP2-02,p0,,,,QSFP28-100G-DR1,LC-TO-LC SMF,,,,,,,,,,,,,,
LLDP:  Passed,US-PHX01,c160:020:48,t0-gg1-a1-01-r020-us-west-02b,SN3700,swp3,,,QSFP28-100G-DR1,,US-PHX01,c160:020:27,c160-r020-node-03-us-west-02b,CPU-GP2-02,p0,,,,QSFP28-100G-DR1,LC-TO-LC SMF,,,,,,,,,,,,,,
LLDP:  Passed,US-PHX01,c160:020:48,t0-gg1-a1-01-r020-us-west-02b,SN3700,swp4,,,QSFP28-100G-DR1,,US-PHX01,c160:020:25,c160-r020-node-04-us-west-02b,CPU-GP2-02,p0,,,,QSFP28-100G-DR1,LC-TO-LC SMF,,,,,,,,,,,,,,
LLDP:  Passed,US-PHX01,c160:020:48,t0-gg1-a1-01-r020-us-west-02b,SN3700,swp5,,,QSFP28-100G-DR1,,US-PHX01,c160:020:23,c160-r020-node-05-us-west-02b,CPU-GP2-02,p0,,,,QSFP28-100G-DR1,LC-TO-LC SMF,,,,,,,,,,,,,,
LLDP:  Passed,US-PHX01,c160:020:48,t0-gg1-a1-01-r020-us-west-02b,SN3700,swp6,,,QSFP28-100G-DR1,,US-PHX01,c160:020:21,c160-r020-node-06-us-west-02b,CPU-GP2-02,p0,,,,QSFP28-100G-DR1,LC-TO-LC SMF,,,,,,,,,,,,,,
LLDP:  Passed,US-PHX01,c160:020:48,t0-gg1-a1-01-r020-us-west-02b,SN3700,swp7,,,QSFP28-100G-DR1,,US-PHX01,c160:020:19,c160-r020-node-07-us-west-02b,CPU-GP2-02,p0,,,,QSFP28-100G-DR1,LC-TO-LC SMF,,,,,,,,,,,,,,
LLDP:  Passed,US-PHX01,c160:020:48,t0-gg1-a1-01-r020-us-west-02b,SN3700,swp8,,,QSFP28-100G-DR1,,US-PHX01,c160:020:17,c160-r020-node-08-us-west-02b,CPU-GP2-02,p0,,,,QSFP28-100G-DR1,LC-TO-LC SMF,,,,,,,,,,,,,,
LLDP:  Passed,US-PHX01,c160:020:48,t0-gg1-a1-01-r020-us-west-02b,SN3700,swp9,,,QSFP28-100G-DR1,,US-PHX01,c160:020:15,c160-r020-node-09-us-west-02b,CPU-GP2-02,p0,,,,QSFP28-100G-DR1,LC-TO-LC SMF,,,,,,,,,,,,,,
LLDP:  Passed,US-PHX01,c160:020:48,t0-gg1-a1-01-r020-us-west-02b,SN3700,swp10,,,QSFP28-100G-DR1,,US-PHX01,c160:020:13,c160-r020-node-10-us-west-02b,CPU-GP2-02,p0,,,,QSFP28-100G-DR1,LC-TO-LC SMF,,,,,,,,,,,,,,
LLDP:  Passed,US-PHX01,c160:020:48,t0-gg1-a1-01-r020-us-west-02b,SN3700,swp11,,,QSFP28-100G-DR1,,US-PHX01,c160:020:11,c160-r020-node-11-us-west-02b,CPU-GP2-02,p0,,,,QSFP28-100G-DR1,LC-TO-LC SMF,,,,,,,,,,,,,,
LLDP:  Passed,US-PHX01,c160:020:48,t0-gg1-a1-01-r020-us-west-02b,SN3700,swp12,,,QSFP28-100G-DR1,,US-PHX01,c160:020:09,c160-r020-node-12-us-west-02b,CPU-GP2-02,p0,,,,QSFP28-100G-DR1,LC-TO-LC SMF,,,,,,,,,,,,,,
LLDP:  Passed,US-PHX01,c160:020:48,t0-gg1-a1-01-r020-us-west-02b,SN3700,swp13,,,QSFP28-100G-DR1,,US-PHX01,c160:020:07,c160-r020-node-13-us-west-02b,CPU-GP2-02,p0,,,,QSFP28-100G-DR1,LC-TO-LC SMF,,,,,,,,,,,,,,
LLDP:  Passed,US-PHX01,c160:020:48,t0-gg1-a1-01-r020-us-west-02b,SN3700,swp14,,,QSFP28-100G-DR1,,US-PHX01,c160:020:05,c160-r020-node-14-us-west-02b,CPU-GP2-02,p0,,,,QSFP28-100G-DR1,LC-TO-LC SMF,,,,,,,,,,,,,,
LLDP:  Passed,US-PHX01,c160:020:48,t0-gg1-a1-01-r020-us-west-02b,SN3700,swp15,,,QSFP28-100G-DR1,,US-PHX01,c160:020:03,c160-r020-node-15-us-west-02b,CPU-GP2-02,p0,,,,QSFP28-100G-DR1,LC-TO-LC SMF,,,,,,,,,,,,,,
,,,,,,,,,,,,,,,,,,,,,,,,,,,,,,,,,
LLDP:  Passed,US-PHX01,c160:020:46,t0-gg1-a1-02-r020-us-west-02b,SN3700,swp1,,,QSFP28-100G-DR1,,US-PHX01,c160:020:31,c160-r020-node-01-us-west-02b,CPU-GP2-02,p1,,,,QSFP28-100G-DR1,LC-TO-LC SMF,,,,,,,,,,,,,,
LLDP:  Passed,US-PHX01,c160:020:46,t0-gg1-a1-02-r020-us-west-02b,SN3700,swp2,,,QSFP28-100G-DR1,,US-PHX01,c160:020:29,c160-r020-node-02-us-west-02b,CPU-GP2-02,p1,,,,QSFP28-100G-DR1,LC-TO-LC SMF,,,,,,,,,,,,,,
LLDP:  Passed,US-PHX01,c160:020:46,t0-gg1-a1-02-r020-us-west-02b,SN3700,swp3,,,QSFP28-100G-DR1,,US-PHX01,c160:020:27,c160-r020-node-03-us-west-02b,CPU-GP2-02,p1,,,,QSFP28-100G-DR1,LC-TO-LC SMF,,,,,,,,,,,,,,
LLDP:  Passed,US-PHX01,c160:020:46,t0-gg1-a1-02-r020-us-west-02b,SN3700,swp4,,,QSFP28-100G-DR1,,US-PHX01,c160:020:25,c160-r020-node-04-us-west-02b,CPU-GP2-02,p1,,,,QSFP28-100G-DR1,LC-TO-LC SMF,,,,,,,,,,,,,,
LLDP:  Passed,US-PHX01,c160:020:46,t0-gg1-a1-02-r020-us-west-02b,SN3700,swp5,,,QSFP28-100G-DR1,,US-PHX01,c160:020:23,c160-r020-node-05-us-west-02b,CPU-GP2-02,p1,,,,QSFP28-100G-DR1,LC-TO-LC SMF,,,,,,,,,,,,,,
LLDP:  Passed,US-PHX01,c160:020:46,t0-gg1-a1-02-r020-us-west-02b,SN3700,swp6,,,QSFP28-100G-DR1,,US-PHX01,c160:020:21,c160-r020-node-06-us-west-02b,CPU-GP2-02,p1,,,,QSFP28-100G-DR1,LC-TO-LC SMF,,,,,,,,,,,,,,
LLDP:  Passed,US-PHX01,c160:020:46,t0-gg1-a1-02-r020-us-west-02b,SN3700,swp7,,,QSFP28-100G-DR1,,US-PHX01,c160:020:19,c160-r020-node-07-us-west-02b,CPU-GP2-02,p1,,,,QSFP28-100G-DR1,LC-TO-LC SMF,,,,,,,,,,,,,,
LLDP:  Passed,US-PHX01,c160:020:46,t0-gg1-a1-02-r020-us-west-02b,SN3700,swp8,,,QSFP28-100G-DR1,,US-PHX01,c160:020:17,c160-r020-node-08-us-west-02b,CPU-GP2-02,p1,,,,QSFP28-100G-DR1,LC-TO-LC SMF,,,,,,,,,,,,,,
LLDP:  Passed,US-PHX01,c160:020:46,t0-gg1-a1-02-r020-us-west-02b,SN3700,swp9,,,QSFP28-100G-DR1,,US-PHX01,c160:020:15,c160-r020-node-09-us-west-02b,CPU-GP2-02,p1,,,,QSFP28-100G-DR1,LC-TO-LC SMF,,,,,,,,,,,,,,
LLDP:  Passed,US-PHX01,c160:020:46,t0-gg1-a1-02-r020-us-west-02b,SN3700,swp10,,,QSFP28-100G-DR1,,US-PHX01,c160:020:13,c160-r020-node-10-us-west-02b,CPU-GP2-02,p1,,,,QSFP28-100G-DR1,LC-TO-LC SMF,,,,,,,,,,,,,,
LLDP:  Passed,US-PHX01,c160:020:46,t0-gg1-a1-02-r020-us-west-02b,SN3700,swp11,,,QSFP28-100G-DR1,,US-PHX01,c160:020:11,c160-r020-node-11-us-west-02b,CPU-GP2-02,p1,,,,QSFP28-100G-DR1,LC-TO-LC SMF,,,,,,,,,,,,,,
LLDP:  Passed,US-PHX01,c160:020:46,t0-gg1-a1-02-r020-us-west-02b,SN3700,swp12,,,QSFP28-100G-DR1,,US-PHX01,c160:020:09,c160-r020-node-12-us-west-02b,CPU-GP2-02,p1,,,,QSFP28-100G-DR1,LC-TO-LC SMF,,,,,,,,,,,,,,
LLDP:  Passed,US-PHX01,c160:020:46,t0-gg1-a1-02-r020-us-west-02b,SN3700,swp13,,,QSFP28-100G-DR1,,US-PHX01,c160:020:07,c160-r020-node-13-us-west-02b,CPU-GP2-02,p1,,,,QSFP28-100G-DR1,LC-TO-LC SMF,,,,,,,,,,,,,,
LLDP:  Passed,US-PHX01,c160:020:46,t0-gg1-a1-02-r020-us-west-02b,SN3700,swp14,,,QSFP28-100G-DR1,,US-PHX01,c160:020:05,c160-r020-node-14-us-west-02b,CPU-GP2-02,p1,,,,QSFP28-100G-DR1,LC-TO-LC SMF,,,,,,,,,,,,,,
LLDP:  Passed,US-PHX01,c160:020:46,t0-gg1-a1-02-r020-us-west-02b,SN3700,swp15,,,QSFP28-100G-DR1,,US-PHX01,c160:020:03,c160-r020-node-15-us-west-02b,CPU-GP2-02,p1,,,,QSFP28-100G-DR1,LC-TO-LC SMF,,,,,,,,,,,,,,
,,,,,,,,,,,,,,,,,,,,,,,,,,,,,,,,,
LLDP:  Passed,US-PHX01,c160:020:40,ipmi-gg1-a1-r020-us-west-02b,SN2201,swp1,,,,,US-PHX01,c160:020:31,c160-r020-node-01-us-west-02b,CPU-GP2-02,ipmi,,,,,CAT6a,,,,,,,,,,,,,,
LLDP:  Passed,US-PHX01,c160:020:40,ipmi-gg1-a1-r020-us-west-02b,SN2201,swp2,,,,,US-PHX01,c160:020:29,c160-r020-node-02-us-west-02b,CPU-GP2-02,ipmi,,,,,CAT6a,,,,,,,,,,,,,,
LLDP:  Passed,US-PHX01,c160:020:40,ipmi-gg1-a1-r020-us-west-02b,SN2201,swp3,,,,,US-PHX01,c160:020:27,c160-r020-node-03-us-west-02b,CPU-GP2-02,ipmi,,,,,CAT6a,,,,,,,,,,,,,,
LLDP:  Passed,US-PHX01,c160:020:40,ipmi-gg1-a1-r020-us-west-02b,SN2201,swp4,,,,,US-PHX01,c160:020:25,c160-r020-node-04-us-west-02b,CPU-GP2-02,ipmi,,,,,CAT6a,,,,,,,,,,,,,,
LLDP:  Passed,US-PHX01,c160:020:40,ipmi-gg1-a1-r020-us-west-02b,SN2201,swp5,,,,,US-PHX01,c160:020:23,c160-r020-node-05-us-west-02b,CPU-GP2-02,ipmi,,,,,CAT6a,,,,,,,,,,,,,,
LLDP:  Passed,US-PHX01,c160:020:40,ipmi-gg1-a1-r020-us-west-02b,SN2201,swp6,,,,,US-PHX01,c160:020:21,c160-r020-node-06-us-west-02b,CPU-GP2-02,ipmi,,,,,CAT6a,,,,,,,,,,,,,,
LLDP:  Passed,US-PHX01,c160:020:40,ipmi-gg1-a1-r020-us-west-02b,SN2201,swp7,,,,,US-PHX01,c160:020:19,c160-r020-node-07-us-west-02b,CPU-GP2-02,ipmi,,,,,CAT6a,,,,,,,,,,,,,,
LLDP:  Passed,US-PHX01,c160:020:40,ipmi-gg1-a1-r020-us-west-02b,SN2201,swp8,,,,,US-PHX01,c160:020:17,c160-r020-node-08-us-west-02b,CPU-GP2-02,ipmi,,,,,CAT6a,,,,,,,,,,,,,,
LLDP:  Passed,US-PHX01,c160:020:40,ipmi-gg1-a1-r020-us-west-02b,SN2201,swp9,,,,,US-PHX01,c160:020:15,c160-r020-node-09-us-west-02b,CPU-GP2-02,ipmi,,,,,CAT6a,,,,,,,,,,,,,,
LLDP:  Passed,US-PHX01,c160:020:40,ipmi-gg1-a1-r020-us-west-02b,SN2201,swp10,,,,,US-PHX01,c160:020:13,c160-r020-node-10-us-west-02b,CPU-GP2-02,ipmi,,,,,CAT6a,,,,,,,,,,,,,,
LLDP:  Passed,US-PHX01,c160:020:40,ipmi-gg1-a1-r020-us-west-02b,SN2201,swp11,,,,,US-PHX01,c160:020:11,c160-r020-node-11-us-west-02b,CPU-GP2-02,ipmi,,,,,CAT6a,,,,,,,,,,,,,,
LLDP:  Passed,US-PHX01,c160:020:40,ipmi-gg1-a1-r020-us-west-02b,SN2201,swp12,,,,,US-PHX01,c160:020:09,c160-r020-node-12-us-west-02b,CPU-GP2-02,ipmi,,,,,CAT6a,,,,,,,,,,,,,,
LLDP:  Passed,US-PHX01,c160:020:40,ipmi-gg1-a1-r020-us-west-02b,SN2201,swp13,,,,,US-PHX01,c160:020:07,c160-r020-node-13-us-west-02b,CPU-GP2-02,ipmi,,,,,CAT6a,,,,,,,,,,,,,,
LLDP:  Passed,US-PHX01,c160:020:40,ipmi-gg1-a1-r020-us-west-02b,SN2201,swp14,,,,,US-PHX01,c160:020:05,c160-r020-node-14-us-west-02b,CPU-GP2-02,ipmi,,,,,CAT6a,,,,,,,,,,,,,,
LLDP:  Passed,US-PHX01,c160:020:40,ipmi-gg1-a1-r020-us-west-02b,SN2201,swp15,,,,,US-PHX01,c160:020:03,c160-r020-node-15-us-west-02b,CPU-GP2-02,ipmi,,,,,CAT6a,,,,,,,,,,,,,,
,,,,,,,,,,,,,,,,,,,,,,,,,,,,,,,,,
LLDP:  Passed,US-PHX01,c160:020:38,dpu-gg1-a1-r020-us-west-02b,SN2201,swp1,,,,,US-PHX01,c160:020:31,c160-r020-node-01-us-west-02b,CPU-GP2-02,dpu,,,,,CAT6a,,,,,,,,,,,,,,
LLDP:  Passed,US-PHX01,c160:020:38,dpu-gg1-a1-r020-us-west-02b,SN2201,swp2,,,,,US-PHX01,c160:020:29,c160-r020-node-02-us-west-02b,CPU-GP2-02,dpu,,,,,CAT6a,,,,,,,,,,,,,,
LLDP:  Passed,US-PHX01,c160:020:38,dpu-gg1-a1-r020-us-west-02b,SN2201,swp3,,,,,US-PHX01,c160:020:27,c160-r020-node-03-us-west-02b,CPU-GP2-02,dpu,,,,,CAT6a,,,,,,,,,,,,,,
LLDP:  Passed,US-PHX01,c160:020:38,dpu-gg1-a1-r020-us-west-02b,SN2201,swp4,,,,,US-PHX01,c160:020:25,c160-r020-node-04-us-west-02b,CPU-GP2-02,dpu,,,,,CAT6a,,,,,,,,,,,,,,
LLDP:  Passed,US-PHX01,c160:020:38,dpu-gg1-a1-r020-us-west-02b,SN2201,swp5,,,,,US-PHX01,c160:020:23,c160-r020-node-05-us-west-02b,CPU-GP2-02,dpu,,,,,CAT6a,,,,,,,,,,,,,,
LLDP:  Passed,US-PHX01,c160:020:38,dpu-gg1-a1-r020-us-west-02b,SN2201,swp6,,,,,US-PHX01,c160:020:21,c160-r020-node-06-us-west-02b,CPU-GP2-02,dpu,,,,,CAT6a,,,,,,,,,,,,,,
LLDP:  Passed,US-PHX01,c160:020:38,dpu-gg1-a1-r020-us-west-02b,SN2201,swp7,,,,,US-PHX01,c160:020:19,c160-r020-node-07-us-west-02b,CPU-GP2-02,dpu,,,,,CAT6a,,,,,,,,,,,,,,
LLDP:  Passed,US-PHX01,c160:020:38,dpu-gg1-a1-r020-us-west-02b,SN2201,swp8,,,,,US-PHX01,c160:020:17,c160-r020-node-08-us-west-02b,CPU-GP2-02,dpu,,,,,CAT6a,,,,,,,,,,,,,,
LLDP:  Passed,US-PHX01,c160:020:38,dpu-gg1-a1-r020-us-west-02b,SN2201,swp9,,,,,US-PHX01,c160:020:15,c160-r020-node-09-us-west-02b,CPU-GP2-02,dpu,,,,,CAT6a,,,,,,,,,,,,,,
LLDP:  Passed,US-PHX01,c160:020:38,dpu-gg1-a1-r020-us-west-02b,SN2201,swp10,,,,,US-PHX01,c160:020:13,c160-r020-node-10-us-west-02b,CPU-GP2-02,dpu,,,,,CAT6a,,,,,,,,,,,,,,
LLDP:  Passed,US-PHX01,c160:020:38,dpu-gg1-a1-r020-us-west-02b,SN2201,swp11,,,,,US-PHX01,c160:020:11,c160-r020-node-11-us-west-02b,CPU-GP2-02,dpu,,,,,CAT6a,,,,,,,,,,,,,,
LLDP:  Passed,US-PHX01,c160:020:38,dpu-gg1-a1-r020-us-west-02b,SN2201,swp12,,,,,US-PHX01,c160:020:09,c160-r020-node-12-us-west-02b,CPU-GP2-02,dpu,,,,,CAT6a,,,,,,,,,,,,,,
LLDP:  Passed,US-PHX01,c160:020:38,dpu-gg1-a1-r020-us-west-02b,SN2201,swp13,,,,,US-PHX01,c160:020:07,c160-r020-node-13-us-west-02b,CPU-GP2-02,dpu,,,,,CAT6a,,,,,,,,,,,,,,
LLDP:  Passed,US-PHX01,c160:020:38,dpu-gg1-a1-r020-us-west-02b,SN2201,swp14,,,,,US-PHX01,c160:020:05,c160-r020-node-14-us-west-02b,CPU-GP2-02,dpu,,,,,CAT6a,,,,,,,,,,,,,,
LLDP:  Passed,US-PHX01,c160:020:38,dpu-gg1-a1-r020-us-west-02b,SN2201,swp15,,,,,US-PHX01,c160:020:03,c160-r020-node-15-us-west-02b,CPU-GP2-02,dpu,,,,,CAT6a,,,,,,,,,,,,,,
,,,,,,,,,,,,,,,,,,,,,,,,,,,,,,,,,
,,,,,,,,,,,,,,,,,,,,,,,,,,,,,,,,,
C160 :: ROW-01 - CAB-021,,,,,,,,,,,,,,,,,,,,,,,,,,,,,,,,,
LLDP:  Passed,US-PHX01,c160:021:48,t0-gg1-a1-01-r021-us-west-02b,SN3700,swp1,,,QSFP28-100G-DR1,,US-PHX01,c160:021:31,c160-r021-node-01-us-west-02b,CPU-GP2-02,p0,,,,QSFP28-100G-DR1,LC-TO-LC SMF,,,,,,,,,,,,,,
LLDP:  Passed,US-PHX01,c160:021:48,t0-gg1-a1-01-r021-us-west-02b,SN3700,swp2,,,QSFP28-100G-DR1,,US-PHX01,c160:021:29,c160-r021-node-02-us-west-02b,CPU-GP2-02,p0,,,,QSFP28-100G-DR1,LC-TO-LC SMF,,,,,,,,,,,,,,
LLDP:  Passed,US-PHX01,c160:021:48,t0-gg1-a1-01-r021-us-west-02b,SN3700,swp3,,,QSFP28-100G-DR1,,US-PHX01,c160:021:27,c160-r021-node-03-us-west-02b,CPU-GP2-02,p0,,,,QSFP28-100G-DR1,LC-TO-LC SMF,,,,,,,,,,,,,,
LLDP:  Passed,US-PHX01,c160:021:48,t0-gg1-a1-01-r021-us-west-02b,SN3700,swp4,,,QSFP28-100G-DR1,,US-PHX01,c160:021:25,c160-r021-node-04-us-west-02b,CPU-GP2-02,p0,,,,QSFP28-100G-DR1,LC-TO-LC SMF,,,,,,,,,,,,,,
LLDP:  Passed,US-PHX01,c160:021:48,t0-gg1-a1-01-r021-us-west-02b,SN3700,swp5,,,QSFP28-100G-DR1,,US-PHX01,c160:021:23,c160-r021-node-05-us-west-02b,CPU-GP2-02,p0,,,,QSFP28-100G-DR1,LC-TO-LC SMF,,,,,,,,,,,,,,
LLDP:  Passed,US-PHX01,c160:021:48,t0-gg1-a1-01-r021-us-west-02b,SN3700,swp6,,,QSFP28-100G-DR1,,US-PHX01,c160:021:21,c160-r021-node-06-us-west-02b,CPU-GP2-02,p0,,,,QSFP28-100G-DR1,LC-TO-LC SMF,,,,,,,,,,,,,,
LLDP:  Passed,US-PHX01,c160:021:48,t0-gg1-a1-01-r021-us-west-02b,SN3700,swp7,,,QSFP28-100G-DR1,,US-PHX01,c160:021:19,c160-r021-node-07-us-west-02b,CPU-GP2-02,p0,,,,QSFP28-100G-DR1,LC-TO-LC SMF,,,,,,,,,,,,,,
LLDP:  Passed,US-PHX01,c160:021:48,t0-gg1-a1-01-r021-us-west-02b,SN3700,swp8,,,QSFP28-100G-DR1,,US-PHX01,c160:021:17,c160-r021-node-08-us-west-02b,CPU-GP2-02,p0,,,,QSFP28-100G-DR1,LC-TO-LC SMF,,,,,,,,,,,,,,
LLDP:  Passed,US-PHX01,c160:021:48,t0-gg1-a1-01-r021-us-west-02b,SN3700,swp9,,,QSFP28-100G-DR1,,US-PHX01,c160:021:15,c160-r021-node-09-us-west-02b,CPU-GP2-02,p0,,,,QSFP28-100G-DR1,LC-TO-LC SMF,,,,,,,,,,,,,,
LLDP:  Passed,US-PHX01,c160:021:48,t0-gg1-a1-01-r021-us-west-02b,SN3700,swp10,,,QSFP28-100G-DR1,,US-PHX01,c160:021:13,c160-r021-node-10-us-west-02b,CPU-GP2-02,p0,,,,QSFP28-100G-DR1,LC-TO-LC SMF,,,,,,,,,,,,,,
LLDP:  Passed,US-PHX01,c160:021:48,t0-gg1-a1-01-r021-us-west-02b,SN3700,swp11,,,QSFP28-100G-DR1,,US-PHX01,c160:021:11,c160-r021-node-11-us-west-02b,CPU-GP2-02,p0,,,,QSFP28-100G-DR1,LC-TO-LC SMF,,,,,,,,,,,,,,
LLDP:  Passed,US-PHX01,c160:021:48,t0-gg1-a1-01-r021-us-west-02b,SN3700,swp12,,,QSFP28-100G-DR1,,US-PHX01,c160:021:09,c160-r021-node-12-us-west-02b,CPU-GP2-02,p0,,,,QSFP28-100G-DR1,LC-TO-LC SMF,,,,,,,,,,,,,,
LLDP:  Passed,US-PHX01,c160:021:48,t0-gg1-a1-01-r021-us-west-02b,SN3700,swp13,,,QSFP28-100G-DR1,,US-PHX01,c160:021:07,c160-r021-node-13-us-west-02b,CPU-GP2-02,p0,,,,QSFP28-100G-DR1,LC-TO-LC SMF,,,,,,,,,,,,,,
LLDP:  Passed,US-PHX01,c160:021:48,t0-gg1-a1-01-r021-us-west-02b,SN3700,swp14,,,QSFP28-100G-DR1,,US-PHX01,c160:021:05,c160-r021-node-14-us-west-02b,CPU-GP2-02,p0,,,,QSFP28-100G-DR1,LC-TO-LC SMF,,,,,,,,,,,,,,
LLDP:  Passed,US-PHX01,c160:021:48,t0-gg1-a1-01-r021-us-west-02b,SN3700,swp15,,,QSFP28-100G-DR1,,US-PHX01,c160:021:03,c160-r021-node-15-us-west-02b,CPU-GP2-02,p0,,,,QSFP28-100G-DR1,LC-TO-LC SMF,,,,,,,,,,,,,,
,,,,,,,,,,,,,,,,,,,,,,,,,,,,,,,,,
LLDP:  Passed,US-PHX01,c160:021:46,t0-gg1-a1-02-r021-us-west-02b,SN3700,swp1,,,QSFP28-100G-DR1,,US-PHX01,c160:021:31,c160-r021-node-01-us-west-02b,CPU-GP2-02,p1,,,,QSFP28-100G-DR1,LC-TO-LC SMF,,,,,,,,,,,,,,
LLDP:  Passed,US-PHX01,c160:021:46,t0-gg1-a1-02-r021-us-west-02b,SN3700,swp2,,,QSFP28-100G-DR1,,US-PHX01,c160:021:29,c160-r021-node-02-us-west-02b,CPU-GP2-02,p1,,,,QSFP28-100G-DR1,LC-TO-LC SMF,,,,,,,,,,,,,,
LLDP:  Passed,US-PHX01,c160:021:46,t0-gg1-a1-02-r021-us-west-02b,SN3700,swp3,,,QSFP28-100G-DR1,,US-PHX01,c160:021:27,c160-r021-node-03-us-west-02b,CPU-GP2-02,p1,,,,QSFP28-100G-DR1,LC-TO-LC SMF,,,,,,,,,,,,,,
LLDP:  Passed,US-PHX01,c160:021:46,t0-gg1-a1-02-r021-us-west-02b,SN3700,swp4,,,QSFP28-100G-DR1,,US-PHX01,c160:021:25,c160-r021-node-04-us-west-02b,CPU-GP2-02,p1,,,,QSFP28-100G-DR1,LC-TO-LC SMF,,,,,,,,,,,,,,
LLDP:  Passed,US-PHX01,c160:021:46,t0-gg1-a1-02-r021-us-west-02b,SN3700,swp5,,,QSFP28-100G-DR1,,US-PHX01,c160:021:23,c160-r021-node-05-us-west-02b,CPU-GP2-02,p1,,,,QSFP28-100G-DR1,LC-TO-LC SMF,,,,,,,,,,,,,,
LLDP:  Passed,US-PHX01,c160:021:46,t0-gg1-a1-02-r021-us-west-02b,SN3700,swp6,,,QSFP28-100G-DR1,,US-PHX01,c160:021:21,c160-r021-node-06-us-west-02b,CPU-GP2-02,p1,,,,QSFP28-100G-DR1,LC-TO-LC SMF,,,,,,,,,,,,,,
LLDP:  Passed,US-PHX01,c160:021:46,t0-gg1-a1-02-r021-us-west-02b,SN3700,swp7,,,QSFP28-100G-DR1,,US-PHX01,c160:021:19,c160-r021-node-07-us-west-02b,CPU-GP2-02,p1,,,,QSFP28-100G-DR1,LC-TO-LC SMF,,,,,,,,,,,,,,
LLDP:  Passed,US-PHX01,c160:021:46,t0-gg1-a1-02-r021-us-west-02b,SN3700,swp8,,,QSFP28-100G-DR1,,US-PHX01,c160:021:17,c160-r021-node-08-us-west-02b,CPU-GP2-02,p1,,,,QSFP28-100G-DR1,LC-TO-LC SMF,,,,,,,,,,,,,,
LLDP:  Passed,US-PHX01,c160:021:46,t0-gg1-a1-02-r021-us-west-02b,SN3700,swp9,,,QSFP28-100G-DR1,,US-PHX01,c160:021:15,c160-r021-node-09-us-west-02b,CPU-GP2-02,p1,,,,QSFP28-100G-DR1,LC-TO-LC SMF,,,,,,,,,,,,,,
LLDP:  Passed,US-PHX01,c160:021:46,t0-gg1-a1-02-r021-us-west-02b,SN3700,swp10,,,QSFP28-100G-DR1,,US-PHX01,c160:021:13,c160-r021-node-10-us-west-02b,CPU-GP2-02,p1,,,,QSFP28-100G-DR1,LC-TO-LC SMF,,,,,,,,,,,,,,
LLDP:  Passed,US-PHX01,c160:021:46,t0-gg1-a1-02-r021-us-west-02b,SN3700,swp11,,,QSFP28-100G-DR1,,US-PHX01,c160:021:11,c160-r021-node-11-us-west-02b,CPU-GP2-02,p1,,,,QSFP28-100G-DR1,LC-TO-LC SMF,,,,,,,,,,,,,,
LLDP:  Passed,US-PHX01,c160:021:46,t0-gg1-a1-02-r021-us-west-02b,SN3700,swp12,,,QSFP28-100G-DR1,,US-PHX01,c160:021:09,c160-r021-node-12-us-west-02b,CPU-GP2-02,p1,,,,QSFP28-100G-DR1,LC-TO-LC SMF,,,,,,,,,,,,,,
LLDP:  Passed,US-PHX01,c160:021:46,t0-gg1-a1-02-r021-us-west-02b,SN3700,swp13,,,QSFP28-100G-DR1,,US-PHX01,c160:021:07,c160-r021-node-13-us-west-02b,CPU-GP2-02,p1,,,,QSFP28-100G-DR1,LC-TO-LC SMF,,,,,,,,,,,,,,
LLDP:  Passed,US-PHX01,c160:021:46,t0-gg1-a1-02-r021-us-west-02b,SN3700,swp14,,,QSFP28-100G-DR1,,US-PHX01,c160:021:05,c160-r021-node-14-us-west-02b,CPU-GP2-02,p1,,,,QSFP28-100G-DR1,LC-TO-LC SMF,,,,,,,,,,,,,,
LLDP:  Passed,US-PHX01,c160:021:46,t0-gg1-a1-02-r021-us-west-02b,SN3700,swp15,,,QSFP28-100G-DR1,,US-PHX01,c160:021:03,c160-r021-node-15-us-west-02b,CPU-GP2-02,p1,,,,QSFP28-100G-DR1,LC-TO-LC SMF,,,,,,,,,,,,,,
,,,,,,,,,,,,,,,,,,,,,,,,,,,,,,,,,
LLDP:  Passed,US-PHX01,c160:021:40,ipmi-gg1-a1-r021-us-west-02b,SN2201,swp1,,,,,US-PHX01,c160:021:31,c160-r021-node-01-us-west-02b,CPU-GP2-02,ipmi,,,,,CAT6a,,,,,,,,,,,,,,
LLDP:  Passed,US-PHX01,c160:021:40,ipmi-gg1-a1-r021-us-west-02b,SN2201,swp2,,,,,US-PHX01,c160:021:29,c160-r021-node-02-us-west-02b,CPU-GP2-02,ipmi,,,,,CAT6a,,,,,,,,,,,,,,
LLDP:  Passed,US-PHX01,c160:021:40,ipmi-gg1-a1-r021-us-west-02b,SN2201,swp3,,,,,US-PHX01,c160:021:27,c160-r021-node-03-us-west-02b,CPU-GP2-02,ipmi,,,,,CAT6a,,,,,,,,,,,,,,
LLDP:  Passed,US-PHX01,c160:021:40,ipmi-gg1-a1-r021-us-west-02b,SN2201,swp4,,,,,US-PHX01,c160:021:25,c160-r021-node-04-us-west-02b,CPU-GP2-02,ipmi,,,,,CAT6a,,,,,,,,,,,,,,
LLDP:  Passed,US-PHX01,c160:021:40,ipmi-gg1-a1-r021-us-west-02b,SN2201,swp5,,,,,US-PHX01,c160:021:23,c160-r021-node-05-us-west-02b,CPU-GP2-02,ipmi,,,,,CAT6a,,,,,,,,,,,,,,
LLDP:  Passed,US-PHX01,c160:021:40,ipmi-gg1-a1-r021-us-west-02b,SN2201,swp6,,,,,US-PHX01,c160:021:21,c160-r021-node-06-us-west-02b,CPU-GP2-02,ipmi,,,,,CAT6a,,,,,,,,,,,,,,
LLDP:  Passed,US-PHX01,c160:021:40,ipmi-gg1-a1-r021-us-west-02b,SN2201,swp7,,,,,US-PHX01,c160:021:19,c160-r021-node-07-us-west-02b,CPU-GP2-02,ipmi,,,,,CAT6a,,,,,,,,,,,,,,
LLDP:  Passed,US-PHX01,c160:021:40,ipmi-gg1-a1-r021-us-west-02b,SN2201,swp8,,,,,US-PHX01,c160:021:17,c160-r021-node-08-us-west-02b,CPU-GP2-02,ipmi,,,,,CAT6a,,,,,,,,,,,,,,
LLDP:  Passed,US-PHX01,c160:021:40,ipmi-gg1-a1-r021-us-west-02b,SN2201,swp9,,,,,US-PHX01,c160:021:15,c160-r021-node-09-us-west-02b,CPU-GP2-02,ipmi,,,,,CAT6a,,,,,,,,,,,,,,
LLDP:  Passed,US-PHX01,c160:021:40,ipmi-gg1-a1-r021-us-west-02b,SN2201,swp10,,,,,US-PHX01,c160:021:13,c160-r021-node-10-us-west-02b,CPU-GP2-02,ipmi,,,,,CAT6a,,,,,,,,,,,,,,
LLDP:  Passed,US-PHX01,c160:021:40,ipmi-gg1-a1-r021-us-west-02b,SN2201,swp11,,,,,US-PHX01,c160:021:11,c160-r021-node-11-us-west-02b,CPU-GP2-02,ipmi,,,,,CAT6a,,,,,,,,,,,,,,
LLDP:  Passed,US-PHX01,c160:021:40,ipmi-gg1-a1-r021-us-west-02b,SN2201,swp12,,,,,US-PHX01,c160:021:09,c160-r021-node-12-us-west-02b,CPU-GP2-02,ipmi,,,,,CAT6a,,,,,,,,,,,,,,
LLDP:  Passed,US-PHX01,c160:021:40,ipmi-gg1-a1-r021-us-west-02b,SN2201,swp13,,,,,US-PHX01,c160:021:07,c160-r021-node-13-us-west-02b,CPU-GP2-02,ipmi,,,,,CAT6a,,,,,,,,,,,,,,
LLDP:  Passed,US-PHX01,c160:021:40,ipmi-gg1-a1-r021-us-west-02b,SN2201,swp14,,,,,US-PHX01,c160:021:05,c160-r021-node-14-us-west-02b,CPU-GP2-02,ipmi,,,,,CAT6a,,,,,,,,,,,,,,
LLDP:  Passed,US-PHX01,c160:021:40,ipmi-gg1-a1-r021-us-west-02b,SN2201,swp15,,,,,US-PHX01,c160:021:03,c160-r021-node-15-us-west-02b,CPU-GP2-02,ipmi,,,,,CAT6a,,,,,,,,,,,,,,
,,,,,,,,,,,,,,,,,,,,,,,,,,,,,,,,,
LLDP:  Passed,US-PHX01,c160:021:38,dpu-gg1-a1-r021-us-west-02b,SN2201,swp1,,,,,US-PHX01,c160:021:31,c160-r021-node-01-us-west-02b,CPU-GP2-02,dpu,,,,,CAT6a,,,,,,,,,,,,,,
LLDP:  Passed,US-PHX01,c160:021:38,dpu-gg1-a1-r021-us-west-02b,SN2201,swp2,,,,,US-PHX01,c160:021:29,c160-r021-node-02-us-west-02b,CPU-GP2-02,dpu,,,,,CAT6a,,,,,,,,,,,,,,
LLDP:  Passed,US-PHX01,c160:021:38,dpu-gg1-a1-r021-us-west-02b,SN2201,swp3,,,,,US-PHX01,c160:021:27,c160-r021-node-03-us-west-02b,CPU-GP2-02,dpu,,,,,CAT6a,,,,,,,,,,,,,,
LLDP:  Passed,US-PHX01,c160:021:38,dpu-gg1-a1-r021-us-west-02b,SN2201,swp4,,,,,US-PHX01,c160:021:25,c160-r021-node-04-us-west-02b,CPU-GP2-02,dpu,,,,,CAT6a,,,,,,,,,,,,,,
LLDP:  Passed,US-PHX01,c160:021:38,dpu-gg1-a1-r021-us-west-02b,SN2201,swp5,,,,,US-PHX01,c160:021:23,c160-r021-node-05-us-west-02b,CPU-GP2-02,dpu,,,,,CAT6a,,,,,,,,,,,,,,
LLDP:  Passed,US-PHX01,c160:021:38,dpu-gg1-a1-r021-us-west-02b,SN2201,swp6,,,,,US-PHX01,c160:021:21,c160-r021-node-06-us-west-02b,CPU-GP2-02,dpu,,,,,CAT6a,,,,,,,,,,,,,,
LLDP:  Passed,US-PHX01,c160:021:38,dpu-gg1-a1-r021-us-west-02b,SN2201,swp7,,,,,US-PHX01,c160:021:19,c160-r021-node-07-us-west-02b,CPU-GP2-02,dpu,,,,,CAT6a,,,,,,,,,,,,,,
LLDP:  Passed,US-PHX01,c160:021:38,dpu-gg1-a1-r021-us-west-02b,SN2201,swp8,,,,,US-PHX01,c160:021:17,c160-r021-node-08-us-west-02b,CPU-GP2-02,dpu,,,,,CAT6a,,,,,,,,,,,,,,
LLDP:  Passed,US-PHX01,c160:021:38,dpu-gg1-a1-r021-us-west-02b,SN2201,swp9,,,,,US-PHX01,c160:021:15,c160-r021-node-09-us-west-02b,CPU-GP2-02,dpu,,,,,CAT6a,,,,,,,,,,,,,,
LLDP:  Passed,US-PHX01,c160:021:38,dpu-gg1-a1-r021-us-west-02b,SN2201,swp10,,,,,US-PHX01,c160:021:13,c160-r021-node-10-us-west-02b,CPU-GP2-02,dpu,,,,,CAT6a,,,,,,,,,,,,,,
LLDP:  Passed,US-PHX01,c160:021:38,dpu-gg1-a1-r021-us-west-02b,SN2201,swp11,,,,,US-PHX01,c160:021:11,c160-r021-node-11-us-west-02b,CPU-GP2-02,dpu,,,,,CAT6a,,,,,,,,,,,,,,
LLDP:  Passed,US-PHX01,c160:021:38,dpu-gg1-a1-r021-us-west-02b,SN2201,swp12,,,,,US-PHX01,c160:021:09,c160-r021-node-12-us-west-02b,CPU-GP2-02,dpu,,,,,CAT6a,,,,,,,,,,,,,,
LLDP:  Passed,US-PHX01,c160:021:38,dpu-gg1-a1-r021-us-west-02b,SN2201,swp13,,,,,US-PHX01,c160:021:07,c160-r021-node-13-us-west-02b,CPU-GP2-02,dpu,,,,,CAT6a,,,,,,,,,,,,,,
LLDP:  Passed,US-PHX01,c160:021:38,dpu-gg1-a1-r021-us-west-02b,SN2201,swp14,,,,,US-PHX01,c160:021:05,c160-r021-node-14-us-west-02b,CPU-GP2-02,dpu,,,,,CAT6a,,,,,,,,,,,,,,
LLDP:  Passed,US-PHX01,c160:021:38,dpu-gg1-a1-r021-us-west-02b,SN2201,swp15,,,,,US-PHX01,c160:021:03,c160-r021-node-15-us-west-02b,CPU-GP2-02,dpu,,,,,CAT6a,,,,,,,,,,,,,,
,,,,,,,,,,,,,,,,,,,,,,,,,,,,,,,,,
,,,,,,,,,,,,,,,,,,,,,,,,,,,,,,,,,
C160 :: ROW-01 - CAB-022,,,,,,,,,,,,,,,,,,,,,,,,,,,,,,,,,
LLDP:  Passed,US-PHX01,c160:022:48,t0-gg1-a1-01-r022-us-west-02b,SN3700,swp1,,,QSFP28-100G-DR1,,US-PHX01,c160:022:31,c160-r022-node-01-us-west-02b,CPU-GP2-02,p0,,,,QSFP28-100G-DR1,LC-TO-LC SMF,,,,,,,,,,,,,,
LLDP:  Passed,US-PHX01,c160:022:48,t0-gg1-a1-01-r022-us-west-02b,SN3700,swp2,,,QSFP28-100G-DR1,,US-PHX01,c160:022:29,c160-r022-node-02-us-west-02b,CPU-GP2-02,p0,,,,QSFP28-100G-DR1,LC-TO-LC SMF,,,,,,,,,,,,,,
LLDP:  Passed,US-PHX01,c160:022:48,t0-gg1-a1-01-r022-us-west-02b,SN3700,swp3,,,QSFP28-100G-DR1,,US-PHX01,c160:022:27,c160-r022-node-03-us-west-02b,CPU-GP2-02,p0,,,,QSFP28-100G-DR1,LC-TO-LC SMF,,,,,,,,,,,,,,
LLDP:  Passed,US-PHX01,c160:022:48,t0-gg1-a1-01-r022-us-west-02b,SN3700,swp4,,,QSFP28-100G-DR1,,US-PHX01,c160:022:25,c160-r022-node-04-us-west-02b,CPU-GP2-02,p0,,,,QSFP28-100G-DR1,LC-TO-LC SMF,,,,,,,,,,,,,,
LLDP:  Passed,US-PHX01,c160:022:48,t0-gg1-a1-01-r022-us-west-02b,SN3700,swp5,,,QSFP28-100G-DR1,,US-PHX01,c160:022:23,c160-r022-node-05-us-west-02b,CPU-GP2-02,p0,,,,QSFP28-100G-DR1,LC-TO-LC SMF,,,,,,,,,,,,,,
LLDP:  Passed,US-PHX01,c160:022:48,t0-gg1-a1-01-r022-us-west-02b,SN3700,swp6,,,QSFP28-100G-DR1,,US-PHX01,c160:022:21,c160-r022-node-06-us-west-02b,CPU-GP2-02,p0,,,,QSFP28-100G-DR1,LC-TO-LC SMF,,,,,,,,,,,,,,
LLDP:  Passed,US-PHX01,c160:022:48,t0-gg1-a1-01-r022-us-west-02b,SN3700,swp7,,,QSFP28-100G-DR1,,US-PHX01,c160:022:19,c160-r022-node-07-us-west-02b,CPU-GP2-02,p0,,,,QSFP28-100G-DR1,LC-TO-LC SMF,,,,,,,,,,,,,,
LLDP:  Passed,US-PHX01,c160:022:48,t0-gg1-a1-01-r022-us-west-02b,SN3700,swp8,,,QSFP28-100G-DR1,,US-PHX01,c160:022:17,c160-r022-node-08-us-west-02b,CPU-GP2-02,p0,,,,QSFP28-100G-DR1,LC-TO-LC SMF,,,,,,,,,,,,,,
LLDP:  Passed,US-PHX01,c160:022:48,t0-gg1-a1-01-r022-us-west-02b,SN3700,swp9,,,QSFP28-100G-DR1,,US-PHX01,c160:022:15,c160-r022-node-09-us-west-02b,CPU-GP2-02,p0,,,,QSFP28-100G-DR1,LC-TO-LC SMF,,,,,,,,,,,,,,
LLDP:  Passed,US-PHX01,c160:022:48,t0-gg1-a1-01-r022-us-west-02b,SN3700,swp10,,,QSFP28-100G-DR1,,US-PHX01,c160:022:13,c160-r022-node-10-us-west-02b,CPU-GP2-02,p0,,,,QSFP28-100G-DR1,LC-TO-LC SMF,,,,,,,,,,,,,,
LLDP:  Passed,US-PHX01,c160:022:48,t0-gg1-a1-01-r022-us-west-02b,SN3700,swp11,,,QSFP28-100G-DR1,,US-PHX01,c160:022:11,c160-r022-node-11-us-west-02b,CPU-GP2-02,p0,,,,QSFP28-100G-DR1,LC-TO-LC SMF,,,,,,,,,,,,,,
LLDP:  Passed,US-PHX01,c160:022:48,t0-gg1-a1-01-r022-us-west-02b,SN3700,swp12,,,QSFP28-100G-DR1,,US-PHX01,c160:022:09,c160-r022-node-12-us-west-02b,CPU-GP2-02,p0,,,,QSFP28-100G-DR1,LC-TO-LC SMF,,,,,,,,,,,,,,
LLDP:  Passed,US-PHX01,c160:022:48,t0-gg1-a1-01-r022-us-west-02b,SN3700,swp13,,,QSFP28-100G-DR1,,US-PHX01,c160:022:07,c160-r022-node-13-us-west-02b,CPU-GP2-02,p0,,,,QSFP28-100G-DR1,LC-TO-LC SMF,,,,,,,,,,,,,,
LLDP:  Passed,US-PHX01,c160:022:48,t0-gg1-a1-01-r022-us-west-02b,SN3700,swp14,,,QSFP28-100G-DR1,,US-PHX01,c160:022:05,c160-r022-node-14-us-west-02b,CPU-GP2-02,p0,,,,QSFP28-100G-DR1,LC-TO-LC SMF,,,,,,,,,,,,,,
LLDP:  Passed,US-PHX01,c160:022:48,t0-gg1-a1-01-r022-us-west-02b,SN3700,swp15,,,QSFP28-100G-DR1,,US-PHX01,c160:022:03,c160-r022-node-15-us-west-02b,CPU-GP2-02,p0,,,,QSFP28-100G-DR1,LC-TO-LC SMF,,,,,,,,,,,,,,
,,,,,,,,,,,,,,,,,,,,,,,,,,,,,,,,,
LLDP:  Passed,US-PHX01,c160:022:46,t0-gg1-a1-02-r022-us-west-02b,SN3700,swp1,,,QSFP28-100G-DR1,,US-PHX01,c160:022:31,c160-r022-node-01-us-west-02b,CPU-GP2-02,p1,,,,QSFP28-100G-DR1,LC-TO-LC SMF,,,,,,,,,,,,,,
LLDP:  Passed,US-PHX01,c160:022:46,t0-gg1-a1-02-r022-us-west-02b,SN3700,swp2,,,QSFP28-100G-DR1,,US-PHX01,c160:022:29,c160-r022-node-02-us-west-02b,CPU-GP2-02,p1,,,,QSFP28-100G-DR1,LC-TO-LC SMF,,,,,,,,,,,,,,
LLDP:  Passed,US-PHX01,c160:022:46,t0-gg1-a1-02-r022-us-west-02b,SN3700,swp3,,,QSFP28-100G-DR1,,US-PHX01,c160:022:27,c160-r022-node-03-us-west-02b,CPU-GP2-02,p1,,,,QSFP28-100G-DR1,LC-TO-LC SMF,,,,,,,,,,,,,,
LLDP:  Passed,US-PHX01,c160:022:46,t0-gg1-a1-02-r022-us-west-02b,SN3700,swp4,,,QSFP28-100G-DR1,,US-PHX01,c160:022:25,c160-r022-node-04-us-west-02b,CPU-GP2-02,p1,,,,QSFP28-100G-DR1,LC-TO-LC SMF,,,,,,,,,,,,,,
LLDP:  Passed,US-PHX01,c160:022:46,t0-gg1-a1-02-r022-us-west-02b,SN3700,swp5,,,QSFP28-100G-DR1,,US-PHX01,c160:022:23,c160-r022-node-05-us-west-02b,CPU-GP2-02,p1,,,,QSFP28-100G-DR1,LC-TO-LC SMF,,,,,,,,,,,,,,
LLDP:  Passed,US-PHX01,c160:022:46,t0-gg1-a1-02-r022-us-west-02b,SN3700,swp6,,,QSFP28-100G-DR1,,US-PHX01,c160:022:21,c160-r022-node-06-us-west-02b,CPU-GP2-02,p1,,,,QSFP28-100G-DR1,LC-TO-LC SMF,,,,,,,,,,,,,,
LLDP:  Passed,US-PHX01,c160:022:46,t0-gg1-a1-02-r022-us-west-02b,SN3700,swp7,,,QSFP28-100G-DR1,,US-PHX01,c160:022:19,c160-r022-node-07-us-west-02b,CPU-GP2-02,p1,,,,QSFP28-100G-DR1,LC-TO-LC SMF,,,,,,,,,,,,,,
LLDP:  Passed,US-PHX01,c160:022:46,t0-gg1-a1-02-r022-us-west-02b,SN3700,swp8,,,QSFP28-100G-DR1,,US-PHX01,c160:022:17,c160-r022-node-08-us-west-02b,CPU-GP2-02,p1,,,,QSFP28-100G-DR1,LC-TO-LC SMF,,,,,,,,,,,,,,
LLDP:  Passed,US-PHX01,c160:022:46,t0-gg1-a1-02-r022-us-west-02b,SN3700,swp9,,,QSFP28-100G-DR1,,US-PHX01,c160:022:15,c160-r022-node-09-us-west-02b,CPU-GP2-02,p1,,,,QSFP28-100G-DR1,LC-TO-LC SMF,,,,,,,,,,,,,,
LLDP:  Passed,US-PHX01,c160:022:46,t0-gg1-a1-02-r022-us-west-02b,SN3700,swp10,,,QSFP28-100G-DR1,,US-PHX01,c160:022:13,c160-r022-node-10-us-west-02b,CPU-GP2-02,p1,,,,QSFP28-100G-DR1,LC-TO-LC SMF,,,,,,,,,,,,,,
LLDP:  Passed,US-PHX01,c160:022:46,t0-gg1-a1-02-r022-us-west-02b,SN3700,swp11,,,QSFP28-100G-DR1,,US-PHX01,c160:022:11,c160-r022-node-11-us-west-02b,CPU-GP2-02,p1,,,,QSFP28-100G-DR1,LC-TO-LC SMF,,,,,,,,,,,,,,
LLDP:  Passed,US-PHX01,c160:022:46,t0-gg1-a1-02-r022-us-west-02b,SN3700,swp12,,,QSFP28-100G-DR1,,US-PHX01,c160:022:09,c160-r022-node-12-us-west-02b,CPU-GP2-02,p1,,,,QSFP28-100G-DR1,LC-TO-LC SMF,,,,,,,,,,,,,,
LLDP:  Passed,US-PHX01,c160:022:46,t0-gg1-a1-02-r022-us-west-02b,SN3700,swp13,,,QSFP28-100G-DR1,,US-PHX01,c160:022:07,c160-r022-node-13-us-west-02b,CPU-GP2-02,p1,,,,QSFP28-100G-DR1,LC-TO-LC SMF,,,,,,,,,,,,,,
LLDP:  Passed,US-PHX01,c160:022:46,t0-gg1-a1-02-r022-us-west-02b,SN3700,swp14,,,QSFP28-100G-DR1,,US-PHX01,c160:022:05,c160-r022-node-14-us-west-02b,CPU-GP2-02,p1,,,,QSFP28-100G-DR1,LC-TO-LC SMF,,,,,,,,,,,,,,
LLDP:  Passed,US-PHX01,c160:022:46,t0-gg1-a1-02-r022-us-west-02b,SN3700,swp15,,,QSFP28-100G-DR1,,US-PHX01,c160:022:03,c160-r022-node-15-us-west-02b,CPU-GP2-02,p1,,,,QSFP28-100G-DR1,LC-TO-LC SMF,,,,,,,,,,,,,,
,,,,,,,,,,,,,,,,,,,,,,,,,,,,,,,,,
LLDP:  Passed,US-PHX01,c160:022:40,ipmi-gg1-a1-r022-us-west-02b,SN2201,swp1,,,,,US-PHX01,c160:022:31,c160-r022-node-01-us-west-02b,CPU-GP2-02,ipmi,,,,,CAT6a,,,,,,,,,,,,,,
LLDP:  Passed,US-PHX01,c160:022:40,ipmi-gg1-a1-r022-us-west-02b,SN2201,swp2,,,,,US-PHX01,c160:022:29,c160-r022-node-02-us-west-02b,CPU-GP2-02,ipmi,,,,,CAT6a,,,,,,,,,,,,,,
LLDP:  Passed,US-PHX01,c160:022:40,ipmi-gg1-a1-r022-us-west-02b,SN2201,swp3,,,,,US-PHX01,c160:022:27,c160-r022-node-03-us-west-02b,CPU-GP2-02,ipmi,,,,,CAT6a,,,,,,,,,,,,,,
LLDP:  Passed,US-PHX01,c160:022:40,ipmi-gg1-a1-r022-us-west-02b,SN2201,swp4,,,,,US-PHX01,c160:022:25,c160-r022-node-04-us-west-02b,CPU-GP2-02,ipmi,,,,,CAT6a,,,,,,,,,,,,,,
LLDP:  Passed,US-PHX01,c160:022:40,ipmi-gg1-a1-r022-us-west-02b,SN2201,swp5,,,,,US-PHX01,c160:022:23,c160-r022-node-05-us-west-02b,CPU-GP2-02,ipmi,,,,,CAT6a,,,,,,,,,,,,,,
LLDP:  Passed,US-PHX01,c160:022:40,ipmi-gg1-a1-r022-us-west-02b,SN2201,swp6,,,,,US-PHX01,c160:022:21,c160-r022-node-06-us-west-02b,CPU-GP2-02,ipmi,,,,,CAT6a,,,,,,,,,,,,,,
LLDP:  Passed,US-PHX01,c160:022:40,ipmi-gg1-a1-r022-us-west-02b,SN2201,swp7,,,,,US-PHX01,c160:022:19,c160-r022-node-07-us-west-02b,CPU-GP2-02,ipmi,,,,,CAT6a,,,,,,,,,,,,,,
LLDP:  Passed,US-PHX01,c160:022:40,ipmi-gg1-a1-r022-us-west-02b,SN2201,swp8,,,,,US-PHX01,c160:022:17,c160-r022-node-08-us-west-02b,CPU-GP2-02,ipmi,,,,,CAT6a,,,,,,,,,,,,,,
LLDP:  Passed,US-PHX01,c160:022:40,ipmi-gg1-a1-r022-us-west-02b,SN2201,swp9,,,,,US-PHX01,c160:022:15,c160-r022-node-09-us-west-02b,CPU-GP2-02,ipmi,,,,,CAT6a,,,,,,,,,,,,,,
LLDP:  Passed,US-PHX01,c160:022:40,ipmi-gg1-a1-r022-us-west-02b,SN2201,swp10,,,,,US-PHX01,c160:022:13,c160-r022-node-10-us-west-02b,CPU-GP2-02,ipmi,,,,,CAT6a,,,,,,,,,,,,,,
LLDP:  Passed,US-PHX01,c160:022:40,ipmi-gg1-a1-r022-us-west-02b,SN2201,swp11,,,,,US-PHX01,c160:022:11,c160-r022-node-11-us-west-02b,CPU-GP2-02,ipmi,,,,,CAT6a,,,,,,,,,,,,,,
LLDP:  Passed,US-PHX01,c160:022:40,ipmi-gg1-a1-r022-us-west-02b,SN2201,swp12,,,,,US-PHX01,c160:022:09,c160-r022-node-12-us-west-02b,CPU-GP2-02,ipmi,,,,,CAT6a,,,,,,,,,,,,,,
LLDP:  Passed,US-PHX01,c160:022:40,ipmi-gg1-a1-r022-us-west-02b,SN2201,swp13,,,,,US-PHX01,c160:022:07,c160-r022-node-13-us-west-02b,CPU-GP2-02,ipmi,,,,,CAT6a,,,,,,,,,,,,,,
LLDP:  Passed,US-PHX01,c160:022:40,ipmi-gg1-a1-r022-us-west-02b,SN2201,swp14,,,,,US-PHX01,c160:022:05,c160-r022-node-14-us-west-02b,CPU-GP2-02,ipmi,,,,,CAT6a,,,,,,,,,,,,,,
LLDP:  Passed,US-PHX01,c160:022:40,ipmi-gg1-a1-r022-us-west-02b,SN2201,swp15,,,,,US-PHX01,c160:022:03,c160-r022-node-15-us-west-02b,CPU-GP2-02,ipmi,,,,,CAT6a,,,,,,,,,,,,,,
,,,,,,,,,,,,,,,,,,,,,,,,,,,,,,,,,
LLDP:  Passed,US-PHX01,c160:022:38,dpu-gg1-a1-r022-us-west-02b,SN2201,swp1,,,,,US-PHX01,c160:022:31,c160-r022-node-01-us-west-02b,CPU-GP2-02,dpu,,,,,CAT6a,,,,,,,,,,,,,,
LLDP:  Passed,US-PHX01,c160:022:38,dpu-gg1-a1-r022-us-west-02b,SN2201,swp2,,,,,US-PHX01,c160:022:29,c160-r022-node-02-us-west-02b,CPU-GP2-02,dpu,,,,,CAT6a,,,,,,,,,,,,,,
LLDP:  Passed,US-PHX01,c160:022:38,dpu-gg1-a1-r022-us-west-02b,SN2201,swp3,,,,,US-PHX01,c160:022:27,c160-r022-node-03-us-west-02b,CPU-GP2-02,dpu,,,,,CAT6a,,,,,,,,,,,,,,
LLDP:  Passed,US-PHX01,c160:022:38,dpu-gg1-a1-r022-us-west-02b,SN2201,swp4,,,,,US-PHX01,c160:022:25,c160-r022-node-04-us-west-02b,CPU-GP2-02,dpu,,,,,CAT6a,,,,,,,,,,,,,,
LLDP:  Passed,US-PHX01,c160:022:38,dpu-gg1-a1-r022-us-west-02b,SN2201,swp5,,,,,US-PHX01,c160:022:23,c160-r022-node-05-us-west-02b,CPU-GP2-02,dpu,,,,,CAT6a,,,,,,,,,,,,,,
LLDP:  Passed,US-PHX01,c160:022:38,dpu-gg1-a1-r022-us-west-02b,SN2201,swp6,,,,,US-PHX01,c160:022:21,c160-r022-node-06-us-west-02b,CPU-GP2-02,dpu,,,,,CAT6a,,,,,,,,,,,,,,
LLDP:  Passed,US-PHX01,c160:022:38,dpu-gg1-a1-r022-us-west-02b,SN2201,swp7,,,,,US-PHX01,c160:022:19,c160-r022-node-07-us-west-02b,CPU-GP2-02,dpu,,,,,CAT6a,,,,,,,,,,,,,,
LLDP:  Passed,US-PHX01,c160:022:38,dpu-gg1-a1-r022-us-west-02b,SN2201,swp8,,,,,US-PHX01,c160:022:17,c160-r022-node-08-us-west-02b,CPU-GP2-02,dpu,,,,,CAT6a,,,,,,,,,,,,,,
LLDP:  Passed,US-PHX01,c160:022:38,dpu-gg1-a1-r022-us-west-02b,SN2201,swp9,,,,,US-PHX01,c160:022:15,c160-r022-node-09-us-west-02b,CPU-GP2-02,dpu,,,,,CAT6a,,,,,,,,,,,,,,
LLDP:  Passed,US-PHX01,c160:022:38,dpu-gg1-a1-r022-us-west-02b,SN2201,swp10,,,,,US-PHX01,c160:022:13,c160-r022-node-10-us-west-02b,CPU-GP2-02,dpu,,,,,CAT6a,,,,,,,,,,,,,,
LLDP:  Passed,US-PHX01,c160:022:38,dpu-gg1-a1-r022-us-west-02b,SN2201,swp11,,,,,US-PHX01,c160:022:11,c160-r022-node-11-us-west-02b,CPU-GP2-02,dpu,,,,,CAT6a,,,,,,,,,,,,,,
LLDP:  Passed,US-PHX01,c160:022:38,dpu-gg1-a1-r022-us-west-02b,SN2201,swp12,,,,,US-PHX01,c160:022:09,c160-r022-node-12-us-west-02b,CPU-GP2-02,dpu,,,,,CAT6a,,,,,,,,,,,,,,
LLDP:  Passed,US-PHX01,c160:022:38,dpu-gg1-a1-r022-us-west-02b,SN2201,swp13,,,,,US-PHX01,c160:022:07,c160-r022-node-13-us-west-02b,CPU-GP2-02,dpu,,,,,CAT6a,,,,,,,,,,,,,,
LLDP:  Passed,US-PHX01,c160:022:38,dpu-gg1-a1-r022-us-west-02b,SN2201,swp14,,,,,US-PHX01,c160:022:05,c160-r022-node-14-us-west-02b,CPU-GP2-02,dpu,,,,,CAT6a,,,,,,,,,,,,,,
LLDP:  Passed,US-PHX01,c160:022:38,dpu-gg1-a1-r022-us-west-02b,SN2201,swp15,,,,,US-PHX01,c160:022:03,c160-r022-node-15-us-west-02b,CPU-GP2-02,dpu,,,,,CAT6a,,,,,,,,,,,,,,
,,,,,,,,,,,,,,,,,,,,,,,,,,,,,,,,,
,,,,,,,,,,,,,,,,,,,,,,,,,,,,,,,,,
C160 :: ROW-03 :: H100's,,,,,,,,,,,,,,,,,,,,,,,,,,,,,,,,,
LLDP:  Failed,US-PHX01,c160:033:42,t0-gg1-b1-01-r033-us-west-02b,SN4700,swp1,c160:033:41,1:A:1,QSFPDD-400G-DR4,,US-PHX01,c160:034:26,c160-r034-node-01-us-west-02b,gpu-h100-04,eth0,,,,QSFP-100G-DR1,LC-to-LC SMF,,,,,,,,,,,,,,
LLDP:  Failed,US-PHX01,c160:033:42,t0-gg1-b1-01-r033-us-west-02b,SN4700,swp1,c160:033:41,1:A:2,QSFPDD-400G-DR4,,US-PHX01,c160:034:12,c160-r034-node-02-us-west-02b,gpu-h100-04,eth0,,,,QSFP-100G-DR1,LC-to-LC SMF,,,,,,,,,,,,,,
LLDP:  Passed,US-PHX01,c160:033:42,t0-gg1-b1-01-r033-us-west-02b,SN4700,swp1,c160:033:41,1:A:3,QSFPDD-400G-DR4,,US-PHX01,c160:035:26,c160-r035-node-01-us-west-02b,gpu-h100-04,eth0,,,,QSFP-100G-DR1,LC-to-LC SMF,,,,,,,,,,,,,,
LLDP:  Passed,US-PHX01,c160:033:42,t0-gg1-b1-01-r033-us-west-02b,SN4700,swp1,c160:033:41,1:A:4,QSFPDD-400G-DR4,,US-PHX01,c160:035:12,c160-r035-node-02-us-west-02b,gpu-h100-04,eth0,,,,QSFP-100G-DR1,LC-to-LC SMF,,,,,,,,,,,,,,
LLDP:  Passed,US-PHX01,c160:033:42,t0-gg1-b1-01-r033-us-west-02b,SN4700,swp2,c160:033:41,1:B:1,QSFPDD-400G-DR4,,US-PHX01,c160:036:26,c160-r036-node-01-us-west-02b,gpu-h100-04,eth0,,,,QSFP-100G-DR1,LC-to-LC SMF,,,,,,,,,,,,,,
LLDP:  Passed,US-PHX01,c160:033:42,t0-gg1-b1-01-r033-us-west-02b,SN4700,swp2,c160:033:41,1:B:2,QSFPDD-400G-DR4,,US-PHX01,c160:036:12,c160-r036-node-02-us-west-02b,gpu-h100-04,eth0,,,,QSFP-100G-DR1,LC-to-LC SMF,,,,,,,,,,,,,,
LLDP:  Passed,US-PHX01,c160:033:42,t0-gg1-b1-01-r033-us-west-02b,SN4700,swp2,c160:033:41,1:B:3,QSFPDD-400G-DR4,,US-PHX01,c160:037:26,c160-r037-node-01-us-west-02b,gpu-h100-04,eth0,,,,QSFP-100G-DR1,LC-to-LC SMF,,,,,,,,,,,,,,
LLDP:  Passed,US-PHX01,c160:033:42,t0-gg1-b1-01-r033-us-west-02b,SN4700,swp2,c160:033:41,1:B:4,QSFPDD-400G-DR4,,US-PHX01,c160:037:12,c160-r037-node-02-us-west-02b,gpu-h100-04,eth0,,,,QSFP-100G-DR1,LC-to-LC SMF,,,,,,,,,,,,,,
LLDP:  Passed,US-PHX01,c160:033:42,t0-gg1-b1-01-r033-us-west-02b,SN4700,swp3,c160:033:41,2:A:1,QSFPDD-400G-DR4,,US-PHX01,c160:038:26,c160-r038-node-01-us-west-02b,gpu-h100-04,eth0,,,,QSFP-100G-DR1,LC-to-LC SMF,,,,,,,,,,,,,,
LLDP:  Passed,US-PHX01,c160:033:42,t0-gg1-b1-01-r033-us-west-02b,SN4700,swp3,c160:033:41,2:A:2,QSFPDD-400G-DR4,,US-PHX01,c160:038:12,c160-r038-node-02-us-west-02b,gpu-h100-04,eth0,,,,QSFP-100G-DR1,LC-to-LC SMF,,,,,,,,,,,,,,
LLDP:  Failed,US-PHX01,c160:033:42,t0-gg1-b1-01-r033-us-west-02b,SN4700,swp3,c160:033:41,2:A:3,QSFPDD-400G-DR4,,US-PHX01,c160:039:26,c160-r039-node-01-us-west-02b,gpu-h100-04,eth0,,,,QSFP-100G-DR1,LC-to-LC SMF,,,,,,,,,,,,,,
LLDP:  Passed,US-PHX01,c160:033:42,t0-gg1-b1-01-r033-us-west-02b,SN4700,swp3,c160:033:41,2:A:4,QSFPDD-400G-DR4,,US-PHX01,c160:039:12,c160-r039-node-02-us-west-02b,gpu-h100-04,eth0,,,,QSFP-100G-DR1,LC-to-LC SMF,,,,,,,,,,,,,,
LLDP:  Passed,US-PHX01,c160:033:42,t0-gg1-b1-01-r033-us-west-02b,SN4700,swp4,c160:033:41,2:B:1,QSFPDD-400G-DR4,,US-PHX01,c160:040:26,c160-r040-node-01-us-west-02b,gpu-h100-04,eth0,,,,QSFP-100G-DR1,LC-to-LC SMF,,,,,,,,,,,,,,
LLDP:  Passed,US-PHX01,c160:033:42,t0-gg1-b1-01-r033-us-west-02b,SN4700,swp4,c160:033:41,2:B:2,QSFPDD-400G-DR4,,US-PHX01,c160:040:12,c160-r040-node-02-us-west-02b,gpu-h100-04,eth0,,,,QSFP-100G-DR1,LC-to-LC SMF,,,,,,,,,,,,,,
LLDP:  Passed,US-PHX01,c160:033:42,t0-gg1-b1-01-r033-us-west-02b,SN4700,swp4,c160:033:41,2:B:3,QSFPDD-400G-DR4,,US-PHX01,c160:041:26,c160-r041-node-01-us-west-02b,gpu-h100-04,eth0,,,,QSFP-100G-DR1,LC-to-LC SMF,,,,,,,,,,,,,,
LLDP:  Passed,US-PHX01,c160:033:42,t0-gg1-b1-01-r033-us-west-02b,SN4700,swp4,c160:033:41,2:B:4,QSFPDD-400G-DR4,,US-PHX01,c160:041:12,c160-r041-node-02-us-west-02b,gpu-h100-04,eth0,,,,QSFP-100G-DR1,LC-to-LC SMF,,,,,,,,,,,,,,
,,,,,,,,,,,,,,,,,,,,,,,,,,,,,,,,,
LLDP:  Passed,US-PHX01,c160:033:40,t0-gg1-b1-02-r033-us-west-02b,SN4700,swp1,c160:033:39,1:A:1,QSFPDD-400G-DR4,,US-PHX01,c160:034:26,c160-r034-node-01-us-west-02b,gpu-h100-04,eth1,,,,QSFP-100G-DR1,LC-to-LC SMF,,,,,,,,,,,,,,
LLDP:  Passed,US-PHX01,c160:033:40,t0-gg1-b1-02-r033-us-west-02b,SN4700,swp1,c160:033:39,1:A:2,QSFPDD-400G-DR4,,US-PHX01,c160:034:12,c160-r034-node-02-us-west-02b,gpu-h100-04,eth1,,,,QSFP-100G-DR1,LC-to-LC SMF,,,,,,,,,,,,,,
LLDP:  Passed,US-PHX01,c160:033:40,t0-gg1-b1-02-r033-us-west-02b,SN4700,swp1,c160:033:39,1:A:3,QSFPDD-400G-DR4,,US-PHX01,c160:035:26,c160-r035-node-01-us-west-02b,gpu-h100-04,eth1,,,,QSFP-100G-DR1,LC-to-LC SMF,,,,,,,,,,,,,,
LLDP:  Passed,US-PHX01,c160:033:40,t0-gg1-b1-02-r033-us-west-02b,SN4700,swp1,c160:033:39,1:A:4,QSFPDD-400G-DR4,,US-PHX01,c160:035:12,c160-r035-node-02-us-west-02b,gpu-h100-04,eth1,,,,QSFP-100G-DR1,LC-to-LC SMF,,,,,,,,,,,,,,
LLDP:  Passed,US-PHX01,c160:033:40,t0-gg1-b1-02-r033-us-west-02b,SN4700,swp2,c160:033:39,1:B:1,QSFPDD-400G-DR4,,US-PHX01,c160:036:26,c160-r036-node-01-us-west-02b,gpu-h100-04,eth1,,,,QSFP-100G-DR1,LC-to-LC SMF,,,,,,,,,,,,,,
LLDP:  Passed,US-PHX01,c160:033:40,t0-gg1-b1-02-r033-us-west-02b,SN4700,swp2,c160:033:39,1:B:2,QSFPDD-400G-DR4,,US-PHX01,c160:036:12,c160-r036-node-02-us-west-02b,gpu-h100-04,eth1,,,,QSFP-100G-DR1,LC-to-LC SMF,,,,,,,,,,,,,,
LLDP:  Passed,US-PHX01,c160:033:40,t0-gg1-b1-02-r033-us-west-02b,SN4700,swp2,c160:033:39,1:B:3,QSFPDD-400G-DR4,,US-PHX01,c160:037:26,c160-r037-node-01-us-west-02b,gpu-h100-04,eth1,,,,QSFP-100G-DR1,LC-to-LC SMF,,,,,,,,,,,,,,
LLDP:  Passed,US-PHX01,c160:033:40,t0-gg1-b1-02-r033-us-west-02b,SN4700,swp2,c160:033:39,1:B:4,QSFPDD-400G-DR4,,US-PHX01,c160:037:12,c160-r037-node-02-us-west-02b,gpu-h100-04,eth1,,,,QSFP-100G-DR1,LC-to-LC SMF,,,,,,,,,,,,,,
LLDP:  Passed,US-PHX01,c160:033:40,t0-gg1-b1-02-r033-us-west-02b,SN4700,swp3,c160:033:39,2:A:1,QSFPDD-400G-DR4,,US-PHX01,c160:038:26,c160-r038-node-01-us-west-02b,gpu-h100-04,eth1,,,,QSFP-100G-DR1,LC-to-LC SMF,,,,,,,,,,,,,,
LLDP:  Passed,US-PHX01,c160:033:40,t0-gg1-b1-02-r033-us-west-02b,SN4700,swp3,c160:033:39,2:A:2,QSFPDD-400G-DR4,,US-PHX01,c160:038:12,c160-r038-node-02-us-west-02b,gpu-h100-04,eth1,,,,QSFP-100G-DR1,LC-to-LC SMF,,,,,,,,,,,,,,
LLDP:  Failed,US-PHX01,c160:033:40,t0-gg1-b1-02-r033-us-west-02b,SN4700,swp3,c160:033:39,2:A:3,QSFPDD-400G-DR4,,US-PHX01,c160:039:26,c160-r039-node-01-us-west-02b,gpu-h100-04,eth1,,,,QSFP-100G-DR1,LC-to-LC SMF,,,,,,,,,,,,,,
LLDP:  Passed,US-PHX01,c160:033:40,t0-gg1-b1-02-r033-us-west-02b,SN4700,swp3,c160:033:39,2:A:4,QSFPDD-400G-DR4,,US-PHX01,c160:039:12,c160-r039-node-02-us-west-02b,gpu-h100-04,eth1,,,,QSFP-100G-DR1,LC-to-LC SMF,,,,,,,,,,,,,,
LLDP:  Passed,US-PHX01,c160:033:40,t0-gg1-b1-02-r033-us-west-02b,SN4700,swp4,c160:033:39,2:B:1,QSFPDD-400G-DR4,,US-PHX01,c160:040:26,c160-r040-node-01-us-west-02b,gpu-h100-04,eth1,,,,QSFP-100G-DR1,LC-to-LC SMF,,,,,,,,,,,,,,
LLDP:  Passed,US-PHX01,c160:033:40,t0-gg1-b1-02-r033-us-west-02b,SN4700,swp4,c160:033:39,2:B:2,QSFPDD-400G-DR4,,US-PHX01,c160:040:12,c160-r040-node-02-us-west-02b,gpu-h100-04,eth1,,,,QSFP-100G-DR1,LC-to-LC SMF,,,,,,,,,,,,,,
LLDP:  Passed,US-PHX01,c160:033:40,t0-gg1-b1-02-r033-us-west-02b,SN4700,swp4,c160:033:39,2:B:3,QSFPDD-400G-DR4,,US-PHX01,c160:041:26,c160-r041-node-01-us-west-02b,gpu-h100-04,eth1,,,,QSFP-100G-DR1,LC-to-LC SMF,,,,,,,,,,,,,,
LLDP:  Passed,US-PHX01,c160:033:40,t0-gg1-b1-02-r033-us-west-02b,SN4700,swp4,c160:033:39,2:B:4,QSFPDD-400G-DR4,,US-PHX01,c160:041:12,c160-r041-node-02-us-west-02b,gpu-h100-04,eth1,,,,QSFP-100G-DR1,LC-to-LC SMF,,,,,,,,,,,,,,
,,,,,,,,,,,,,,,,,,,,,,,,,,,,,,,,,
LLDP:  Passed,US-PHX01,c160:033:18,ipmi-gg1-b1-r033-us-west-02b,SN2201,swp1,,,,,US-PHX01,c160:034:26,c160-r034-node-01-us-west-02b,gpu-h100-04,ipmi,,,,,CAT6a,,,,,,,,,,,,,,
LLDP:  Passed,US-PHX01,c160:033:18,ipmi-gg1-b1-r033-us-west-02b,SN2201,swp2,,,,,US-PHX01,c160:034:12,c160-r034-node-02-us-west-02b,gpu-h100-04,ipmi,,,,,CAT6a,,,,,,,,,,,,,,
LLDP:  Passed,US-PHX01,c160:033:18,ipmi-gg1-b1-r033-us-west-02b,SN2201,swp3,,,,,US-PHX01,c160:035:26,c160-r035-node-01-us-west-02b,gpu-h100-04,ipmi,,,,,CAT6a,,,,,,,,,,,,,,
LLDP:  Passed,US-PHX01,c160:033:18,ipmi-gg1-b1-r033-us-west-02b,SN2201,swp4,,,,,US-PHX01,c160:035:12,c160-r035-node-02-us-west-02b,gpu-h100-04,ipmi,,,,,CAT6a,,,,,,,,,,,,,,
LLDP:  Passed,US-PHX01,c160:033:18,ipmi-gg1-b1-r033-us-west-02b,SN2201,swp5,,,,,US-PHX01,c160:036:26,c160-r036-node-01-us-west-02b,gpu-h100-04,ipmi,,,,,CAT6a,,,,,,,,,,,,,,
LLDP:  Passed,US-PHX01,c160:033:18,ipmi-gg1-b1-r033-us-west-02b,SN2201,swp6,,,,,US-PHX01,c160:036:12,c160-r036-node-02-us-west-02b,gpu-h100-04,ipmi,,,,,CAT6a,,,,,,,,,,,,,,
LLDP:  Passed,US-PHX01,c160:033:18,ipmi-gg1-b1-r033-us-west-02b,SN2201,swp7,,,,,US-PHX01,c160:037:26,c160-r037-node-01-us-west-02b,gpu-h100-04,ipmi,,,,,CAT6a,,,,,,,,,,,,,,
LLDP:  Passed,US-PHX01,c160:033:18,ipmi-gg1-b1-r033-us-west-02b,SN2201,swp8,,,,,US-PHX01,c160:037:12,c160-r037-node-02-us-west-02b,gpu-h100-04,ipmi,,,,,CAT6a,,,,,,,,,,,,,,
LLDP:  Passed,US-PHX01,c160:033:18,ipmi-gg1-b1-r033-us-west-02b,SN2201,swp9,,,,,US-PHX01,c160:038:26,c160-r038-node-01-us-west-02b,gpu-h100-04,ipmi,,,,,CAT6a,,,,,,,,,,,,,,
LLDP:  Passed,US-PHX01,c160:033:18,ipmi-gg1-b1-r033-us-west-02b,SN2201,swp10,,,,,US-PHX01,c160:038:12,c160-r038-node-02-us-west-02b,gpu-h100-04,ipmi,,,,,CAT6a,,,,,,,,,,,,,,
LLDP:  Failed,US-PHX01,c160:033:18,ipmi-gg1-b1-r033-us-west-02b,SN2201,swp11,,,,,US-PHX01,c160:039:26,c160-r039-node-01-us-west-02b,gpu-h100-04,ipmi,,,,,CAT6a,,,,,,,,,,,,,,
LLDP:  Passed,US-PHX01,c160:033:18,ipmi-gg1-b1-r033-us-west-02b,SN2201,swp12,,,,,US-PHX01,c160:039:12,c160-r039-node-02-us-west-02b,gpu-h100-04,ipmi,,,,,CAT6a,,,,,,,,,,,,,,
LLDP:  Passed,US-PHX01,c160:033:18,ipmi-gg1-b1-r033-us-west-02b,SN2201,swp13,,,,,US-PHX01,c160:040:26,c160-r040-node-01-us-west-02b,gpu-h100-04,ipmi,,,,,CAT6a,,,,,,,,,,,,,,
LLDP:  Passed,US-PHX01,c160:033:18,ipmi-gg1-b1-r033-us-west-02b,SN2201,swp14,,,,,US-PHX01,c160:040:12,c160-r040-node-02-us-west-02b,gpu-h100-04,ipmi,,,,,CAT6a,,,,,,,,,,,,,,
LLDP:  Passed,US-PHX01,c160:033:18,ipmi-gg1-b1-r033-us-west-02b,SN2201,swp15,,,,,US-PHX01,c160:041:26,c160-r041-node-01-us-west-02b,gpu-h100-04,ipmi,,,,,CAT6a,,,,,,,,,,,,,,
LLDP:  Passed,US-PHX01,c160:033:18,ipmi-gg1-b1-r033-us-west-02b,SN2201,swp16,,,,,US-PHX01,c160:041:12,c160-r041-node-02-us-west-02b,gpu-h100-04,ipmi,,,,,CAT6a,,,,,,,,,,,,,,
,,,,,,,,,,,,,,,,,,,,,,,,,,,,,,,,,
LLDP:  Passed,US-PHX01,c160:033:16,dpu-gg1-b1-r033-us-west-02b,SN2201,swp1,,,,,US-PHX01,c160:034:26,c160-r034-node-01-us-west-02b,gpu-h100-04,dpu,,,,,CAT6a,,,,,,,,,,,,,,
LLDP:  Passed,US-PHX01,c160:033:16,dpu-gg1-b1-r033-us-west-02b,SN2201,swp2,,,,,US-PHX01,c160:034:12,c160-r034-node-02-us-west-02b,gpu-h100-04,dpu,,,,,CAT6a,,,,,,,,,,,,,,
LLDP:  Passed,US-PHX01,c160:033:16,dpu-gg1-b1-r033-us-west-02b,SN2201,swp3,,,,,US-PHX01,c160:035:26,c160-r035-node-01-us-west-02b,gpu-h100-04,dpu,,,,,CAT6a,,,,,,,,,,,,,,
LLDP:  Failed,US-PHX01,c160:033:16,dpu-gg1-b1-r033-us-west-02b,SN2201,swp4,,,,,US-PHX01,c160:035:12,c160-r035-node-02-us-west-02b,gpu-h100-04,dpu,,,,,CAT6a,,,,,,,,,,,,,,
LLDP:  Passed,US-PHX01,c160:033:16,dpu-gg1-b1-r033-us-west-02b,SN2201,swp5,,,,,US-PHX01,c160:036:26,c160-r036-node-01-us-west-02b,gpu-h100-04,dpu,,,,,CAT6a,,,,,,,,,,,,,,
LLDP:  Passed,US-PHX01,c160:033:16,dpu-gg1-b1-r033-us-west-02b,SN2201,swp6,,,,,US-PHX01,c160:036:12,c160-r036-node-02-us-west-02b,gpu-h100-04,dpu,,,,,CAT6a,,,,,,,,,,,,,,
LLDP:  Passed,US-PHX01,c160:033:16,dpu-gg1-b1-r033-us-west-02b,SN2201,swp7,,,,,US-PHX01,c160:037:26,c160-r037-node-01-us-west-02b,gpu-h100-04,dpu,,,,,CAT6a,,,,,,,,,,,,,,
LLDP:  Passed,US-PHX01,c160:033:16,dpu-gg1-b1-r033-us-west-02b,SN2201,swp8,,,,,US-PHX01,c160:037:12,c160-r037-node-02-us-west-02b,gpu-h100-04,dpu,,,,,CAT6a,,,,,,,,,,,,,,
LLDP:  Passed,US-PHX01,c160:033:16,dpu-gg1-b1-r033-us-west-02b,SN2201,swp9,,,,,US-PHX01,c160:038:26,c160-r038-node-01-us-west-02b,gpu-h100-04,dpu,,,,,CAT6a,,,,,,,,,,,,,,
LLDP:  Passed,US-PHX01,c160:033:16,dpu-gg1-b1-r033-us-west-02b,SN2201,swp10,,,,,US-PHX01,c160:038:12,c160-r038-node-02-us-west-02b,gpu-h100-04,dpu,,,,,CAT6a,,,,,,,,,,,,,,
LLDP:  Failed,US-PHX01,c160:033:16,dpu-gg1-b1-r033-us-west-02b,SN2201,swp11,,,,,US-PHX01,c160:039:26,c160-r039-node-01-us-west-02b,gpu-h100-04,dpu,,,,,CAT6a,,,,,,,,,,,,,,
LLDP:  Passed,US-PHX01,c160:033:16,dpu-gg1-b1-r033-us-west-02b,SN2201,swp12,,,,,US-PHX01,c160:039:12,c160-r039-node-02-us-west-02b,gpu-h100-04,dpu,,,,,CAT6a,,,,,,,,,,,,,,
LLDP:  Passed,US-PHX01,c160:033:16,dpu-gg1-b1-r033-us-west-02b,SN2201,swp13,,,,,US-PHX01,c160:040:26,c160-r040-node-01-us-west-02b,gpu-h100-04,dpu,,,,,CAT6a,,,,,,,,,,,,,,
LLDP:  Passed,US-PHX01,c160:033:16,dpu-gg1-b1-r033-us-west-02b,SN2201,swp14,,,,,US-PHX01,c160:040:12,c160-r040-node-02-us-west-02b,gpu-h100-04,dpu,,,,,CAT6a,,,,,,,,,,,,,,
LLDP:  Passed,US-PHX01,c160:033:16,dpu-gg1-b1-r033-us-west-02b,SN2201,swp15,,,,,US-PHX01,c160:041:26,c160-r041-node-01-us-west-02b,gpu-h100-04,dpu,,,,,CAT6a,,,,,,,,,,,,,,
LLDP:  Passed,US-PHX01,c160:033:16,dpu-gg1-b1-r033-us-west-02b,SN2201,swp16,,,,,US-PHX01,c160:041:12,c160-r041-node-02-us-west-02b,gpu-h100-04,dpu,,,,,CAT6a,,,,,,,,,,,,,,
,,,,,,,,,,,,,,,,,,,,,,,,,,,,,,,,,
,,,,,,,,,,,,,,,,,,,,,,,,,,,,,,,,,
C160 :: ROW-04 :: H100's,,,,,,,,,,,,,,,,,,,,,,,,,,,,,,,,,
LLDP:  Failed,US-PHX01,c160:049:42,t0-gg1-b1-01-r049-us-west-02b,SN4700,swp1,c160:049:41,1:A:1,QSFPDD-400G-DR4,,US-PHX01,c160:050:26,c160-r050-node-01-us-west-02b,gpu-h100-04,eth0,,,,QSFP-100G-DR1,LC-to-LC SMF,,,,,,,,,,,,,,
LLDP:  Passed,US-PHX01,c160:049:42,t0-gg1-b1-01-r049-us-west-02b,SN4700,swp1,c160:049:41,1:A:2,QSFPDD-400G-DR4,,US-PHX01,c160:050:12,c160-r050-node-02-us-west-02b,gpu-h100-04,eth0,,,,QSFP-100G-DR1,LC-to-LC SMF,,,,,,,,,,,,,,
LLDP:  Passed,US-PHX01,c160:049:42,t0-gg1-b1-01-r049-us-west-02b,SN4700,swp1,c160:049:41,1:A:3,QSFPDD-400G-DR4,,US-PHX01,c160:051:26,c160-r051-node-01-us-west-02b,gpu-h100-04,eth0,,,,QSFP-100G-DR1,LC-to-LC SMF,,,,,,,,,,,,,,
LLDP:  Passed,US-PHX01,c160:049:42,t0-gg1-b1-01-r049-us-west-02b,SN4700,swp1,c160:049:41,1:A:4,QSFPDD-400G-DR4,,US-PHX01,c160:051:12,c160-r051-node-02-us-west-02b,gpu-h100-04,eth0,,,,QSFP-100G-DR1,LC-to-LC SMF,,,,,,,,,,,,,,
LLDP:  Passed,US-PHX01,c160:049:42,t0-gg1-b1-01-r049-us-west-02b,SN4700,swp2,c160:049:41,1:B:1,QSFPDD-400G-DR4,,US-PHX01,c160:052:26,c160-r052-node-01-us-west-02b,gpu-h100-04,eth0,,,,QSFP-100G-DR1,LC-to-LC SMF,,,,,,,,,,,,,,
LLDP:  Passed,US-PHX01,c160:049:42,t0-gg1-b1-01-r049-us-west-02b,SN4700,swp2,c160:049:41,1:B:2,QSFPDD-400G-DR4,,US-PHX01,c160:052:12,c160-r052-node-02-us-west-02b,gpu-h100-04,eth0,,,,QSFP-100G-DR1,LC-to-LC SMF,,,,,,,,,,,,,,
LLDP:  Passed,US-PHX01,c160:049:42,t0-gg1-b1-01-r049-us-west-02b,SN4700,swp2,c160:049:41,1:B:3,QSFPDD-400G-DR4,,US-PHX01,c160:053:26,c160-r053-node-01-us-west-02b,gpu-h100-04,eth0,,,,QSFP-100G-DR1,LC-to-LC SMF,,,,,,,,,,,,,,
LLDP:  Passed,US-PHX01,c160:049:42,t0-gg1-b1-01-r049-us-west-02b,SN4700,swp2,c160:049:41,1:B:4,QSFPDD-400G-DR4,,US-PHX01,c160:053:12,c160-r053-node-02-us-west-02b,gpu-h100-04,eth0,,,,QSFP-100G-DR1,LC-to-LC SMF,,,,,,,,,,,,,,
LLDP:  Passed,US-PHX01,c160:049:42,t0-gg1-b1-01-r049-us-west-02b,SN4700,swp3,c160:049:41,2:A:1,QSFPDD-400G-DR4,,US-PHX01,c160:054:26,c160-r054-node-01-us-west-02b,gpu-h100-04,eth0,,,,QSFP-100G-DR1,LC-to-LC SMF,,,,,,,,,,,,,,
LLDP:  Passed,US-PHX01,c160:049:42,t0-gg1-b1-01-r049-us-west-02b,SN4700,swp3,c160:049:41,2:A:2,QSFPDD-400G-DR4,,US-PHX01,c160:054:12,c160-r054-node-02-us-west-02b,gpu-h100-04,eth0,,,,QSFP-100G-DR1,LC-to-LC SMF,,,,,,,,,,,,,,
LLDP:  Passed,US-PHX01,c160:049:42,t0-gg1-b1-01-r049-us-west-02b,SN4700,swp3,c160:049:41,2:A:3,QSFPDD-400G-DR4,,US-PHX01,c160:055:26,c160-r055-node-01-us-west-02b,gpu-h100-04,eth0,,,,QSFP-100G-DR1,LC-to-LC SMF,,,,,,,,,,,,,,
LLDP:  Passed,US-PHX01,c160:049:42,t0-gg1-b1-01-r049-us-west-02b,SN4700,swp3,c160:049:41,2:A:4,QSFPDD-400G-DR4,,US-PHX01,c160:055:12,c160-r055-node-02-us-west-02b,gpu-h100-04,eth0,,,,QSFP-100G-DR1,LC-to-LC SMF,,,,,,,,,,,,,,
LLDP:  Passed,US-PHX01,c160:049:42,t0-gg1-b1-01-r049-us-west-02b,SN4700,swp4,c160:049:41,2:B:1,QSFPDD-400G-DR4,,US-PHX01,c160:056:26,c160-r056-node-01-us-west-02b,gpu-h100-04,eth0,,,,QSFP-100G-DR1,LC-to-LC SMF,,,,,,,,,,,,,,
LLDP:  Passed,US-PHX01,c160:049:42,t0-gg1-b1-01-r049-us-west-02b,SN4700,swp4,c160:049:41,2:B:2,QSFPDD-400G-DR4,,US-PHX01,c160:056:12,c160-r056-node-02-us-west-02b,gpu-h100-04,eth0,,,,QSFP-100G-DR1,LC-to-LC SMF,,,,,,,,,,,,,,
LLDP:  Passed,US-PHX01,c160:049:42,t0-gg1-b1-01-r049-us-west-02b,SN4700,swp4,c160:049:41,2:B:3,QSFPDD-400G-DR4,,US-PHX01,c160:057:26,c160-r057-node-01-us-west-02b,gpu-h100-04,eth0,,,,QSFP-100G-DR1,LC-to-LC SMF,,,,,,,,,,,,,,
LLDP:  Failed,US-PHX01,c160:049:42,t0-gg1-b1-01-r049-us-west-02b,SN4700,swp4,c160:049:41,2:B:4,QSFPDD-400G-DR4,,US-PHX01,c160:057:12,c160-r057-node-02-us-west-02b,gpu-h100-04,eth0,,,,QSFP-100G-DR1,LC-to-LC SMF,,,,,,,,,,,,,,
,,,,,,,,,,,,,,,,,,,,,,,,,,,,,,,,,
LLDP:  Passed,US-PHX01,c160:049:40,t0-gg1-b1-02-r049-us-west-02b,SN4700,swp1,c160:049:39,1:A:1,QSFPDD-400G-DR4,,US-PHX01,c160:050:26,c160-r050-node-01-us-west-02b,gpu-h100-04,eth1,,,,QSFP-100G-DR1,LC-to-LC SMF,,,,,,,,,,,,,,
LLDP:  Passed,US-PHX01,c160:049:40,t0-gg1-b1-02-r049-us-west-02b,SN4700,swp1,c160:049:39,1:A:2,QSFPDD-400G-DR4,,US-PHX01,c160:050:12,c160-r050-node-02-us-west-02b,gpu-h100-04,eth1,,,,QSFP-100G-DR1,LC-to-LC SMF,,,,,,,,,,,,,,
LLDP:  Passed,US-PHX01,c160:049:40,t0-gg1-b1-02-r049-us-west-02b,SN4700,swp1,c160:049:39,1:A:3,QSFPDD-400G-DR4,,US-PHX01,c160:051:26,c160-r051-node-01-us-west-02b,gpu-h100-04,eth1,,,,QSFP-100G-DR1,LC-to-LC SMF,,,,,,,,,,,,,,
LLDP:  Passed,US-PHX01,c160:049:40,t0-gg1-b1-02-r049-us-west-02b,SN4700,swp1,c160:049:39,1:A:4,QSFPDD-400G-DR4,,US-PHX01,c160:051:12,c160-r051-node-02-us-west-02b,gpu-h100-04,eth1,,,,QSFP-100G-DR1,LC-to-LC SMF,,,,,,,,,,,,,,
LLDP:  Passed,US-PHX01,c160:049:40,t0-gg1-b1-02-r049-us-west-02b,SN4700,swp2,c160:049:39,1:B:1,QSFPDD-400G-DR4,,US-PHX01,c160:052:26,c160-r052-node-01-us-west-02b,gpu-h100-04,eth1,,,,QSFP-100G-DR1,LC-to-LC SMF,,,,,,,,,,,,,,
LLDP:  Passed,US-PHX01,c160:049:40,t0-gg1-b1-02-r049-us-west-02b,SN4700,swp2,c160:049:39,1:B:2,QSFPDD-400G-DR4,,US-PHX01,c160:052:12,c160-r052-node-02-us-west-02b,gpu-h100-04,eth1,,,,QSFP-100G-DR1,LC-to-LC SMF,,,,,,,,,,,,,,
LLDP:  Passed,US-PHX01,c160:049:40,t0-gg1-b1-02-r049-us-west-02b,SN4700,swp2,c160:049:39,1:B:3,QSFPDD-400G-DR4,,US-PHX01,c160:053:26,c160-r053-node-01-us-west-02b,gpu-h100-04,eth1,,,,QSFP-100G-DR1,LC-to-LC SMF,,,,,,,,,,,,,,
LLDP:  Passed,US-PHX01,c160:049:40,t0-gg1-b1-02-r049-us-west-02b,SN4700,swp2,c160:049:39,1:B:4,QSFPDD-400G-DR4,,US-PHX01,c160:053:12,c160-r053-node-02-us-west-02b,gpu-h100-04,eth1,,,,QSFP-100G-DR1,LC-to-LC SMF,,,,,,,,,,,,,,
LLDP:  Passed,US-PHX01,c160:049:40,t0-gg1-b1-02-r049-us-west-02b,SN4700,swp3,c160:049:39,2:A:1,QSFPDD-400G-DR4,,US-PHX01,c160:054:26,c160-r054-node-01-us-west-02b,gpu-h100-04,eth1,,,,QSFP-100G-DR1,LC-to-LC SMF,,,,,,,,,,,,,,
LLDP:  Passed,US-PHX01,c160:049:40,t0-gg1-b1-02-r049-us-west-02b,SN4700,swp3,c160:049:39,2:A:2,QSFPDD-400G-DR4,,US-PHX01,c160:054:12,c160-r054-node-02-us-west-02b,gpu-h100-04,eth1,,,,QSFP-100G-DR1,LC-to-LC SMF,,,,,,,,,,,,,,
LLDP:  Passed,US-PHX01,c160:049:40,t0-gg1-b1-02-r049-us-west-02b,SN4700,swp3,c160:049:39,2:A:3,QSFPDD-400G-DR4,,US-PHX01,c160:055:26,c160-r055-node-01-us-west-02b,gpu-h100-04,eth1,,,,QSFP-100G-DR1,LC-to-LC SMF,,,,,,,,,,,,,,
LLDP:  Passed,US-PHX01,c160:049:40,t0-gg1-b1-02-r049-us-west-02b,SN4700,swp3,c160:049:39,2:A:4,QSFPDD-400G-DR4,,US-PHX01,c160:055:12,c160-r055-node-02-us-west-02b,gpu-h100-04,eth1,,,,QSFP-100G-DR1,LC-to-LC SMF,,,,,,,,,,,,,,
LLDP:  Passed,US-PHX01,c160:049:40,t0-gg1-b1-02-r049-us-west-02b,SN4700,swp4,c160:049:39,2:B:1,QSFPDD-400G-DR4,,US-PHX01,c160:056:26,c160-r056-node-01-us-west-02b,gpu-h100-04,eth1,,,,QSFP-100G-DR1,LC-to-LC SMF,,,,,,,,,,,,,,
LLDP:  Passed,US-PHX01,c160:049:40,t0-gg1-b1-02-r049-us-west-02b,SN4700,swp4,c160:049:39,2:B:2,QSFPDD-400G-DR4,,US-PHX01,c160:056:12,c160-r056-node-02-us-west-02b,gpu-h100-04,eth1,,,,QSFP-100G-DR1,LC-to-LC SMF,,,,,,,,,,,,,,
LLDP:  Passed,US-PHX01,c160:049:40,t0-gg1-b1-02-r049-us-west-02b,SN4700,swp4,c160:049:39,2:B:3,QSFPDD-400G-DR4,,US-PHX01,c160:057:26,c160-r057-node-01-us-west-02b,gpu-h100-04,eth1,,,,QSFP-100G-DR1,LC-to-LC SMF,,,,,,,,,,,,,,
LLDP:  Failed,US-PHX01,c160:049:40,t0-gg1-b1-02-r049-us-west-02b,SN4700,swp4,c160:049:39,2:B:4,QSFPDD-400G-DR4,,US-PHX01,c160:057:12,c160-r057-node-02-us-west-02b,gpu-h100-04,eth1,,,,QSFP-100G-DR1,LC-to-LC SMF,,,,,,,,,,,,,,
,,,,,,,,,,,,,,,,,,,,,,,,,,,,,,,,,
LLDP:  Passed,US-PHX01,c160:049:18,ipmi-gg1-b1-r049-us-west-02b,SN2201,swp1,,,,,US-PHX01,c160:050:26,c160-r050-node-01-us-west-02b,gpu-h100-04,ipmi,,,,,CAT6a,,,,,,,,,,,,,,
LLDP:  Passed,US-PHX01,c160:049:18,ipmi-gg1-b1-r049-us-west-02b,SN2201,swp2,,,,,US-PHX01,c160:050:12,c160-r050-node-02-us-west-02b,gpu-h100-04,ipmi,,,,,CAT6a,,,,,,,,,,,,,,
LLDP:  Passed,US-PHX01,c160:049:18,ipmi-gg1-b1-r049-us-west-02b,SN2201,swp3,,,,,US-PHX01,c160:051:26,c160-r051-node-01-us-west-02b,gpu-h100-04,ipmi,,,,,CAT6a,,,,,,,,,,,,,,
LLDP:  Passed,US-PHX01,c160:049:18,ipmi-gg1-b1-r049-us-west-02b,SN2201,swp4,,,,,US-PHX01,c160:051:12,c160-r051-node-02-us-west-02b,gpu-h100-04,ipmi,,,,,CAT6a,,,,,,,,,,,,,,
LLDP:  Passed,US-PHX01,c160:049:18,ipmi-gg1-b1-r049-us-west-02b,SN2201,swp5,,,,,US-PHX01,c160:052:26,c160-r052-node-01-us-west-02b,gpu-h100-04,ipmi,,,,,CAT6a,,,,,,,,,,,,,,
LLDP:  Passed,US-PHX01,c160:049:18,ipmi-gg1-b1-r049-us-west-02b,SN2201,swp6,,,,,US-PHX01,c160:052:12,c160-r052-node-02-us-west-02b,gpu-h100-04,ipmi,,,,,CAT6a,,,,,,,,,,,,,,
LLDP:  Passed,US-PHX01,c160:049:18,ipmi-gg1-b1-r049-us-west-02b,SN2201,swp7,,,,,US-PHX01,c160:053:26,c160-r053-node-01-us-west-02b,gpu-h100-04,ipmi,,,,,CAT6a,,,,,,,,,,,,,,
LLDP:  Passed,US-PHX01,c160:049:18,ipmi-gg1-b1-r049-us-west-02b,SN2201,swp8,,,,,US-PHX01,c160:053:12,c160-r053-node-02-us-west-02b,gpu-h100-04,ipmi,,,,,CAT6a,,,,,,,,,,,,,,
LLDP:  Passed,US-PHX01,c160:049:18,ipmi-gg1-b1-r049-us-west-02b,SN2201,swp9,,,,,US-PHX01,c160:054:26,c160-r054-node-01-us-west-02b,gpu-h100-04,ipmi,,,,,CAT6a,,,,,,,,,,,,,,
LLDP:  Passed,US-PHX01,c160:049:18,ipmi-gg1-b1-r049-us-west-02b,SN2201,swp10,,,,,US-PHX01,c160:054:12,c160-r054-node-02-us-west-02b,gpu-h100-04,ipmi,,,,,CAT6a,,,,,,,,,,,,,,
LLDP:  Passed,US-PHX01,c160:049:18,ipmi-gg1-b1-r049-us-west-02b,SN2201,swp11,,,,,US-PHX01,c160:055:26,c160-r055-node-01-us-west-02b,gpu-h100-04,ipmi,,,,,CAT6a,,,,,,,,,,,,,,
LLDP:  Passed,US-PHX01,c160:049:18,ipmi-gg1-b1-r049-us-west-02b,SN2201,swp12,,,,,US-PHX01,c160:055:12,c160-r055-node-02-us-west-02b,gpu-h100-04,ipmi,,,,,CAT6a,,,,,,,,,,,,,,
LLDP:  Passed,US-PHX01,c160:049:18,ipmi-gg1-b1-r049-us-west-02b,SN2201,swp13,,,,,US-PHX01,c160:056:26,c160-r056-node-01-us-west-02b,gpu-h100-04,ipmi,,,,,CAT6a,,,,,,,,,,,,,,
LLDP:  Passed,US-PHX01,c160:049:18,ipmi-gg1-b1-r049-us-west-02b,SN2201,swp14,,,,,US-PHX01,c160:056:12,c160-r056-node-02-us-west-02b,gpu-h100-04,ipmi,,,,,CAT6a,,,,,,,,,,,,,,
LLDP:  Passed,US-PHX01,c160:049:18,ipmi-gg1-b1-r049-us-west-02b,SN2201,swp15,,,,,US-PHX01,c160:057:26,c160-r057-node-01-us-west-02b,gpu-h100-04,ipmi,,,,,CAT6a,,,,,,,,,,,,,,
LLDP:  Failed,US-PHX01,c160:049:18,ipmi-gg1-b1-r049-us-west-02b,SN2201,swp16,,,,,US-PHX01,c160:057:12,c160-r057-node-02-us-west-02b,gpu-h100-04,ipmi,,,,,CAT6a,,,,,,,,,,,,,,
,,,,,,,,,,,,,,,,,,,,,,,,,,,,,,,,,
LLDP:  Passed,US-PHX01,c160:049:16,dpu-gg1-b1-r049-us-west-02b,SN2201,swp1,,,,,US-PHX01,c160:050:26,c160-r050-node-01-us-west-02b,gpu-h100-04,dpu,,,,,CAT6a,,,,,,,,,,,,,,
LLDP:  Passed,US-PHX01,c160:049:16,dpu-gg1-b1-r049-us-west-02b,SN2201,swp2,,,,,US-PHX01,c160:050:12,c160-r050-node-02-us-west-02b,gpu-h100-04,dpu,,,,,CAT6a,,,,,,,,,,,,,,
LLDP:  Passed,US-PHX01,c160:049:16,dpu-gg1-b1-r049-us-west-02b,SN2201,swp3,,,,,US-PHX01,c160:051:26,c160-r051-node-01-us-west-02b,gpu-h100-04,dpu,,,,,CAT6a,,,,,,,,,,,,,,
LLDP:  Passed,US-PHX01,c160:049:16,dpu-gg1-b1-r049-us-west-02b,SN2201,swp4,,,,,US-PHX01,c160:051:12,c160-r051-node-02-us-west-02b,gpu-h100-04,dpu,,,,,CAT6a,,,,,,,,,,,,,,
LLDP:  Passed,US-PHX01,c160:049:16,dpu-gg1-b1-r049-us-west-02b,SN2201,swp5,,,,,US-PHX01,c160:052:26,c160-r052-node-01-us-west-02b,gpu-h100-04,dpu,,,,,CAT6a,,,,,,,,,,,,,,
LLDP:  Passed,US-PHX01,c160:049:16,dpu-gg1-b1-r049-us-west-02b,SN2201,swp6,,,,,US-PHX01,c160:052:12,c160-r052-node-02-us-west-02b,gpu-h100-04,dpu,,,,,CAT6a,,,,,,,,,,,,,,
LLDP:  Passed,US-PHX01,c160:049:16,dpu-gg1-b1-r049-us-west-02b,SN2201,swp7,,,,,US-PHX01,c160:053:26,c160-r053-node-01-us-west-02b,gpu-h100-04,dpu,,,,,CAT6a,,,,,,,,,,,,,,
LLDP:  Passed,US-PHX01,c160:049:16,dpu-gg1-b1-r049-us-west-02b,SN2201,swp8,,,,,US-PHX01,c160:053:12,c160-r053-node-02-us-west-02b,gpu-h100-04,dpu,,,,,CAT6a,,,,,,,,,,,,,,
LLDP:  Passed,US-PHX01,c160:049:16,dpu-gg1-b1-r049-us-west-02b,SN2201,swp9,,,,,US-PHX01,c160:054:26,c160-r054-node-01-us-west-02b,gpu-h100-04,dpu,,,,,CAT6a,,,,,,,,,,,,,,
LLDP:  Passed,US-PHX01,c160:049:16,dpu-gg1-b1-r049-us-west-02b,SN2201,swp10,,,,,US-PHX01,c160:054:12,c160-r054-node-02-us-west-02b,gpu-h100-04,dpu,,,,,CAT6a,,,,,,,,,,,,,,
LLDP:  Passed,US-PHX01,c160:049:16,dpu-gg1-b1-r049-us-west-02b,SN2201,swp11,,,,,US-PHX01,c160:055:26,c160-r055-node-01-us-west-02b,gpu-h100-04,dpu,,,,,CAT6a,,,,,,,,,,,,,,
LLDP:  Passed,US-PHX01,c160:049:16,dpu-gg1-b1-r049-us-west-02b,SN2201,swp12,,,,,US-PHX01,c160:055:12,c160-r055-node-02-us-west-02b,gpu-h100-04,dpu,,,,,CAT6a,,,,,,,,,,,,,,
LLDP:  Passed,US-PHX01,c160:049:16,dpu-gg1-b1-r049-us-west-02b,SN2201,swp13,,,,,US-PHX01,c160:056:26,c160-r056-node-01-us-west-02b,gpu-h100-04,dpu,,,,,CAT6a,,,,,,,,,,,,,,
LLDP:  Passed,US-PHX01,c160:049:16,dpu-gg1-b1-r049-us-west-02b,SN2201,swp14,,,,,US-PHX01,c160:056:12,c160-r056-node-02-us-west-02b,gpu-h100-04,dpu,,,,,CAT6a,,,,,,,,,,,,,,
LLDP:  Passed,US-PHX01,c160:049:16,dpu-gg1-b1-r049-us-west-02b,SN2201,swp15,,,,,US-PHX01,c160:057:26,c160-r057-node-01-us-west-02b,gpu-h100-04,dpu,,,,,CAT6a,,,,,,,,,,,,,,
LLDP:  Failed,US-PHX01,c160:049:16,dpu-gg1-b1-r049-us-west-02b,SN2201,swp16,,,,,US-PHX01,c160:057:12,c160-r057-node-02-us-west-02b,gpu-h100-04,dpu,,,,,CAT6a,,,,,,,,,,,,,,
,,,,,,,,,,,,,,,,,,,,,,,,,,,,,,,,,
,,,,,,,,,,,,,,,,,,,,,,,,,,,,,,,,,
C160 :: ROW-05 :: H100's,,,,,,,,,,,,,,,,,,,,,,,,,,,,,,,,,
LLDP:  Passed,US-PHX01,c160:065:42,t0-gg1-b1-01-r065-us-west-02b,SN4700,swp1,c160:065:41,1:A:1,QSFPDD-400G-DR4,,US-PHX01,c160:066:26,c160-r066-node-01-us-west-02b,gpu-h100-04,eth0,,,,QSFP-100G-DR1,LC-to-LC SMF,,,,,,,,,,,,,,
LLDP:  Passed,US-PHX01,c160:065:42,t0-gg1-b1-01-r065-us-west-02b,SN4700,swp1,c160:065:41,1:A:2,QSFPDD-400G-DR4,,US-PHX01,c160:066:12,c160-r066-node-02-us-west-02b,gpu-h100-04,eth0,,,,QSFP-100G-DR1,LC-to-LC SMF,,,,,,,,,,,,,,
LLDP:  Passed,US-PHX01,c160:065:42,t0-gg1-b1-01-r065-us-west-02b,SN4700,swp1,c160:065:41,1:A:3,QSFPDD-400G-DR4,,US-PHX01,c160:067:26,c160-r067-node-01-us-west-02b,gpu-h100-04,eth0,,,,QSFP-100G-DR1,LC-to-LC SMF,,,,,,,,,,,,,,
LLDP:  Passed,US-PHX01,c160:065:42,t0-gg1-b1-01-r065-us-west-02b,SN4700,swp1,c160:065:41,1:A:4,QSFPDD-400G-DR4,,US-PHX01,c160:067:12,c160-r067-node-02-us-west-02b,gpu-h100-04,eth0,,,,QSFP-100G-DR1,LC-to-LC SMF,,,,,,,,,,,,,,
LLDP:  Passed,US-PHX01,c160:065:42,t0-gg1-b1-01-r065-us-west-02b,SN4700,swp2,c160:065:41,1:B:1,QSFPDD-400G-DR4,,US-PHX01,c160:068:26,c160-r068-node-01-us-west-02b,gpu-h100-04,eth0,,,,QSFP-100G-DR1,LC-to-LC SMF,,,,,,,,,,,,,,
LLDP:  Passed,US-PHX01,c160:065:42,t0-gg1-b1-01-r065-us-west-02b,SN4700,swp2,c160:065:41,1:B:2,QSFPDD-400G-DR4,,US-PHX01,c160:068:12,c160-r068-node-02-us-west-02b,gpu-h100-04,eth0,,,,QSFP-100G-DR1,LC-to-LC SMF,,,,,,,,,,,,,,
LLDP:  Passed,US-PHX01,c160:065:42,t0-gg1-b1-01-r065-us-west-02b,SN4700,swp2,c160:065:41,1:B:3,QSFPDD-400G-DR4,,US-PHX01,c160:069:26,c160-r069-node-01-us-west-02b,gpu-h100-04,eth0,,,,QSFP-100G-DR1,LC-to-LC SMF,,,,,,,,,,,,,,
LLDP:  Passed,US-PHX01,c160:065:42,t0-gg1-b1-01-r065-us-west-02b,SN4700,swp2,c160:065:41,1:B:4,QSFPDD-400G-DR4,,US-PHX01,c160:069:12,c160-r069-node-02-us-west-02b,gpu-h100-04,eth0,,,,QSFP-100G-DR1,LC-to-LC SMF,,,,,,,,,,,,,,
LLDP:  Passed,US-PHX01,c160:065:42,t0-gg1-b1-01-r065-us-west-02b,SN4700,swp3,c160:065:41,2:A:1,QSFPDD-400G-DR4,,US-PHX01,c160:070:26,c160-r070-node-01-us-west-02b,gpu-h100-04,eth0,,,,QSFP-100G-DR1,LC-to-LC SMF,,,,,,,,,,,,,,
LLDP:  Passed,US-PHX01,c160:065:42,t0-gg1-b1-01-r065-us-west-02b,SN4700,swp3,c160:065:41,2:A:2,QSFPDD-400G-DR4,,US-PHX01,c160:070:12,c160-r070-node-02-us-west-02b,gpu-h100-04,eth0,,,,QSFP-100G-DR1,LC-to-LC SMF,,,,,,,,,,,,,,
LLDP:  Passed,US-PHX01,c160:065:42,t0-gg1-b1-01-r065-us-west-02b,SN4700,swp3,c160:065:41,2:A:3,QSFPDD-400G-DR4,,US-PHX01,c160:071:26,c160-r071-node-01-us-west-02b,gpu-h100-04,eth0,,,,QSFP-100G-DR1,LC-to-LC SMF,,,,,,,,,,,,,,
LLDP:  Passed,US-PHX01,c160:065:42,t0-gg1-b1-01-r065-us-west-02b,SN4700,swp3,c160:065:41,2:A:4,QSFPDD-400G-DR4,,US-PHX01,c160:071:12,c160-r071-node-02-us-west-02b,gpu-h100-04,eth0,,,,QSFP-100G-DR1,LC-to-LC SMF,,,,,,,,,,,,,,
LLDP:  Passed,US-PHX01,c160:065:42,t0-gg1-b1-01-r065-us-west-02b,SN4700,swp4,c160:065:41,2:B:1,QSFPDD-400G-DR4,,US-PHX01,c160:072:26,c160-r072-node-01-us-west-02b,gpu-h100-04,eth0,,,,QSFP-100G-DR1,LC-to-LC SMF,,,,,,,,,,,,,,
LLDP:  Passed,US-PHX01,c160:065:42,t0-gg1-b1-01-r065-us-west-02b,SN4700,swp4,c160:065:41,2:B:2,QSFPDD-400G-DR4,,US-PHX01,c160:072:12,c160-r072-node-02-us-west-02b,gpu-h100-04,eth0,,,,QSFP-100G-DR1,LC-to-LC SMF,,,,,,,,,,,,,,
LLDP:  Passed,US-PHX01,c160:065:42,t0-gg1-b1-01-r065-us-west-02b,SN4700,swp4,c160:065:41,2:B:3,QSFPDD-400G-DR4,,US-PHX01,c160:073:26,c160-r073-node-01-us-west-02b,gpu-h100-04,eth0,,,,QSFP-100G-DR1,LC-to-LC SMF,,,,,,,,,,,,,,
LLDP:  Passed,US-PHX01,c160:065:42,t0-gg1-b1-01-r065-us-west-02b,SN4700,swp4,c160:065:41,2:B:4,QSFPDD-400G-DR4,,US-PHX01,c160:073:12,c160-r073-node-02-us-west-02b,gpu-h100-04,eth0,,,,QSFP-100G-DR1,LC-to-LC SMF,,,,,,,,,,,,,,
,,,,,,,,,,,,,,,,,,,,,,,,,,,,,,,,,
LLDP:  Passed,US-PHX01,c160:065:40,t0-gg1-b1-02-r065-us-west-02b,SN4700,swp1,c160:065:39,1:A:1,QSFPDD-400G-DR4,,US-PHX01,c160:066:26,c160-r066-node-01-us-west-02b,gpu-h100-04,eth1,,,,QSFP-100G-DR1,LC-to-LC SMF,,,,,,,,,,,,,,
LLDP:  Passed,US-PHX01,c160:065:40,t0-gg1-b1-02-r065-us-west-02b,SN4700,swp1,c160:065:39,1:A:2,QSFPDD-400G-DR4,,US-PHX01,c160:066:12,c160-r066-node-02-us-west-02b,gpu-h100-04,eth1,,,,QSFP-100G-DR1,LC-to-LC SMF,,,,,,,,,,,,,,
LLDP:  Passed,US-PHX01,c160:065:40,t0-gg1-b1-02-r065-us-west-02b,SN4700,swp1,c160:065:39,1:A:3,QSFPDD-400G-DR4,,US-PHX01,c160:067:26,c160-r067-node-01-us-west-02b,gpu-h100-04,eth1,,,,QSFP-100G-DR1,LC-to-LC SMF,,,,,,,,,,,,,,
LLDP:  Passed,US-PHX01,c160:065:40,t0-gg1-b1-02-r065-us-west-02b,SN4700,swp1,c160:065:39,1:A:4,QSFPDD-400G-DR4,,US-PHX01,c160:067:12,c160-r067-node-02-us-west-02b,gpu-h100-04,eth1,,,,QSFP-100G-DR1,LC-to-LC SMF,,,,,,,,,,,,,,
LLDP:  Passed,US-PHX01,c160:065:40,t0-gg1-b1-02-r065-us-west-02b,SN4700,swp2,c160:065:39,1:B:1,QSFPDD-400G-DR4,,US-PHX01,c160:068:26,c160-r068-node-01-us-west-02b,gpu-h100-04,eth1,,,,QSFP-100G-DR1,LC-to-LC SMF,,,,,,,,,,,,,,
LLDP:  Passed,US-PHX01,c160:065:40,t0-gg1-b1-02-r065-us-west-02b,SN4700,swp2,c160:065:39,1:B:2,QSFPDD-400G-DR4,,US-PHX01,c160:068:12,c160-r068-node-02-us-west-02b,gpu-h100-04,eth1,,,,QSFP-100G-DR1,LC-to-LC SMF,,,,,,,,,,,,,,
LLDP:  Passed,US-PHX01,c160:065:40,t0-gg1-b1-02-r065-us-west-02b,SN4700,swp2,c160:065:39,1:B:3,QSFPDD-400G-DR4,,US-PHX01,c160:069:26,c160-r069-node-01-us-west-02b,gpu-h100-04,eth1,,,,QSFP-100G-DR1,LC-to-LC SMF,,,,,,,,,,,,,,
LLDP:  Passed,US-PHX01,c160:065:40,t0-gg1-b1-02-r065-us-west-02b,SN4700,swp2,c160:065:39,1:B:4,QSFPDD-400G-DR4,,US-PHX01,c160:069:12,c160-r069-node-02-us-west-02b,gpu-h100-04,eth1,,,,QSFP-100G-DR1,LC-to-LC SMF,,,,,,,,,,,,,,
LLDP:  Passed,US-PHX01,c160:065:40,t0-gg1-b1-02-r065-us-west-02b,SN4700,swp3,c160:065:39,2:A:1,QSFPDD-400G-DR4,,US-PHX01,c160:070:26,c160-r070-node-01-us-west-02b,gpu-h100-04,eth1,,,,QSFP-100G-DR1,LC-to-LC SMF,,,,,,,,,,,,,,
LLDP:  Passed,US-PHX01,c160:065:40,t0-gg1-b1-02-r065-us-west-02b,SN4700,swp3,c160:065:39,2:A:2,QSFPDD-400G-DR4,,US-PHX01,c160:070:12,c160-r070-node-02-us-west-02b,gpu-h100-04,eth1,,,,QSFP-100G-DR1,LC-to-LC SMF,,,,,,,,,,,,,,
LLDP:  Passed,US-PHX01,c160:065:40,t0-gg1-b1-02-r065-us-west-02b,SN4700,swp3,c160:065:39,2:A:3,QSFPDD-400G-DR4,,US-PHX01,c160:071:26,c160-r071-node-01-us-west-02b,gpu-h100-04,eth1,,,,QSFP-100G-DR1,LC-to-LC SMF,,,,,,,,,,,,,,
LLDP:  Passed,US-PHX01,c160:065:40,t0-gg1-b1-02-r065-us-west-02b,SN4700,swp3,c160:065:39,2:A:4,QSFPDD-400G-DR4,,US-PHX01,c160:071:12,c160-r071-node-02-us-west-02b,gpu-h100-04,eth1,,,,QSFP-100G-DR1,LC-to-LC SMF,,,,,,,,,,,,,,
LLDP:  Passed,US-PHX01,c160:065:40,t0-gg1-b1-02-r065-us-west-02b,SN4700,swp4,c160:065:39,2:B:1,QSFPDD-400G-DR4,,US-PHX01,c160:072:26,c160-r072-node-01-us-west-02b,gpu-h100-04,eth1,,,,QSFP-100G-DR1,LC-to-LC SMF,,,,,,,,,,,,,,
LLDP:  Passed,US-PHX01,c160:065:40,t0-gg1-b1-02-r065-us-west-02b,SN4700,swp4,c160:065:39,2:B:2,QSFPDD-400G-DR4,,US-PHX01,c160:072:12,c160-r072-node-02-us-west-02b,gpu-h100-04,eth1,,,,QSFP-100G-DR1,LC-to-LC SMF,,,,,,,,,,,,,,
LLDP:  Passed,US-PHX01,c160:065:40,t0-gg1-b1-02-r065-us-west-02b,SN4700,swp4,c160:065:39,2:B:3,QSFPDD-400G-DR4,,US-PHX01,c160:073:26,c160-r073-node-01-us-west-02b,gpu-h100-04,eth1,,,,QSFP-100G-DR1,LC-to-LC SMF,,,,,,,,,,,,,,
LLDP:  Passed,US-PHX01,c160:065:40,t0-gg1-b1-02-r065-us-west-02b,SN4700,swp4,c160:065:39,2:B:4,QSFPDD-400G-DR4,,US-PHX01,c160:073:12,c160-r073-node-02-us-west-02b,gpu-h100-04,eth1,,,,QSFP-100G-DR1,LC-to-LC SMF,,,,,,,,,,,,,,
,,,,,,,,,,,,,,,,,,,,,,,,,,,,,,,,,
LLDP:  Passed,US-PHX01,c160:065:18,ipmi-gg1-b1-r065-us-west-02b,SN2201,swp1,,,,,US-PHX01,c160:066:26,c160-r066-node-01-us-west-02b,gpu-h100-04,ipmi,,,,,CAT6a,,,,,,,,,,,,,,
LLDP:  Passed,US-PHX01,c160:065:18,ipmi-gg1-b1-r065-us-west-02b,SN2201,swp2,,,,,US-PHX01,c160:066:12,c160-r066-node-02-us-west-02b,gpu-h100-04,ipmi,,,,,CAT6a,,,,,,,,,,,,,,
LLDP:  Passed,US-PHX01,c160:065:18,ipmi-gg1-b1-r065-us-west-02b,SN2201,swp3,,,,,US-PHX01,c160:067:26,c160-r067-node-01-us-west-02b,gpu-h100-04,ipmi,,,,,CAT6a,,,,,,,,,,,,,,
LLDP:  Passed,US-PHX01,c160:065:18,ipmi-gg1-b1-r065-us-west-02b,SN2201,swp4,,,,,US-PHX01,c160:067:12,c160-r067-node-02-us-west-02b,gpu-h100-04,ipmi,,,,,CAT6a,,,,,,,,,,,,,,
LLDP:  Passed,US-PHX01,c160:065:18,ipmi-gg1-b1-r065-us-west-02b,SN2201,swp5,,,,,US-PHX01,c160:068:26,c160-r068-node-01-us-west-02b,gpu-h100-04,ipmi,,,,,CAT6a,,,,,,,,,,,,,,
LLDP:  Passed,US-PHX01,c160:065:18,ipmi-gg1-b1-r065-us-west-02b,SN2201,swp6,,,,,US-PHX01,c160:068:12,c160-r068-node-02-us-west-02b,gpu-h100-04,ipmi,,,,,CAT6a,,,,,,,,,,,,,,
LLDP:  Passed,US-PHX01,c160:065:18,ipmi-gg1-b1-r065-us-west-02b,SN2201,swp7,,,,,US-PHX01,c160:069:26,c160-r069-node-01-us-west-02b,gpu-h100-04,ipmi,,,,,CAT6a,,,,,,,,,,,,,,
LLDP:  Passed,US-PHX01,c160:065:18,ipmi-gg1-b1-r065-us-west-02b,SN2201,swp8,,,,,US-PHX01,c160:069:12,c160-r069-node-02-us-west-02b,gpu-h100-04,ipmi,,,,,CAT6a,,,,,,,,,,,,,,
LLDP:  Passed,US-PHX01,c160:065:18,ipmi-gg1-b1-r065-us-west-02b,SN2201,swp9,,,,,US-PHX01,c160:070:26,c160-r070-node-01-us-west-02b,gpu-h100-04,ipmi,,,,,CAT6a,,,,,,,,,,,,,,
LLDP:  Passed,US-PHX01,c160:065:18,ipmi-gg1-b1-r065-us-west-02b,SN2201,swp10,,,,,US-PHX01,c160:070:12,c160-r070-node-02-us-west-02b,gpu-h100-04,ipmi,,,,,CAT6a,,,,,,,,,,,,,,
LLDP:  Passed,US-PHX01,c160:065:18,ipmi-gg1-b1-r065-us-west-02b,SN2201,swp11,,,,,US-PHX01,c160:071:26,c160-r071-node-01-us-west-02b,gpu-h100-04,ipmi,,,,,CAT6a,,,,,,,,,,,,,,
LLDP:  Passed,US-PHX01,c160:065:18,ipmi-gg1-b1-r065-us-west-02b,SN2201,swp12,,,,,US-PHX01,c160:071:12,c160-r071-node-02-us-west-02b,gpu-h100-04,ipmi,,,,,CAT6a,,,,,,,,,,,,,,
LLDP:  Passed,US-PHX01,c160:065:18,ipmi-gg1-b1-r065-us-west-02b,SN2201,swp13,,,,,US-PHX01,c160:072:26,c160-r072-node-01-us-west-02b,gpu-h100-04,ipmi,,,,,CAT6a,,,,,,,,,,,,,,
LLDP:  Passed,US-PHX01,c160:065:18,ipmi-gg1-b1-r065-us-west-02b,SN2201,swp14,,,,,US-PHX01,c160:072:12,c160-r072-node-02-us-west-02b,gpu-h100-04,ipmi,,,,,CAT6a,,,,,,,,,,,,,,
LLDP:  Passed,US-PHX01,c160:065:18,ipmi-gg1-b1-r065-us-west-02b,SN2201,swp15,,,,,US-PHX01,c160:073:26,c160-r073-node-01-us-west-02b,gpu-h100-04,ipmi,,,,,CAT6a,,,,,,,,,,,,,,
LLDP:  Passed,US-PHX01,c160:065:18,ipmi-gg1-b1-r065-us-west-02b,SN2201,swp16,,,,,US-PHX01,c160:073:12,c160-r073-node-02-us-west-02b,gpu-h100-04,ipmi,,,,,CAT6a,,,,,,,,,,,,,,
,,,,,,,,,,,,,,,,,,,,,,,,,,,,,,,,,
LLDP:  Passed,US-PHX01,c160:065:16,dpu-gg1-b1-r065-us-west-02b,SN2201,swp1,,,,,US-PHX01,c160:066:26,c160-r066-node-01-us-west-02b,gpu-h100-04,dpu,,,,,CAT6a,,,,,,,,,,,,,,
LLDP:  Passed,US-PHX01,c160:065:16,dpu-gg1-b1-r065-us-west-02b,SN2201,swp2,,,,,US-PHX01,c160:066:12,c160-r066-node-02-us-west-02b,gpu-h100-04,dpu,,,,,CAT6a,,,,,,,,,,,,,,
LLDP:  Passed,US-PHX01,c160:065:16,dpu-gg1-b1-r065-us-west-02b,SN2201,swp3,,,,,US-PHX01,c160:067:26,c160-r067-node-01-us-west-02b,gpu-h100-04,dpu,,,,,CAT6a,,,,,,,,,,,,,,
LLDP:  Passed,US-PHX01,c160:065:16,dpu-gg1-b1-r065-us-west-02b,SN2201,swp4,,,,,US-PHX01,c160:067:12,c160-r067-node-02-us-west-02b,gpu-h100-04,dpu,,,,,CAT6a,,,,,,,,,,,,,,
LLDP:  Passed,US-PHX01,c160:065:16,dpu-gg1-b1-r065-us-west-02b,SN2201,swp5,,,,,US-PHX01,c160:068:26,c160-r068-node-01-us-west-02b,gpu-h100-04,dpu,,,,,CAT6a,,,,,,,,,,,,,,
LLDP:  Passed,US-PHX01,c160:065:16,dpu-gg1-b1-r065-us-west-02b,SN2201,swp6,,,,,US-PHX01,c160:068:12,c160-r068-node-02-us-west-02b,gpu-h100-04,dpu,,,,,CAT6a,,,,,,,,,,,,,,
LLDP:  Passed,US-PHX01,c160:065:16,dpu-gg1-b1-r065-us-west-02b,SN2201,swp7,,,,,US-PHX01,c160:069:26,c160-r069-node-01-us-west-02b,gpu-h100-04,dpu,,,,,CAT6a,,,,,,,,,,,,,,
LLDP:  Passed,US-PHX01,c160:065:16,dpu-gg1-b1-r065-us-west-02b,SN2201,swp8,,,,,US-PHX01,c160:069:12,c160-r069-node-02-us-west-02b,gpu-h100-04,dpu,,,,,CAT6a,,,,,,,,,,,,,,
LLDP:  Passed,US-PHX01,c160:065:16,dpu-gg1-b1-r065-us-west-02b,SN2201,swp9,,,,,US-PHX01,c160:070:26,c160-r070-node-01-us-west-02b,gpu-h100-04,dpu,,,,,CAT6a,,,,,,,,,,,,,,
LLDP:  Passed,US-PHX01,c160:065:16,dpu-gg1-b1-r065-us-west-02b,SN2201,swp10,,,,,US-PHX01,c160:070:12,c160-r070-node-02-us-west-02b,gpu-h100-04,dpu,,,,,CAT6a,,,,,,,,,,,,,,
LLDP:  Passed,US-PHX01,c160:065:16,dpu-gg1-b1-r065-us-west-02b,SN2201,swp11,,,,,US-PHX01,c160:071:26,c160-r071-node-01-us-west-02b,gpu-h100-04,dpu,,,,,CAT6a,,,,,,,,,,,,,,
LLDP:  Passed,US-PHX01,c160:065:16,dpu-gg1-b1-r065-us-west-02b,SN2201,swp12,,,,,US-PHX01,c160:071:12,c160-r071-node-02-us-west-02b,gpu-h100-04,dpu,,,,,CAT6a,,,,,,,,,,,,,,
LLDP:  Passed,US-PHX01,c160:065:16,dpu-gg1-b1-r065-us-west-02b,SN2201,swp13,,,,,US-PHX01,c160:072:26,c160-r072-node-01-us-west-02b,gpu-h100-04,dpu,,,,,CAT6a,,,,,,,,,,,,,,
LLDP:  Passed,US-PHX01,c160:065:16,dpu-gg1-b1-r065-us-west-02b,SN2201,swp14,,,,,US-PHX01,c160:072:12,c160-r072-node-02-us-west-02b,gpu-h100-04,dpu,,,,,CAT6a,,,,,,,,,,,,,,
LLDP:  Passed,US-PHX01,c160:065:16,dpu-gg1-b1-r065-us-west-02b,SN2201,swp15,,,,,US-PHX01,c160:073:26,c160-r073-node-01-us-west-02b,gpu-h100-04,dpu,,,,,CAT6a,,,,,,,,,,,,,,
LLDP:  Passed,US-PHX01,c160:065:16,dpu-gg1-b1-r065-us-west-02b,SN2201,swp16,,,,,US-PHX01,c160:073:12,c160-r073-node-02-us-west-02b,gpu-h100-04,dpu,,,,,CAT6a,,,,,,,,,,,,,,
,,,,,,,,,,,,,,,,,,,,,,,,,,,,,,,,,
,,,,,,,,,,,,,,,,,,,,,,,,,,,,,,,,,
C160 :: ROW-06 :: H100's,,,,,,,,,,,,,,,,,,,,,,,,,,,,,,,,,
LLDP:  Passed,US-PHX01,c160:081:42,t0-gg1-b1-01-r081-us-west-02b,SN4700,swp1,c160:081:41,1:A:1,QSFPDD-400G-DR4,,US-PHX01,c160:082:26,c160-r082-node-01-us-west-02b,gpu-h100-04,eth0,,,,QSFP-100G-DR1,LC-to-LC SMF,,,,,,,,,,,,,,
LLDP:  Passed,US-PHX01,c160:081:42,t0-gg1-b1-01-r081-us-west-02b,SN4700,swp1,c160:081:41,1:A:2,QSFPDD-400G-DR4,,US-PHX01,c160:082:12,c160-r082-node-02-us-west-02b,gpu-h100-04,eth0,,,,QSFP-100G-DR1,LC-to-LC SMF,,,,,,,,,,,,,,
LLDP:  Passed,US-PHX01,c160:081:42,t0-gg1-b1-01-r081-us-west-02b,SN4700,swp1,c160:081:41,1:A:3,QSFPDD-400G-DR4,,US-PHX01,c160:083:26,c160-r083-node-01-us-west-02b,gpu-h100-04,eth0,,,,QSFP-100G-DR1,LC-to-LC SMF,,,,,,,,,,,,,,
LLDP:  Passed,US-PHX01,c160:081:42,t0-gg1-b1-01-r081-us-west-02b,SN4700,swp1,c160:081:41,1:A:4,QSFPDD-400G-DR4,,US-PHX01,c160:083:12,c160-r083-node-02-us-west-02b,gpu-h100-04,eth0,,,,QSFP-100G-DR1,LC-to-LC SMF,,,,,,,,,,,,,,
LLDP:  Passed,US-PHX01,c160:081:42,t0-gg1-b1-01-r081-us-west-02b,SN4700,swp2,c160:081:41,1:B:1,QSFPDD-400G-DR4,,US-PHX01,c160:084:26,c160-r084-node-01-us-west-02b,gpu-h100-04,eth0,,,,QSFP-100G-DR1,LC-to-LC SMF,,,,,,,,,,,,,,
LLDP:  Passed,US-PHX01,c160:081:42,t0-gg1-b1-01-r081-us-west-02b,SN4700,swp2,c160:081:41,1:B:2,QSFPDD-400G-DR4,,US-PHX01,c160:084:12,c160-r084-node-02-us-west-02b,gpu-h100-04,eth0,,,,QSFP-100G-DR1,LC-to-LC SMF,,,,,,,,,,,,,,
LLDP:  Passed,US-PHX01,c160:081:42,t0-gg1-b1-01-r081-us-west-02b,SN4700,swp2,c160:081:41,1:B:3,QSFPDD-400G-DR4,,US-PHX01,c160:085:26,c160-r085-node-01-us-west-02b,gpu-h100-04,eth0,,,,QSFP-100G-DR1,LC-to-LC SMF,,,,,,,,,,,,,,
LLDP:  Passed,US-PHX01,c160:081:42,t0-gg1-b1-01-r081-us-west-02b,SN4700,swp2,c160:081:41,1:B:4,QSFPDD-400G-DR4,,US-PHX01,c160:085:12,c160-r085-node-02-us-west-02b,gpu-h100-04,eth0,,,,QSFP-100G-DR1,LC-to-LC SMF,,,,,,,,,,,,,,
LLDP:  Passed,US-PHX01,c160:081:42,t0-gg1-b1-01-r081-us-west-02b,SN4700,swp3,c160:081:41,2:A:1,QSFPDD-400G-DR4,,US-PHX01,c160:086:26,c160-r086-node-01-us-west-02b,gpu-h100-04,eth0,,,,QSFP-100G-DR1,LC-to-LC SMF,,,,,,,,,,,,,,
LLDP:  Passed,US-PHX01,c160:081:42,t0-gg1-b1-01-r081-us-west-02b,SN4700,swp3,c160:081:41,2:A:2,QSFPDD-400G-DR4,,US-PHX01,c160:086:12,c160-r086-node-02-us-west-02b,gpu-h100-04,eth0,,,,QSFP-100G-DR1,LC-to-LC SMF,,,,,,,,,,,,,,
LLDP:  Passed,US-PHX01,c160:081:42,t0-gg1-b1-01-r081-us-west-02b,SN4700,swp3,c160:081:41,2:A:3,QSFPDD-400G-DR4,,US-PHX01,c160:087:26,c160-r087-node-01-us-west-02b,gpu-h100-04,eth0,,,,QSFP-100G-DR1,LC-to-LC SMF,,,,,,,,,,,,,,
LLDP:  Passed,US-PHX01,c160:081:42,t0-gg1-b1-01-r081-us-west-02b,SN4700,swp3,c160:081:41,2:A:4,QSFPDD-400G-DR4,,US-PHX01,c160:087:12,c160-r087-node-02-us-west-02b,gpu-h100-04,eth0,,,,QSFP-100G-DR1,LC-to-LC SMF,,,,,,,,,,,,,,
LLDP:  Passed,US-PHX01,c160:081:42,t0-gg1-b1-01-r081-us-west-02b,SN4700,swp4,c160:081:41,2:B:1,QSFPDD-400G-DR4,,US-PHX01,c160:088:26,c160-r088-node-01-us-west-02b,gpu-h100-04,eth0,,,,QSFP-100G-DR1,LC-to-LC SMF,,,,,,,,,,,,,,
LLDP:  Passed,US-PHX01,c160:081:42,t0-gg1-b1-01-r081-us-west-02b,SN4700,swp4,c160:081:41,2:B:2,QSFPDD-400G-DR4,,US-PHX01,c160:088:12,c160-r088-node-02-us-west-02b,gpu-h100-04,eth0,,,,QSFP-100G-DR1,LC-to-LC SMF,,,,,,,,,,,,,,
LLDP:  Passed,US-PHX01,c160:081:42,t0-gg1-b1-01-r081-us-west-02b,SN4700,swp4,c160:081:41,2:B:3,QSFPDD-400G-DR4,,US-PHX01,c160:089:26,c160-r089-node-01-us-west-02b,gpu-h100-04,eth0,,,,QSFP-100G-DR1,LC-to-LC SMF,,,,,,,,,,,,,,
LLDP:  Passed,US-PHX01,c160:081:42,t0-gg1-b1-01-r081-us-west-02b,SN4700,swp4,c160:081:41,2:B:4,QSFPDD-400G-DR4,,US-PHX01,c160:089:12,c160-r089-node-02-us-west-02b,gpu-h100-04,eth0,,,,QSFP-100G-DR1,LC-to-LC SMF,,,,,,,,,,,,,,
,,,,,,,,,,,,,,,,,,,,,,,,,,,,,,,,,
LLDP:  Passed,US-PHX01,c160:081:40,t0-gg1-b1-02-r081-us-west-02b,SN4700,swp1,c160:081:39,1:A:1,QSFPDD-400G-DR4,,US-PHX01,c160:082:26,c160-r082-node-01-us-west-02b,gpu-h100-04,eth1,,,,QSFP-100G-DR1,LC-to-LC SMF,,,,,,,,,,,,,,
LLDP:  Passed,US-PHX01,c160:081:40,t0-gg1-b1-02-r081-us-west-02b,SN4700,swp1,c160:081:39,1:A:2,QSFPDD-400G-DR4,,US-PHX01,c160:082:12,c160-r082-node-02-us-west-02b,gpu-h100-04,eth1,,,,QSFP-100G-DR1,LC-to-LC SMF,,,,,,,,,,,,,,
LLDP:  Passed,US-PHX01,c160:081:40,t0-gg1-b1-02-r081-us-west-02b,SN4700,swp1,c160:081:39,1:A:3,QSFPDD-400G-DR4,,US-PHX01,c160:083:26,c160-r083-node-01-us-west-02b,gpu-h100-04,eth1,,,,QSFP-100G-DR1,LC-to-LC SMF,,,,,,,,,,,,,,
LLDP:  Passed,US-PHX01,c160:081:40,t0-gg1-b1-02-r081-us-west-02b,SN4700,swp1,c160:081:39,1:A:4,QSFPDD-400G-DR4,,US-PHX01,c160:083:12,c160-r083-node-02-us-west-02b,gpu-h100-04,eth1,,,,QSFP-100G-DR1,LC-to-LC SMF,,,,,,,,,,,,,,
LLDP:  Passed,US-PHX01,c160:081:40,t0-gg1-b1-02-r081-us-west-02b,SN4700,swp2,c160:081:39,1:B:1,QSFPDD-400G-DR4,,US-PHX01,c160:084:26,c160-r084-node-01-us-west-02b,gpu-h100-04,eth1,,,,QSFP-100G-DR1,LC-to-LC SMF,,,,,,,,,,,,,,
LLDP:  Passed,US-PHX01,c160:081:40,t0-gg1-b1-02-r081-us-west-02b,SN4700,swp2,c160:081:39,1:B:2,QSFPDD-400G-DR4,,US-PHX01,c160:084:12,c160-r084-node-02-us-west-02b,gpu-h100-04,eth1,,,,QSFP-100G-DR1,LC-to-LC SMF,,,,,,,,,,,,,,
LLDP:  Passed,US-PHX01,c160:081:40,t0-gg1-b1-02-r081-us-west-02b,SN4700,swp2,c160:081:39,1:B:3,QSFPDD-400G-DR4,,US-PHX01,c160:085:26,c160-r085-node-01-us-west-02b,gpu-h100-04,eth1,,,,QSFP-100G-DR1,LC-to-LC SMF,,,,,,,,,,,,,,
LLDP:  Passed,US-PHX01,c160:081:40,t0-gg1-b1-02-r081-us-west-02b,SN4700,swp2,c160:081:39,1:B:4,QSFPDD-400G-DR4,,US-PHX01,c160:085:12,c160-r085-node-02-us-west-02b,gpu-h100-04,eth1,,,,QSFP-100G-DR1,LC-to-LC SMF,,,,,,,,,,,,,,
LLDP:  Passed,US-PHX01,c160:081:40,t0-gg1-b1-02-r081-us-west-02b,SN4700,swp3,c160:081:39,2:A:1,QSFPDD-400G-DR4,,US-PHX01,c160:086:26,c160-r086-node-01-us-west-02b,gpu-h100-04,eth1,,,,QSFP-100G-DR1,LC-to-LC SMF,,,,,,,,,,,,,,
LLDP:  Passed,US-PHX01,c160:081:40,t0-gg1-b1-02-r081-us-west-02b,SN4700,swp3,c160:081:39,2:A:2,QSFPDD-400G-DR4,,US-PHX01,c160:086:12,c160-r086-node-02-us-west-02b,gpu-h100-04,eth1,,,,QSFP-100G-DR1,LC-to-LC SMF,,,,,,,,,,,,,,
LLDP:  Passed,US-PHX01,c160:081:40,t0-gg1-b1-02-r081-us-west-02b,SN4700,swp3,c160:081:39,2:A:3,QSFPDD-400G-DR4,,US-PHX01,c160:087:26,c160-r087-node-01-us-west-02b,gpu-h100-04,eth1,,,,QSFP-100G-DR1,LC-to-LC SMF,,,,,,,,,,,,,,
LLDP:  Failed,US-PHX01,c160:081:40,t0-gg1-b1-02-r081-us-west-02b,SN4700,swp3,c160:081:39,2:A:4,QSFPDD-400G-DR4,,US-PHX01,c160:087:12,c160-r087-node-02-us-west-02b,gpu-h100-04,eth1,,,,QSFP-100G-DR1,LC-to-LC SMF,,,,,,,,,,,,,,
LLDP:  Passed,US-PHX01,c160:081:40,t0-gg1-b1-02-r081-us-west-02b,SN4700,swp4,c160:081:39,2:B:1,QSFPDD-400G-DR4,,US-PHX01,c160:088:26,c160-r088-node-01-us-west-02b,gpu-h100-04,eth1,,,,QSFP-100G-DR1,LC-to-LC SMF,,,,,,,,,,,,,,
LLDP:  Passed,US-PHX01,c160:081:40,t0-gg1-b1-02-r081-us-west-02b,SN4700,swp4,c160:081:39,2:B:2,QSFPDD-400G-DR4,,US-PHX01,c160:088:12,c160-r088-node-02-us-west-02b,gpu-h100-04,eth1,,,,QSFP-100G-DR1,LC-to-LC SMF,,,,,,,,,,,,,,
LLDP:  Failed,US-PHX01,c160:081:40,t0-gg1-b1-02-r081-us-west-02b,SN4700,swp4,c160:081:39,2:B:3,QSFPDD-400G-DR4,,US-PHX01,c160:089:26,c160-r089-node-01-us-west-02b,gpu-h100-04,eth1,,,,QSFP-100G-DR1,LC-to-LC SMF,,,,,,,,,,,,,,
LLDP:  Passed,US-PHX01,c160:081:40,t0-gg1-b1-02-r081-us-west-02b,SN4700,swp4,c160:081:39,2:B:4,QSFPDD-400G-DR4,,US-PHX01,c160:089:12,c160-r089-node-02-us-west-02b,gpu-h100-04,eth1,,,,QSFP-100G-DR1,LC-to-LC SMF,,,,,,,,,,,,,,
,,,,,,,,,,,,,,,,,,,,,,,,,,,,,,,,,
LLDP:  Passed,US-PHX01,c160:081:18,ipmi-gg1-b1-r081-us-west-02b,SN2201,swp1,,,,,US-PHX01,c160:082:26,c160-r082-node-01-us-west-02b,gpu-h100-04,ipmi,,,,,CAT6a,,,,,,,,,,,,,,
LLDP:  Passed,US-PHX01,c160:081:18,ipmi-gg1-b1-r081-us-west-02b,SN2201,swp2,,,,,US-PHX01,c160:082:12,c160-r082-node-02-us-west-02b,gpu-h100-04,ipmi,,,,,CAT6a,,,,,,,,,,,,,,
LLDP:  Passed,US-PHX01,c160:081:18,ipmi-gg1-b1-r081-us-west-02b,SN2201,swp3,,,,,US-PHX01,c160:083:26,c160-r083-node-01-us-west-02b,gpu-h100-04,ipmi,,,,,CAT6a,,,,,,,,,,,,,,
LLDP:  Passed,US-PHX01,c160:081:18,ipmi-gg1-b1-r081-us-west-02b,SN2201,swp4,,,,,US-PHX01,c160:083:12,c160-r083-node-02-us-west-02b,gpu-h100-04,ipmi,,,,,CAT6a,,,,,,,,,,,,,,
LLDP:  Passed,US-PHX01,c160:081:18,ipmi-gg1-b1-r081-us-west-02b,SN2201,swp5,,,,,US-PHX01,c160:084:26,c160-r084-node-01-us-west-02b,gpu-h100-04,ipmi,,,,,CAT6a,,,,,,,,,,,,,,
LLDP:  Passed,US-PHX01,c160:081:18,ipmi-gg1-b1-r081-us-west-02b,SN2201,swp6,,,,,US-PHX01,c160:084:12,c160-r084-node-02-us-west-02b,gpu-h100-04,ipmi,,,,,CAT6a,,,,,,,,,,,,,,
LLDP:  Passed,US-PHX01,c160:081:18,ipmi-gg1-b1-r081-us-west-02b,SN2201,swp7,,,,,US-PHX01,c160:085:26,c160-r085-node-01-us-west-02b,gpu-h100-04,ipmi,,,,,CAT6a,,,,,,,,,,,,,,
LLDP:  Passed,US-PHX01,c160:081:18,ipmi-gg1-b1-r081-us-west-02b,SN2201,swp8,,,,,US-PHX01,c160:085:12,c160-r085-node-02-us-west-02b,gpu-h100-04,ipmi,,,,,CAT6a,,,,,,,,,,,,,,
LLDP:  Passed,US-PHX01,c160:081:18,ipmi-gg1-b1-r081-us-west-02b,SN2201,swp9,,,,,US-PHX01,c160:086:26,c160-r086-node-01-us-west-02b,gpu-h100-04,ipmi,,,,,CAT6a,,,,,,,,,,,,,,
LLDP:  Passed,US-PHX01,c160:081:18,ipmi-gg1-b1-r081-us-west-02b,SN2201,swp10,,,,,US-PHX01,c160:086:12,c160-r086-node-02-us-west-02b,gpu-h100-04,ipmi,,,,,CAT6a,,,,,,,,,,,,,,
LLDP:  Passed,US-PHX01,c160:081:18,ipmi-gg1-b1-r081-us-west-02b,SN2201,swp11,,,,,US-PHX01,c160:087:26,c160-r087-node-01-us-west-02b,gpu-h100-04,ipmi,,,,,CAT6a,,,,,,,,,,,,,,
LLDP:  Passed,US-PHX01,c160:081:18,ipmi-gg1-b1-r081-us-west-02b,SN2201,swp12,,,,,US-PHX01,c160:087:12,c160-r087-node-02-us-west-02b,gpu-h100-04,ipmi,,,,,CAT6a,,,,,,,,,,,,,,
LLDP:  Passed,US-PHX01,c160:081:18,ipmi-gg1-b1-r081-us-west-02b,SN2201,swp13,,,,,US-PHX01,c160:088:26,c160-r088-node-01-us-west-02b,gpu-h100-04,ipmi,,,,,CAT6a,,,,,,,,,,,,,,
LLDP:  Passed,US-PHX01,c160:081:18,ipmi-gg1-b1-r081-us-west-02b,SN2201,swp14,,,,,US-PHX01,c160:088:12,c160-r088-node-02-us-west-02b,gpu-h100-04,ipmi,,,,,CAT6a,,,,,,,,,,,,,,
LLDP:  Passed,US-PHX01,c160:081:18,ipmi-gg1-b1-r081-us-west-02b,SN2201,swp15,,,,,US-PHX01,c160:089:26,c160-r089-node-01-us-west-02b,gpu-h100-04,ipmi,,,,,CAT6a,,,,,,,,,,,,,,
LLDP:  Passed,US-PHX01,c160:081:18,ipmi-gg1-b1-r081-us-west-02b,SN2201,swp16,,,,,US-PHX01,c160:089:12,c160-r089-node-02-us-west-02b,gpu-h100-04,ipmi,,,,,CAT6a,,,,,,,,,,,,,,
,,,,,,,,,,,,,,,,,,,,,,,,,,,,,,,,,
LLDP:  Passed,US-PHX01,c160:081:16,dpu-gg1-b1-r081-us-west-02b,SN2201,swp1,,,,,US-PHX01,c160:082:26,c160-r082-node-01-us-west-02b,gpu-h100-04,dpu,,,,,CAT6a,,,,,,,,,,,,,,
LLDP:  Passed,US-PHX01,c160:081:16,dpu-gg1-b1-r081-us-west-02b,SN2201,swp2,,,,,US-PHX01,c160:082:12,c160-r082-node-02-us-west-02b,gpu-h100-04,dpu,,,,,CAT6a,,,,,,,,,,,,,,
LLDP:  Passed,US-PHX01,c160:081:16,dpu-gg1-b1-r081-us-west-02b,SN2201,swp3,,,,,US-PHX01,c160:083:26,c160-r083-node-01-us-west-02b,gpu-h100-04,dpu,,,,,CAT6a,,,,,,,,,,,,,,
LLDP:  Passed,US-PHX01,c160:081:16,dpu-gg1-b1-r081-us-west-02b,SN2201,swp4,,,,,US-PHX01,c160:083:12,c160-r083-node-02-us-west-02b,gpu-h100-04,dpu,,,,,CAT6a,,,,,,,,,,,,,,
LLDP:  Passed,US-PHX01,c160:081:16,dpu-gg1-b1-r081-us-west-02b,SN2201,swp5,,,,,US-PHX01,c160:084:26,c160-r084-node-01-us-west-02b,gpu-h100-04,dpu,,,,,CAT6a,,,,,,,,,,,,,,
LLDP:  Passed,US-PHX01,c160:081:16,dpu-gg1-b1-r081-us-west-02b,SN2201,swp6,,,,,US-PHX01,c160:084:12,c160-r084-node-02-us-west-02b,gpu-h100-04,dpu,,,,,CAT6a,,,,,,,,,,,,,,
LLDP:  Passed,US-PHX01,c160:081:16,dpu-gg1-b1-r081-us-west-02b,SN2201,swp7,,,,,US-PHX01,c160:085:26,c160-r085-node-01-us-west-02b,gpu-h100-04,dpu,,,,,CAT6a,,,,,,,,,,,,,,
LLDP:  Passed,US-PHX01,c160:081:16,dpu-gg1-b1-r081-us-west-02b,SN2201,swp8,,,,,US-PHX01,c160:085:12,c160-r085-node-02-us-west-02b,gpu-h100-04,dpu,,,,,CAT6a,,,,,,,,,,,,,,
LLDP:  Passed,US-PHX01,c160:081:16,dpu-gg1-b1-r081-us-west-02b,SN2201,swp9,,,,,US-PHX01,c160:086:26,c160-r086-node-01-us-west-02b,gpu-h100-04,dpu,,,,,CAT6a,,,,,,,,,,,,,,
LLDP:  Passed,US-PHX01,c160:081:16,dpu-gg1-b1-r081-us-west-02b,SN2201,swp10,,,,,US-PHX01,c160:086:12,c160-r086-node-02-us-west-02b,gpu-h100-04,dpu,,,,,CAT6a,,,,,,,,,,,,,,
LLDP:  Passed,US-PHX01,c160:081:16,dpu-gg1-b1-r081-us-west-02b,SN2201,swp11,,,,,US-PHX01,c160:087:26,c160-r087-node-01-us-west-02b,gpu-h100-04,dpu,,,,,CAT6a,,,,,,,,,,,,,,
LLDP:  Passed,US-PHX01,c160:081:16,dpu-gg1-b1-r081-us-west-02b,SN2201,swp12,,,,,US-PHX01,c160:087:12,c160-r087-node-02-us-west-02b,gpu-h100-04,dpu,,,,,CAT6a,,,,,,,,,,,,,,
LLDP:  Passed,US-PHX01,c160:081:16,dpu-gg1-b1-r081-us-west-02b,SN2201,swp13,,,,,US-PHX01,c160:088:26,c160-r088-node-01-us-west-02b,gpu-h100-04,dpu,,,,,CAT6a,,,,,,,,,,,,,,
LLDP:  Passed,US-PHX01,c160:081:16,dpu-gg1-b1-r081-us-west-02b,SN2201,swp14,,,,,US-PHX01,c160:088:12,c160-r088-node-02-us-west-02b,gpu-h100-04,dpu,,,,,CAT6a,,,,,,,,,,,,,,
LLDP:  Passed,US-PHX01,c160:081:16,dpu-gg1-b1-r081-us-west-02b,SN2201,swp15,,,,,US-PHX01,c160:089:26,c160-r089-node-01-us-west-02b,gpu-h100-04,dpu,,,,,CAT6a,,,,,,,,,,,,,,
LLDP:  Passed,US-PHX01,c160:081:16,dpu-gg1-b1-r081-us-west-02b,SN2201,swp16,,,,,US-PHX01,c160:089:12,c160-r089-node-02-us-west-02b,gpu-h100-04,dpu,,,,,CAT6a,,,,,,,,,,,,,,
,,,,,,,,,,,,,,,,,,,,,,,,,,,,,,,,,
,,,,,,,,,,,,,,,,,,,,,,,,,,,,,,,,,
C160 :: ROW-07 :: H100's,,,,,,,,,,,,,,,,,,,,,,,,,,,,,,,,,
LLDP:  Passed,US-PHX01,c160:097:42,t0-gg1-b2-01-r097-us-west-02b,SN4700,swp1,c160:097:41,1:A:1,QSFPDD-400G-DR4,,US-PHX01,c160:098:26,c160-r098-node-01-us-west-02b,gpu-h100-04,eth0,,,,QSFP-100G-DR1,LC-to-LC SMF,,,,,,,,,,,,,,
LLDP:  Passed,US-PHX01,c160:097:42,t0-gg1-b2-01-r097-us-west-02b,SN4700,swp1,c160:097:41,1:A:2,QSFPDD-400G-DR4,,US-PHX01,c160:098:12,c160-r098-node-02-us-west-02b,gpu-h100-04,eth0,,,,QSFP-100G-DR1,LC-to-LC SMF,,,,,,,,,,,,,,
LLDP:  Passed,US-PHX01,c160:097:42,t0-gg1-b2-01-r097-us-west-02b,SN4700,swp1,c160:097:41,1:A:3,QSFPDD-400G-DR4,,US-PHX01,c160:099:26,c160-r099-node-01-us-west-02b,gpu-h100-04,eth0,,,,QSFP-100G-DR1,LC-to-LC SMF,,,,,,,,,,,,,,
LLDP:  Passed,US-PHX01,c160:097:42,t0-gg1-b2-01-r097-us-west-02b,SN4700,swp1,c160:097:41,1:A:4,QSFPDD-400G-DR4,,US-PHX01,c160:099:12,c160-r099-node-02-us-west-02b,gpu-h100-04,eth0,,,,QSFP-100G-DR1,LC-to-LC SMF,,,,,,,,,,,,,,
LLDP:  Passed,US-PHX01,c160:097:42,t0-gg1-b2-01-r097-us-west-02b,SN4700,swp2,c160:097:41,1:B:1,QSFPDD-400G-DR4,,US-PHX01,c160:100:26,c160-r100-node-01-us-west-02b,gpu-h100-04,eth0,,,,QSFP-100G-DR1,LC-to-LC SMF,,,,,,,,,,,,,,
LLDP:  Passed,US-PHX01,c160:097:42,t0-gg1-b2-01-r097-us-west-02b,SN4700,swp2,c160:097:41,1:B:2,QSFPDD-400G-DR4,,US-PHX01,c160:100:12,c160-r100-node-02-us-west-02b,gpu-h100-04,eth0,,,,QSFP-100G-DR1,LC-to-LC SMF,,,,,,,,,,,,,,
LLDP:  Passed,US-PHX01,c160:097:42,t0-gg1-b2-01-r097-us-west-02b,SN4700,swp2,c160:097:41,1:B:3,QSFPDD-400G-DR4,,US-PHX01,c160:101:26,c160-r101-node-01-us-west-02b,gpu-h100-04,eth0,,,,QSFP-100G-DR1,LC-to-LC SMF,,,,,,,,,,,,,,
LLDP:  Passed,US-PHX01,c160:097:42,t0-gg1-b2-01-r097-us-west-02b,SN4700,swp2,c160:097:41,1:B:4,QSFPDD-400G-DR4,,US-PHX01,c160:101:12,c160-r101-node-02-us-west-02b,gpu-h100-04,eth0,,,,QSFP-100G-DR1,LC-to-LC SMF,,,,,,,,,,,,,,
LLDP:  Passed,US-PHX01,c160:097:42,t0-gg1-b2-01-r097-us-west-02b,SN4700,swp3,c160:097:41,2:A:1,QSFPDD-400G-DR4,,US-PHX01,c160:102:26,c160-r102-node-01-us-west-02b,gpu-h100-04,eth0,,,,QSFP-100G-DR1,LC-to-LC SMF,,,,,,,,,,,,,,
LLDP:  Passed,US-PHX01,c160:097:42,t0-gg1-b2-01-r097-us-west-02b,SN4700,swp3,c160:097:41,2:A:2,QSFPDD-400G-DR4,,US-PHX01,c160:102:12,c160-r102-node-02-us-west-02b,gpu-h100-04,eth0,,,,QSFP-100G-DR1,LC-to-LC SMF,,,,,,,,,,,,,,
LLDP:  Passed,US-PHX01,c160:097:42,t0-gg1-b2-01-r097-us-west-02b,SN4700,swp3,c160:097:41,2:A:3,QSFPDD-400G-DR4,,US-PHX01,c160:103:26,c160-r103-node-01-us-west-02b,gpu-h100-04,eth0,,,,QSFP-100G-DR1,LC-to-LC SMF,,,,,,,,,,,,,,
LLDP:  Passed,US-PHX01,c160:097:42,t0-gg1-b2-01-r097-us-west-02b,SN4700,swp3,c160:097:41,2:A:4,QSFPDD-400G-DR4,,US-PHX01,c160:103:12,c160-r103-node-02-us-west-02b,gpu-h100-04,eth0,,,,QSFP-100G-DR1,LC-to-LC SMF,,,,,,,,,,,,,,
LLDP:  Passed,US-PHX01,c160:097:42,t0-gg1-b2-01-r097-us-west-02b,SN4700,swp4,c160:097:41,2:B:1,QSFPDD-400G-DR4,,US-PHX01,c160:104:26,c160-r104-node-01-us-west-02b,gpu-h100-04,eth0,,,,QSFP-100G-DR1,LC-to-LC SMF,,,,,,,,,,,,,,
LLDP:  Passed,US-PHX01,c160:097:42,t0-gg1-b2-01-r097-us-west-02b,SN4700,swp4,c160:097:41,2:B:2,QSFPDD-400G-DR4,,US-PHX01,c160:104:12,c160-r104-node-02-us-west-02b,gpu-h100-04,eth0,,,,QSFP-100G-DR1,LC-to-LC SMF,,,,,,,,,,,,,,
LLDP:  Passed,US-PHX01,c160:097:42,t0-gg1-b2-01-r097-us-west-02b,SN4700,swp4,c160:097:41,2:B:3,QSFPDD-400G-DR4,,US-PHX01,c160:105:26,c160-r105-node-01-us-west-02b,gpu-h100-04,eth0,,,,QSFP-100G-DR1,LC-to-LC SMF,,,,,,,,,,,,,,
LLDP:  Passed,US-PHX01,c160:097:42,t0-gg1-b2-01-r097-us-west-02b,SN4700,swp4,c160:097:41,2:B:4,QSFPDD-400G-DR4,,US-PHX01,c160:105:12,c160-r105-node-02-us-west-02b,gpu-h100-04,eth0,,,,QSFP-100G-DR1,LC-to-LC SMF,,,,,,,,,,,,,,
,,,,,,,,,,,,,,,,,,,,,,,,,,,,,,,,,
LLDP:  Passed,US-PHX01,c160:097:40,t0-gg1-b2-02-r097-us-west-02b,SN4700,swp1,c160:097:39,1:A:1,QSFPDD-400G-DR4,,US-PHX01,c160:098:26,c160-r098-node-01-us-west-02b,gpu-h100-04,eth1,,,,QSFP-100G-DR1,LC-to-LC SMF,,,,,,,,,,,,,,
LLDP:  Passed,US-PHX01,c160:097:40,t0-gg1-b2-02-r097-us-west-02b,SN4700,swp1,c160:097:39,1:A:2,QSFPDD-400G-DR4,,US-PHX01,c160:098:12,c160-r098-node-02-us-west-02b,gpu-h100-04,eth1,,,,QSFP-100G-DR1,LC-to-LC SMF,,,,,,,,,,,,,,
LLDP:  Passed,US-PHX01,c160:097:40,t0-gg1-b2-02-r097-us-west-02b,SN4700,swp1,c160:097:39,1:A:3,QSFPDD-400G-DR4,,US-PHX01,c160:099:26,c160-r099-node-01-us-west-02b,gpu-h100-04,eth1,,,,QSFP-100G-DR1,LC-to-LC SMF,,,,,,,,,,,,,,
LLDP:  Passed,US-PHX01,c160:097:40,t0-gg1-b2-02-r097-us-west-02b,SN4700,swp1,c160:097:39,1:A:4,QSFPDD-400G-DR4,,US-PHX01,c160:099:12,c160-r099-node-02-us-west-02b,gpu-h100-04,eth1,,,,QSFP-100G-DR1,LC-to-LC SMF,,,,,,,,,,,,,,
LLDP:  Passed,US-PHX01,c160:097:40,t0-gg1-b2-02-r097-us-west-02b,SN4700,swp2,c160:097:39,1:B:1,QSFPDD-400G-DR4,,US-PHX01,c160:100:26,c160-r100-node-01-us-west-02b,gpu-h100-04,eth1,,,,QSFP-100G-DR1,LC-to-LC SMF,,,,,,,,,,,,,,
LLDP:  Passed,US-PHX01,c160:097:40,t0-gg1-b2-02-r097-us-west-02b,SN4700,swp2,c160:097:39,1:B:2,QSFPDD-400G-DR4,,US-PHX01,c160:100:12,c160-r100-node-02-us-west-02b,gpu-h100-04,eth1,,,,QSFP-100G-DR1,LC-to-LC SMF,,,,,,,,,,,,,,
LLDP:  Passed,US-PHX01,c160:097:40,t0-gg1-b2-02-r097-us-west-02b,SN4700,swp2,c160:097:39,1:B:3,QSFPDD-400G-DR4,,US-PHX01,c160:101:26,c160-r101-node-01-us-west-02b,gpu-h100-04,eth1,,,,QSFP-100G-DR1,LC-to-LC SMF,,,,,,,,,,,,,,
LLDP:  Passed,US-PHX01,c160:097:40,t0-gg1-b2-02-r097-us-west-02b,SN4700,swp2,c160:097:39,1:B:4,QSFPDD-400G-DR4,,US-PHX01,c160:101:12,c160-r101-node-02-us-west-02b,gpu-h100-04,eth1,,,,QSFP-100G-DR1,LC-to-LC SMF,,,,,,,,,,,,,,
LLDP:  Failed,US-PHX01,c160:097:40,t0-gg1-b2-02-r097-us-west-02b,SN4700,swp3,c160:097:39,2:A:1,QSFPDD-400G-DR4,,US-PHX01,c160:102:26,c160-r102-node-01-us-west-02b,gpu-h100-04,eth1,,,,QSFP-100G-DR1,LC-to-LC SMF,,,,,,,,,,,,,,
LLDP:  Failed,US-PHX01,c160:097:40,t0-gg1-b2-02-r097-us-west-02b,SN4700,swp3,c160:097:39,2:A:2,QSFPDD-400G-DR4,,US-PHX01,c160:102:12,c160-r102-node-02-us-west-02b,gpu-h100-04,eth1,,,,QSFP-100G-DR1,LC-to-LC SMF,,,,,,,,,,,,,,
LLDP:  Passed,US-PHX01,c160:097:40,t0-gg1-b2-02-r097-us-west-02b,SN4700,swp3,c160:097:39,2:A:3,QSFPDD-400G-DR4,,US-PHX01,c160:103:26,c160-r103-node-01-us-west-02b,gpu-h100-04,eth1,,,,QSFP-100G-DR1,LC-to-LC SMF,,,,,,,,,,,,,,
LLDP:  Passed,US-PHX01,c160:097:40,t0-gg1-b2-02-r097-us-west-02b,SN4700,swp3,c160:097:39,2:A:4,QSFPDD-400G-DR4,,US-PHX01,c160:103:12,c160-r103-node-02-us-west-02b,gpu-h100-04,eth1,,,,QSFP-100G-DR1,LC-to-LC SMF,,,,,,,,,,,,,,
LLDP:  Passed,US-PHX01,c160:097:40,t0-gg1-b2-02-r097-us-west-02b,SN4700,swp4,c160:097:39,2:B:1,QSFPDD-400G-DR4,,US-PHX01,c160:104:26,c160-r104-node-01-us-west-02b,gpu-h100-04,eth1,,,,QSFP-100G-DR1,LC-to-LC SMF,,,,,,,,,,,,,,
LLDP:  Passed,US-PHX01,c160:097:40,t0-gg1-b2-02-r097-us-west-02b,SN4700,swp4,c160:097:39,2:B:2,QSFPDD-400G-DR4,,US-PHX01,c160:104:12,c160-r104-node-02-us-west-02b,gpu-h100-04,eth1,,,,QSFP-100G-DR1,LC-to-LC SMF,,,,,,,,,,,,,,
LLDP:  Passed,US-PHX01,c160:097:40,t0-gg1-b2-02-r097-us-west-02b,SN4700,swp4,c160:097:39,2:B:3,QSFPDD-400G-DR4,,US-PHX01,c160:105:26,c160-r105-node-01-us-west-02b,gpu-h100-04,eth1,,,,QSFP-100G-DR1,LC-to-LC SMF,,,,,,,,,,,,,,
LLDP:  Passed,US-PHX01,c160:097:40,t0-gg1-b2-02-r097-us-west-02b,SN4700,swp4,c160:097:39,2:B:4,QSFPDD-400G-DR4,,US-PHX01,c160:105:12,c160-r105-node-02-us-west-02b,gpu-h100-04,eth1,,,,QSFP-100G-DR1,LC-to-LC SMF,,,,,,,,,,,,,,
,,,,,,,,,,,,,,,,,,,,,,,,,,,,,,,,,
LLDP:  Passed,US-PHX01,c160:097:18,ipmi-gg1-b2-r097-us-west-02b,SN2201,swp1,,,,,US-PHX01,c160:098:26,c160-r098-node-01-us-west-02b,gpu-h100-04,ipmi,,,,,CAT6a,,,,,,,,,,,,,,
LLDP:  Passed,US-PHX01,c160:097:18,ipmi-gg1-b2-r097-us-west-02b,SN2201,swp2,,,,,US-PHX01,c160:098:12,c160-r098-node-02-us-west-02b,gpu-h100-04,ipmi,,,,,CAT6a,,,,,,,,,,,,,,
LLDP:  Passed,US-PHX01,c160:097:18,ipmi-gg1-b2-r097-us-west-02b,SN2201,swp3,,,,,US-PHX01,c160:099:26,c160-r099-node-01-us-west-02b,gpu-h100-04,ipmi,,,,,CAT6a,,,,,,,,,,,,,,
LLDP:  Passed,US-PHX01,c160:097:18,ipmi-gg1-b2-r097-us-west-02b,SN2201,swp4,,,,,US-PHX01,c160:099:12,c160-r099-node-02-us-west-02b,gpu-h100-04,ipmi,,,,,CAT6a,,,,,,,,,,,,,,
LLDP:  Passed,US-PHX01,c160:097:18,ipmi-gg1-b2-r097-us-west-02b,SN2201,swp5,,,,,US-PHX01,c160:100:26,c160-r100-node-01-us-west-02b,gpu-h100-04,ipmi,,,,,CAT6a,,,,,,,,,,,,,,
LLDP:  Passed,US-PHX01,c160:097:18,ipmi-gg1-b2-r097-us-west-02b,SN2201,swp6,,,,,US-PHX01,c160:100:12,c160-r100-node-02-us-west-02b,gpu-h100-04,ipmi,,,,,CAT6a,,,,,,,,,,,,,,
LLDP:  Passed,US-PHX01,c160:097:18,ipmi-gg1-b2-r097-us-west-02b,SN2201,swp7,,,,,US-PHX01,c160:101:26,c160-r101-node-01-us-west-02b,gpu-h100-04,ipmi,,,,,CAT6a,,,,,,,,,,,,,,
LLDP:  Passed,US-PHX01,c160:097:18,ipmi-gg1-b2-r097-us-west-02b,SN2201,swp8,,,,,US-PHX01,c160:101:12,c160-r101-node-02-us-west-02b,gpu-h100-04,ipmi,,,,,CAT6a,,,,,,,,,,,,,,
LLDP:  Passed,US-PHX01,c160:097:18,ipmi-gg1-b2-r097-us-west-02b,SN2201,swp9,,,,,US-PHX01,c160:102:26,c160-r102-node-01-us-west-02b,gpu-h100-04,ipmi,,,,,CAT6a,,,,,,,,,,,,,,
LLDP:  Passed,US-PHX01,c160:097:18,ipmi-gg1-b2-r097-us-west-02b,SN2201,swp10,,,,,US-PHX01,c160:102:12,c160-r102-node-02-us-west-02b,gpu-h100-04,ipmi,,,,,CAT6a,,,,,,,,,,,,,,
LLDP:  Passed,US-PHX01,c160:097:18,ipmi-gg1-b2-r097-us-west-02b,SN2201,swp11,,,,,US-PHX01,c160:103:26,c160-r103-node-01-us-west-02b,gpu-h100-04,ipmi,,,,,CAT6a,,,,,,,,,,,,,,
LLDP:  Passed,US-PHX01,c160:097:18,ipmi-gg1-b2-r097-us-west-02b,SN2201,swp12,,,,,US-PHX01,c160:103:12,c160-r103-node-02-us-west-02b,gpu-h100-04,ipmi,,,,,CAT6a,,,,,,,,,,,,,,
LLDP:  Passed,US-PHX01,c160:097:18,ipmi-gg1-b2-r097-us-west-02b,SN2201,swp13,,,,,US-PHX01,c160:104:26,c160-r104-node-01-us-west-02b,gpu-h100-04,ipmi,,,,,CAT6a,,,,,,,,,,,,,,
LLDP:  Passed,US-PHX01,c160:097:18,ipmi-gg1-b2-r097-us-west-02b,SN2201,swp14,,,,,US-PHX01,c160:104:12,c160-r104-node-02-us-west-02b,gpu-h100-04,ipmi,,,,,CAT6a,,,,,,,,,,,,,,
LLDP:  Passed,US-PHX01,c160:097:18,ipmi-gg1-b2-r097-us-west-02b,SN2201,swp15,,,,,US-PHX01,c160:105:26,c160-r105-node-01-us-west-02b,gpu-h100-04,ipmi,,,,,CAT6a,,,,,,,,,,,,,,
LLDP:  Passed,US-PHX01,c160:097:18,ipmi-gg1-b2-r097-us-west-02b,SN2201,swp16,,,,,US-PHX01,c160:105:12,c160-r105-node-02-us-west-02b,gpu-h100-04,ipmi,,,,,CAT6a,,,,,,,,,,,,,,
,,,,,,,,,,,,,,,,,,,,,,,,,,,,,,,,,
LLDP:  Passed,US-PHX01,c160:097:16,dpu-gg1-b2-r097-us-west-02b,SN2201,swp1,,,,,US-PHX01,c160:098:26,c160-r098-node-01-us-west-02b,gpu-h100-04,dpu,,,,,CAT6a,,,,,,,,,,,,,,
LLDP:  Passed,US-PHX01,c160:097:16,dpu-gg1-b2-r097-us-west-02b,SN2201,swp2,,,,,US-PHX01,c160:098:12,c160-r098-node-02-us-west-02b,gpu-h100-04,dpu,,,,,CAT6a,,,,,,,,,,,,,,
LLDP:  Passed,US-PHX01,c160:097:16,dpu-gg1-b2-r097-us-west-02b,SN2201,swp3,,,,,US-PHX01,c160:099:26,c160-r099-node-01-us-west-02b,gpu-h100-04,dpu,,,,,CAT6a,,,,,,,,,,,,,,
LLDP:  Passed,US-PHX01,c160:097:16,dpu-gg1-b2-r097-us-west-02b,SN2201,swp4,,,,,US-PHX01,c160:099:12,c160-r099-node-02-us-west-02b,gpu-h100-04,dpu,,,,,CAT6a,,,,,,,,,,,,,,
LLDP:  Passed,US-PHX01,c160:097:16,dpu-gg1-b2-r097-us-west-02b,SN2201,swp5,,,,,US-PHX01,c160:100:26,c160-r100-node-01-us-west-02b,gpu-h100-04,dpu,,,,,CAT6a,,,,,,,,,,,,,,
LLDP:  Passed,US-PHX01,c160:097:16,dpu-gg1-b2-r097-us-west-02b,SN2201,swp6,,,,,US-PHX01,c160:100:12,c160-r100-node-02-us-west-02b,gpu-h100-04,dpu,,,,,CAT6a,,,,,,,,,,,,,,
LLDP:  Passed,US-PHX01,c160:097:16,dpu-gg1-b2-r097-us-west-02b,SN2201,swp7,,,,,US-PHX01,c160:101:26,c160-r101-node-01-us-west-02b,gpu-h100-04,dpu,,,,,CAT6a,,,,,,,,,,,,,,
LLDP:  Passed,US-PHX01,c160:097:16,dpu-gg1-b2-r097-us-west-02b,SN2201,swp8,,,,,US-PHX01,c160:101:12,c160-r101-node-02-us-west-02b,gpu-h100-04,dpu,,,,,CAT6a,,,,,,,,,,,,,,
LLDP:  Passed,US-PHX01,c160:097:16,dpu-gg1-b2-r097-us-west-02b,SN2201,swp9,,,,,US-PHX01,c160:102:26,c160-r102-node-01-us-west-02b,gpu-h100-04,dpu,,,,,CAT6a,,,,,,,,,,,,,,
LLDP:  Passed,US-PHX01,c160:097:16,dpu-gg1-b2-r097-us-west-02b,SN2201,swp10,,,,,US-PHX01,c160:102:12,c160-r102-node-02-us-west-02b,gpu-h100-04,dpu,,,,,CAT6a,,,,,,,,,,,,,,
LLDP:  Passed,US-PHX01,c160:097:16,dpu-gg1-b2-r097-us-west-02b,SN2201,swp11,,,,,US-PHX01,c160:103:26,c160-r103-node-01-us-west-02b,gpu-h100-04,dpu,,,,,CAT6a,,,,,,,,,,,,,,
LLDP:  Passed,US-PHX01,c160:097:16,dpu-gg1-b2-r097-us-west-02b,SN2201,swp12,,,,,US-PHX01,c160:103:12,c160-r103-node-02-us-west-02b,gpu-h100-04,dpu,,,,,CAT6a,,,,,,,,,,,,,,
LLDP:  Passed,US-PHX01,c160:097:16,dpu-gg1-b2-r097-us-west-02b,SN2201,swp13,,,,,US-PHX01,c160:104:26,c160-r104-node-01-us-west-02b,gpu-h100-04,dpu,,,,,CAT6a,,,,,,,,,,,,,,
LLDP:  Passed,US-PHX01,c160:097:16,dpu-gg1-b2-r097-us-west-02b,SN2201,swp14,,,,,US-PHX01,c160:104:12,c160-r104-node-02-us-west-02b,gpu-h100-04,dpu,,,,,CAT6a,,,,,,,,,,,,,,
LLDP:  Passed,US-PHX01,c160:097:16,dpu-gg1-b2-r097-us-west-02b,SN2201,swp15,,,,,US-PHX01,c160:105:26,c160-r105-node-01-us-west-02b,gpu-h100-04,dpu,,,,,CAT6a,,,,,,,,,,,,,,
LLDP:  Passed,US-PHX01,c160:097:16,dpu-gg1-b2-r097-us-west-02b,SN2201,swp16,,,,,US-PHX01,c160:105:12,c160-r105-node-02-us-west-02b,gpu-h100-04,dpu,,,,,CAT6a,,,,,,,,,,,,,,
,,,,,,,,,,,,,,,,,,,,,,,,,,,,,,,,,
,,,,,,,,,,,,,,,,,,,,,,,,,,,,,,,,,
C160 :: ROW-08 :: H100's,,,,,,,,,,,,,,,,,,,,,,,,,,,,,,,,,
LLDP:  Passed,US-PHX01,c160:113:44,t0-gg1-b2-01-r113-us-west-02b,SN4700,swp1,c160:113:43,1:A:1,QSFPDD-400G-DR4,,US-PHX01,c160:114:26,c160-r114-node-01-us-west-02b,gpu-h100-04,eth0,,,,QSFP-100G-DR1,LC-to-LC SMF,,,,,,,,,,,,,,
LLDP:  Passed,US-PHX01,c160:113:44,t0-gg1-b2-01-r113-us-west-02b,SN4700,swp1,c160:113:43,1:A:2,QSFPDD-400G-DR4,,US-PHX01,c160:114:12,c160-r114-node-02-us-west-02b,gpu-h100-04,eth0,,,,QSFP-100G-DR1,LC-to-LC SMF,,,,,,,,,,,,,,
LLDP:  Failed,US-PHX01,c160:113:44,t0-gg1-b2-01-r113-us-west-02b,SN4700,swp1,c160:113:43,1:A:3,QSFPDD-400G-DR4,,US-PHX01,c160:115:26,c160-r115-node-01-us-west-02b,gpu-h100-04,eth0,,,,QSFP-100G-DR1,LC-to-LC SMF,,,,,,,,,,,,,,
LLDP:  Passed,US-PHX01,c160:113:44,t0-gg1-b2-01-r113-us-west-02b,SN4700,swp1,c160:113:43,1:A:4,QSFPDD-400G-DR4,,US-PHX01,c160:115:12,c160-r115-node-02-us-west-02b,gpu-h100-04,eth0,,,,QSFP-100G-DR1,LC-to-LC SMF,,,,,,,,,,,,,,
LLDP:  Passed,US-PHX01,c160:113:44,t0-gg1-b2-01-r113-us-west-02b,SN4700,swp2,c160:113:43,1:B:1,QSFPDD-400G-DR4,,US-PHX01,c160:116:26,c160-r116-node-01-us-west-02b,gpu-h100-04,eth0,,,,QSFP-100G-DR1,LC-to-LC SMF,,,,,,,,,,,,,,
LLDP:  Failed,US-PHX01,c160:113:44,t0-gg1-b2-01-r113-us-west-02b,SN4700,swp2,c160:113:43,1:B:2,QSFPDD-400G-DR4,,US-PHX01,c160:116:12,c160-r116-node-02-us-west-02b,gpu-h100-04,eth0,,,,QSFP-100G-DR1,LC-to-LC SMF,,,,,,,,,,,,,,
LLDP:  Passed,US-PHX01,c160:113:44,t0-gg1-b2-01-r113-us-west-02b,SN4700,swp2,c160:113:43,1:B:3,QSFPDD-400G-DR4,,US-PHX01,c160:117:26,c160-r117-node-01-us-west-02b,gpu-h100-04,eth0,,,,QSFP-100G-DR1,LC-to-LC SMF,,,,,,,,,,,,,,
LLDP:  Failed,US-PHX01,c160:113:44,t0-gg1-b2-01-r113-us-west-02b,SN4700,swp2,c160:113:43,1:B:4,QSFPDD-400G-DR4,,US-PHX01,c160:117:12,c160-r117-node-02-us-west-02b,gpu-h100-04,eth0,,,,QSFP-100G-DR1,LC-to-LC SMF,,,,,,,,,,,,,,
LLDP:  Passed,US-PHX01,c160:113:44,t0-gg1-b2-01-r113-us-west-02b,SN4700,swp3,c160:113:43,2:A:1,QSFPDD-400G-DR4,,US-PHX01,c160:118:26,c160-r118-node-01-us-west-02b,gpu-h100-04,eth0,,,,QSFP-100G-DR1,LC-to-LC SMF,,,,,,,,,,,,,,
LLDP:  Passed,US-PHX01,c160:113:44,t0-gg1-b2-01-r113-us-west-02b,SN4700,swp3,c160:113:43,2:A:2,QSFPDD-400G-DR4,,US-PHX01,c160:118:12,c160-r118-node-02-us-west-02b,gpu-h100-04,eth0,,,,QSFP-100G-DR1,LC-to-LC SMF,,,,,,,,,,,,,,
LLDP:  Passed,US-PHX01,c160:113:44,t0-gg1-b2-01-r113-us-west-02b,SN4700,swp3,c160:113:43,2:A:3,QSFPDD-400G-DR4,,US-PHX01,c160:119:26,c160-r119-node-01-us-west-02b,gpu-h100-04,eth0,,,,QSFP-100G-DR1,LC-to-LC SMF,,,,,,,,,,,,,,
LLDP:  Passed,US-PHX01,c160:113:44,t0-gg1-b2-01-r113-us-west-02b,SN4700,swp3,c160:113:43,2:A:4,QSFPDD-400G-DR4,,US-PHX01,c160:119:12,c160-r119-node-02-us-west-02b,gpu-h100-04,eth0,,,,QSFP-100G-DR1,LC-to-LC SMF,,,,,,,,,,,,,,
LLDP:  Passed,US-PHX01,c160:113:44,t0-gg1-b2-01-r113-us-west-02b,SN4700,swp4,c160:113:43,2:B:1,QSFPDD-400G-DR4,,US-PHX01,c160:120:26,c160-r120-node-01-us-west-02b,gpu-h100-04,eth0,,,,QSFP-100G-DR1,LC-to-LC SMF,,,,,,,,,,,,,,
LLDP:  Passed,US-PHX01,c160:113:44,t0-gg1-b2-01-r113-us-west-02b,SN4700,swp4,c160:113:43,2:B:2,QSFPDD-400G-DR4,,US-PHX01,c160:120:12,c160-r120-node-02-us-west-02b,gpu-h100-04,eth0,,,,QSFP-100G-DR1,LC-to-LC SMF,,,,,,,,,,,,,,
LLDP:  Passed,US-PHX01,c160:113:44,t0-gg1-b2-01-r113-us-west-02b,SN4700,swp4,c160:113:43,2:B:3,QSFPDD-400G-DR4,,US-PHX01,c160:121:26,c160-r121-node-01-us-west-02b,gpu-h100-04,eth0,,,,QSFP-100G-DR1,LC-to-LC SMF,,,,,,,,,,,,,,
LLDP:  Passed,US-PHX01,c160:113:44,t0-gg1-b2-01-r113-us-west-02b,SN4700,swp4,c160:113:43,2:B:4,QSFPDD-400G-DR4,,US-PHX01,c160:121:12,c160-r121-node-02-us-west-02b,gpu-h100-04,eth0,,,,QSFP-100G-DR1,LC-to-LC SMF,,,,,,,,,,,,,,
LLDP:  Failed,US-PHX01,c160:113:44,t0-gg1-b2-01-r113-us-west-02b,SN4700,swp5,c160:113:43,3:A:1,QSFPDD-400G-DR4,,US-PHX01,c160:122:26,c160-r122-node-01-us-west-02b,gpu-h100-04,eth0,,,,QSFP-100G-DR1,LC-to-LC SMF,,,,,,,,,,,,,,
LLDP:  Failed,US-PHX01,c160:113:44,t0-gg1-b2-01-r113-us-west-02b,SN4700,swp5,c160:113:43,3:A:2,QSFPDD-400G-DR4,,US-PHX01,c160:122:12,c160-r122-node-02-us-west-02b,gpu-h100-04,eth0,,,,QSFP-100G-DR1,LC-to-LC SMF,,,,,,,,,,,,,,
LLDP:  Failed,US-PHX01,c160:113:44,t0-gg1-b2-01-r113-us-west-02b,SN4700,swp5,c160:113:43,3:A:3,QSFPDD-400G-DR4,,US-PHX01,c160:123:26,c160-r123-node-01-us-west-02b,gpu-h100-04,eth0,,,,QSFP-100G-DR1,LC-to-LC SMF,,,,,,,,,,,,,,
LLDP:  Failed,US-PHX01,c160:113:44,t0-gg1-b2-01-r113-us-west-02b,SN4700,swp5,c160:113:43,3:A:4,QSFPDD-400G-DR4,,US-PHX01,c160:123:12,c160-r123-node-02-us-west-02b,gpu-h100-04,eth0,,,,QSFP-100G-DR1,LC-to-LC SMF,,,,,,,,,,,,,,
,,,,,,,,,,,,,,,,,,,,,,,,,,,,,,,,,
,,,,,,,,,,,,,,,,,,,,,,,,,,,,,,,,,
,,,,,,,,,,,,,,,,,,,,,,,,,,,,,,,,,
LLDP:  Passed,US-PHX01,c160:113:42,t0-gg1-b2-02-r113-us-west-02b,SN4700,swp1,c160:113:41,1:A:1,QSFPDD-400G-DR4,,US-PHX01,c160:114:26,c160-r114-node-01-us-west-02b,gpu-h100-04,eth1,,,,QSFP-100G-DR1,LC-to-LC SMF,,,,,,,,,,,,,,
LLDP:  Passed,US-PHX01,c160:113:42,t0-gg1-b2-02-r113-us-west-02b,SN4700,swp1,c160:113:41,1:A:2,QSFPDD-400G-DR4,,US-PHX01,c160:114:12,c160-r114-node-02-us-west-02b,gpu-h100-04,eth1,,,,QSFP-100G-DR1,LC-to-LC SMF,,,,,,,,,,,,,,
LLDP:  Passed,US-PHX01,c160:113:42,t0-gg1-b2-02-r113-us-west-02b,SN4700,swp1,c160:113:41,1:A:3,QSFPDD-400G-DR4,,US-PHX01,c160:115:26,c160-r115-node-01-us-west-02b,gpu-h100-04,eth1,,,,QSFP-100G-DR1,LC-to-LC SMF,,,,,,,,,,,,,,
LLDP:  Passed,US-PHX01,c160:113:42,t0-gg1-b2-02-r113-us-west-02b,SN4700,swp1,c160:113:41,1:A:4,QSFPDD-400G-DR4,,US-PHX01,c160:115:12,c160-r115-node-02-us-west-02b,gpu-h100-04,eth1,,,,QSFP-100G-DR1,LC-to-LC SMF,,,,,,,,,,,,,,
LLDP:  Passed,US-PHX01,c160:113:42,t0-gg1-b2-02-r113-us-west-02b,SN4700,swp2,c160:113:41,1:B:1,QSFPDD-400G-DR4,,US-PHX01,c160:116:26,c160-r116-node-01-us-west-02b,gpu-h100-04,eth1,,,,QSFP-100G-DR1,LC-to-LC SMF,,,,,,,,,,,,,,
LLDP:  Passed,US-PHX01,c160:113:42,t0-gg1-b2-02-r113-us-west-02b,SN4700,swp2,c160:113:41,1:B:2,QSFPDD-400G-DR4,,US-PHX01,c160:116:12,c160-r116-node-02-us-west-02b,gpu-h100-04,eth1,,,,QSFP-100G-DR1,LC-to-LC SMF,,,,,,,,,,,,,,
LLDP:  Passed,US-PHX01,c160:113:42,t0-gg1-b2-02-r113-us-west-02b,SN4700,swp2,c160:113:41,1:B:3,QSFPDD-400G-DR4,,US-PHX01,c160:117:26,c160-r117-node-01-us-west-02b,gpu-h100-04,eth1,,,,QSFP-100G-DR1,LC-to-LC SMF,,,,,,,,,,,,,,
LLDP:  Failed,US-PHX01,c160:113:42,t0-gg1-b2-02-r113-us-west-02b,SN4700,swp2,c160:113:41,1:B:4,QSFPDD-400G-DR4,,US-PHX01,c160:117:12,c160-r117-node-02-us-west-02b,gpu-h100-04,eth1,,,,QSFP-100G-DR1,LC-to-LC SMF,,,,,,,,,,,,,,
LLDP:  Passed,US-PHX01,c160:113:42,t0-gg1-b2-02-r113-us-west-02b,SN4700,swp3,c160:113:41,2:A:1,QSFPDD-400G-DR4,,US-PHX01,c160:118:26,c160-r118-node-01-us-west-02b,gpu-h100-04,eth1,,,,QSFP-100G-DR1,LC-to-LC SMF,,,,,,,,,,,,,,
LLDP:  Passed,US-PHX01,c160:113:42,t0-gg1-b2-02-r113-us-west-02b,SN4700,swp3,c160:113:41,2:A:2,QSFPDD-400G-DR4,,US-PHX01,c160:118:12,c160-r118-node-02-us-west-02b,gpu-h100-04,eth1,,,,QSFP-100G-DR1,LC-to-LC SMF,,,,,,,,,,,,,,
LLDP:  Passed,US-PHX01,c160:113:42,t0-gg1-b2-02-r113-us-west-02b,SN4700,swp3,c160:113:41,2:A:3,QSFPDD-400G-DR4,,US-PHX01,c160:119:26,c160-r119-node-01-us-west-02b,gpu-h100-04,eth1,,,,QSFP-100G-DR1,LC-to-LC SMF,,,,,,,,,,,,,,
LLDP:  Passed,US-PHX01,c160:113:42,t0-gg1-b2-02-r113-us-west-02b,SN4700,swp3,c160:113:41,2:A:4,QSFPDD-400G-DR4,,US-PHX01,c160:119:12,c160-r119-node-02-us-west-02b,gpu-h100-04,eth1,,,,QSFP-100G-DR1,LC-to-LC SMF,,,,,,,,,,,,,,
LLDP:  Passed,US-PHX01,c160:113:42,t0-gg1-b2-02-r113-us-west-02b,SN4700,swp4,c160:113:41,2:B:1,QSFPDD-400G-DR4,,US-PHX01,c160:120:26,c160-r120-node-01-us-west-02b,gpu-h100-04,eth1,,,,QSFP-100G-DR1,LC-to-LC SMF,,,,,,,,,,,,,,
LLDP:  Failed,US-PHX01,c160:113:42,t0-gg1-b2-02-r113-us-west-02b,SN4700,swp4,c160:113:41,2:B:2,QSFPDD-400G-DR4,,US-PHX01,c160:120:12,c160-r120-node-02-us-west-02b,gpu-h100-04,eth1,,,,QSFP-100G-DR1,LC-to-LC SMF,,,,,,,,,,,,,,
LLDP:  Passed,US-PHX01,c160:113:42,t0-gg1-b2-02-r113-us-west-02b,SN4700,swp4,c160:113:41,2:B:3,QSFPDD-400G-DR4,,US-PHX01,c160:121:26,c160-r121-node-01-us-west-02b,gpu-h100-04,eth1,,,,QSFP-100G-DR1,LC-to-LC SMF,,,,,,,,,,,,,,
LLDP:  Passed,US-PHX01,c160:113:42,t0-gg1-b2-02-r113-us-west-02b,SN4700,swp4,c160:113:41,2:B:4,QSFPDD-400G-DR4,,US-PHX01,c160:121:12,c160-r121-node-02-us-west-02b,gpu-h100-04,eth1,,,,QSFP-100G-DR1,LC-to-LC SMF,,,,,,,,,,,,,,
LLDP:  Passed,US-PHX01,c160:113:42,t0-gg1-b2-02-r113-us-west-02b,SN4700,swp5,c160:113:41,3:A:1,QSFPDD-400G-DR4,,US-PHX01,c160:122:26,c160-r122-node-01-us-west-02b,gpu-h100-04,eth1,,,,QSFP-100G-DR1,LC-to-LC SMF,,,,,,,,,,,,,,
LLDP:  Passed,US-PHX01,c160:113:42,t0-gg1-b2-02-r113-us-west-02b,SN4700,swp5,c160:113:41,3:A:2,QSFPDD-400G-DR4,,US-PHX01,c160:122:12,c160-r122-node-02-us-west-02b,gpu-h100-04,eth1,,,,QSFP-100G-DR1,LC-to-LC SMF,,,,,,,,,,,,,,
LLDP:  Passed,US-PHX01,c160:113:42,t0-gg1-b2-02-r113-us-west-02b,SN4700,swp5,c160:113:41,3:A:3,QSFPDD-400G-DR4,,US-PHX01,c160:123:26,c160-r123-node-01-us-west-02b,gpu-h100-04,eth1,,,,QSFP-100G-DR1,LC-to-LC SMF,,,,,,,,,,,,,,
LLDP:  Passed,US-PHX01,c160:113:42,t0-gg1-b2-02-r113-us-west-02b,SN4700,swp5,c160:113:41,3:A:4,QSFPDD-400G-DR4,,US-PHX01,c160:123:12,c160-r123-node-02-us-west-02b,gpu-h100-04,eth1,,,,QSFP-100G-DR1,LC-to-LC SMF,,,,,,,,,,,,,,
,,,,,,,,,,,,,,,,,,,,,,,,,,,,,,,,,
,,,,,,,,,,,,,,,,,,,,,,,,,,,,,,,,,
,,,,,,,,,,,,,,,,,,,,,,,,,,,,,,,,,
LLDP:  Passed,US-PHX01,c160:113:39,ipmi-gg1-b2-r113-us-west-02b,SN2201,swp1,,,,,US-PHX01,c160:114:26,c160-r114-node-01-us-west-02b,gpu-h100-04,ipmi,,,,,CAT6a,,,,,,,,,,,,,,
LLDP:  Passed,US-PHX01,c160:113:39,ipmi-gg1-b2-r113-us-west-02b,SN2201,swp2,,,,,US-PHX01,c160:114:12,c160-r114-node-02-us-west-02b,gpu-h100-04,ipmi,,,,,CAT6a,,,,,,,,,,,,,,
LLDP:  Passed,US-PHX01,c160:113:39,ipmi-gg1-b2-r113-us-west-02b,SN2201,swp3,,,,,US-PHX01,c160:115:26,c160-r115-node-01-us-west-02b,gpu-h100-04,ipmi,,,,,CAT6a,,,,,,,,,,,,,,
LLDP:  Passed,US-PHX01,c160:113:39,ipmi-gg1-b2-r113-us-west-02b,SN2201,swp4,,,,,US-PHX01,c160:115:12,c160-r115-node-02-us-west-02b,gpu-h100-04,ipmi,,,,,CAT6a,,,,,,,,,,,,,,
LLDP:  Passed,US-PHX01,c160:113:39,ipmi-gg1-b2-r113-us-west-02b,SN2201,swp5,,,,,US-PHX01,c160:116:26,c160-r116-node-01-us-west-02b,gpu-h100-04,ipmi,,,,,CAT6a,,,,,,,,,,,,,,
LLDP:  Passed,US-PHX01,c160:113:39,ipmi-gg1-b2-r113-us-west-02b,SN2201,swp6,,,,,US-PHX01,c160:116:12,c160-r116-node-02-us-west-02b,gpu-h100-04,ipmi,,,,,CAT6a,,,,,,,,,,,,,,
LLDP:  Passed,US-PHX01,c160:113:39,ipmi-gg1-b2-r113-us-west-02b,SN2201,swp7,,,,,US-PHX01,c160:117:26,c160-r117-node-01-us-west-02b,gpu-h100-04,ipmi,,,,,CAT6a,,,,,,,,,,,,,,
LLDP:  Passed,US-PHX01,c160:113:39,ipmi-gg1-b2-r113-us-west-02b,SN2201,swp8,,,,,US-PHX01,c160:117:12,c160-r117-node-02-us-west-02b,gpu-h100-04,ipmi,,,,,CAT6a,,,,,,,,,,,,,,
LLDP:  Passed,US-PHX01,c160:113:39,ipmi-gg1-b2-r113-us-west-02b,SN2201,swp9,,,,,US-PHX01,c160:118:26,c160-r118-node-01-us-west-02b,gpu-h100-04,ipmi,,,,,CAT6a,,,,,,,,,,,,,,
LLDP:  Passed,US-PHX01,c160:113:39,ipmi-gg1-b2-r113-us-west-02b,SN2201,swp10,,,,,US-PHX01,c160:118:12,c160-r118-node-02-us-west-02b,gpu-h100-04,ipmi,,,,,CAT6a,,,,,,,,,,,,,,
LLDP:  Passed,US-PHX01,c160:113:39,ipmi-gg1-b2-r113-us-west-02b,SN2201,swp11,,,,,US-PHX01,c160:119:26,c160-r119-node-01-us-west-02b,gpu-h100-04,ipmi,,,,,CAT6a,,,,,,,,,,,,,,
LLDP:  Passed,US-PHX01,c160:113:39,ipmi-gg1-b2-r113-us-west-02b,SN2201,swp12,,,,,US-PHX01,c160:119:12,c160-r119-node-02-us-west-02b,gpu-h100-04,ipmi,,,,,CAT6a,,,,,,,,,,,,,,
LLDP:  Passed,US-PHX01,c160:113:39,ipmi-gg1-b2-r113-us-west-02b,SN2201,swp13,,,,,US-PHX01,c160:120:26,c160-r120-node-01-us-west-02b,gpu-h100-04,ipmi,,,,,CAT6a,,,,,,,,,,,,,,
LLDP:  Passed,US-PHX01,c160:113:39,ipmi-gg1-b2-r113-us-west-02b,SN2201,swp14,,,,,US-PHX01,c160:120:12,c160-r120-node-02-us-west-02b,gpu-h100-04,ipmi,,,,,CAT6a,,,,,,,,,,,,,,
LLDP:  Passed,US-PHX01,c160:113:39,ipmi-gg1-b2-r113-us-west-02b,SN2201,swp15,,,,,US-PHX01,c160:121:26,c160-r121-node-01-us-west-02b,gpu-h100-04,ipmi,,,,,CAT6a,,,,,,,,,,,,,,
LLDP:  Passed,US-PHX01,c160:113:39,ipmi-gg1-b2-r113-us-west-02b,SN2201,swp16,,,,,US-PHX01,c160:121:12,c160-r121-node-02-us-west-02b,gpu-h100-04,ipmi,,,,,CAT6a,,,,,,,,,,,,,,
LLDP:  Passed,US-PHX01,c160:113:39,ipmi-gg1-b2-r113-us-west-02b,SN2201,swp17,,,,,US-PHX01,c160:122:26,c160-r122-node-01-us-west-02b,gpu-h100-04,ipmi,,,,,CAT6a,,,,,,,,,,,,,,
LLDP:  Passed,US-PHX01,c160:113:39,ipmi-gg1-b2-r113-us-west-02b,SN2201,swp18,,,,,US-PHX01,c160:122:12,c160-r122-node-02-us-west-02b,gpu-h100-04,ipmi,,,,,CAT6a,,,,,,,,,,,,,,
LLDP:  Passed,US-PHX01,c160:113:39,ipmi-gg1-b2-r113-us-west-02b,SN2201,swp19,,,,,US-PHX01,c160:123:26,c160-r123-node-01-us-west-02b,gpu-h100-04,ipmi,,,,,CAT6a,,,,,,,,,,,,,,
LLDP:  Passed,US-PHX01,c160:113:39,ipmi-gg1-b2-r113-us-west-02b,SN2201,swp20,,,,,US-PHX01,c160:123:12,c160-r123-node-02-us-west-02b,gpu-h100-04,ipmi,,,,,CAT6a,,,,,,,,,,,,,,
,,,,,,,,,,,,,,,,,,,,,,,,,,,,,,,,,
,,,,,,,,,,,,,,,,,,,,,,,,,,,,,,,,,
,,,,,,,,,,,,,,,,,,,,,,,,,,,,,,,,,
LLDP:  Passed,US-PHX01,c160:113:37,dpu-gg1-b2-r113-us-west-02b,SN2201,swp1,,,,,US-PHX01,c160:114:26,c160-r114-node-01-us-west-02b,gpu-h100-04,dpu,,,,,CAT6a,,,,,,,,,,,,,,
LLDP:  Passed,US-PHX01,c160:113:37,dpu-gg1-b2-r113-us-west-02b,SN2201,swp2,,,,,US-PHX01,c160:114:12,c160-r114-node-02-us-west-02b,gpu-h100-04,dpu,,,,,CAT6a,,,,,,,,,,,,,,
LLDP:  Passed,US-PHX01,c160:113:37,dpu-gg1-b2-r113-us-west-02b,SN2201,swp3,,,,,US-PHX01,c160:115:26,c160-r115-node-01-us-west-02b,gpu-h100-04,dpu,,,,,CAT6a,,,,,,,,,,,,,,
LLDP:  Passed,US-PHX01,c160:113:37,dpu-gg1-b2-r113-us-west-02b,SN2201,swp4,,,,,US-PHX01,c160:115:12,c160-r115-node-02-us-west-02b,gpu-h100-04,dpu,,,,,CAT6a,,,,,,,,,,,,,,
LLDP:  Passed,US-PHX01,c160:113:37,dpu-gg1-b2-r113-us-west-02b,SN2201,swp5,,,,,US-PHX01,c160:116:26,c160-r116-node-01-us-west-02b,gpu-h100-04,dpu,,,,,CAT6a,,,,,,,,,,,,,,
LLDP:  Passed,US-PHX01,c160:113:37,dpu-gg1-b2-r113-us-west-02b,SN2201,swp6,,,,,US-PHX01,c160:116:12,c160-r116-node-02-us-west-02b,gpu-h100-04,dpu,,,,,CAT6a,,,,,,,,,,,,,,
LLDP:  Passed,US-PHX01,c160:113:37,dpu-gg1-b2-r113-us-west-02b,SN2201,swp7,,,,,US-PHX01,c160:117:26,c160-r117-node-01-us-west-02b,gpu-h100-04,dpu,,,,,CAT6a,,,,,,,,,,,,,,
LLDP:  Passed,US-PHX01,c160:113:37,dpu-gg1-b2-r113-us-west-02b,SN2201,swp8,,,,,US-PHX01,c160:117:12,c160-r117-node-02-us-west-02b,gpu-h100-04,dpu,,,,,CAT6a,,,,,,,,,,,,,,
LLDP:  Passed,US-PHX01,c160:113:37,dpu-gg1-b2-r113-us-west-02b,SN2201,swp9,,,,,US-PHX01,c160:118:26,c160-r118-node-01-us-west-02b,gpu-h100-04,dpu,,,,,CAT6a,,,,,,,,,,,,,,
LLDP:  Passed,US-PHX01,c160:113:37,dpu-gg1-b2-r113-us-west-02b,SN2201,swp10,,,,,US-PHX01,c160:118:12,c160-r118-node-02-us-west-02b,gpu-h100-04,dpu,,,,,CAT6a,,,,,,,,,,,,,,
LLDP:  Passed,US-PHX01,c160:113:37,dpu-gg1-b2-r113-us-west-02b,SN2201,swp11,,,,,US-PHX01,c160:119:26,c160-r119-node-01-us-west-02b,gpu-h100-04,dpu,,,,,CAT6a,,,,,,,,,,,,,,
LLDP:  Passed,US-PHX01,c160:113:37,dpu-gg1-b2-r113-us-west-02b,SN2201,swp12,,,,,US-PHX01,c160:119:12,c160-r119-node-02-us-west-02b,gpu-h100-04,dpu,,,,,CAT6a,,,,,,,,,,,,,,
LLDP:  Passed,US-PHX01,c160:113:37,dpu-gg1-b2-r113-us-west-02b,SN2201,swp13,,,,,US-PHX01,c160:120:26,c160-r120-node-01-us-west-02b,gpu-h100-04,dpu,,,,,CAT6a,,,,,,,,,,,,,,
LLDP:  Passed,US-PHX01,c160:113:37,dpu-gg1-b2-r113-us-west-02b,SN2201,swp14,,,,,US-PHX01,c160:120:12,c160-r120-node-02-us-west-02b,gpu-h100-04,dpu,,,,,CAT6a,,,,,,,,,,,,,,
LLDP:  Passed,US-PHX01,c160:113:37,dpu-gg1-b2-r113-us-west-02b,SN2201,swp15,,,,,US-PHX01,c160:121:26,c160-r121-node-01-us-west-02b,gpu-h100-04,dpu,,,,,CAT6a,,,,,,,,,,,,,,
LLDP:  Passed,US-PHX01,c160:113:37,dpu-gg1-b2-r113-us-west-02b,SN2201,swp16,,,,,US-PHX01,c160:121:12,c160-r121-node-02-us-west-02b,gpu-h100-04,dpu,,,,,CAT6a,,,,,,,,,,,,,,
LLDP:  Passed,US-PHX01,c160:113:37,dpu-gg1-b2-r113-us-west-02b,SN2201,swp17,,,,,US-PHX01,c160:122:26,c160-r122-node-01-us-west-02b,gpu-h100-04,dpu,,,,,CAT6a,,,,,,,,,,,,,,
LLDP:  Passed,US-PHX01,c160:113:37,dpu-gg1-b2-r113-us-west-02b,SN2201,swp18,,,,,US-PHX01,c160:122:12,c160-r122-node-02-us-west-02b,gpu-h100-04,dpu,,,,,CAT6a,,,,,,,,,,,,,,
LLDP:  Passed,US-PHX01,c160:113:37,dpu-gg1-b2-r113-us-west-02b,SN2201,swp19,,,,,US-PHX01,c160:123:26,c160-r123-node-01-us-west-02b,gpu-h100-04,dpu,,,,,CAT6a,,,,,,,,,,,,,,
LLDP:  Passed,US-PHX01,c160:113:37,dpu-gg1-b2-r113-us-west-02b,SN2201,swp20,,,,,US-PHX01,c160:123:12,c160-r123-node-02-us-west-02b,gpu-h100-04,dpu,,,,,CAT6a,,,,,,,,,,,,,,
,,,,,,,,,,,,,,,,,,,,,,,,,,,,,,,,,
,,,,,,,,,,,,,,,,,,,,,,,,,,,,,,,,,
,,,,,,,,,,,,,,,,,,,,,,,,,,,,,,,,,
,,,,,,,,,,,,,,,,,,,,,,,,,,,,,,,,,
C160 :: ROW-09 :: H100's,,,,,,,,,,,,,,,,,,,,,,,,,,,,,,,,,
LLDP:  Passed,US-PHX01,c160:129:42,t0-gg1-b2-01-r129-us-west-02b,SN4700,swp1,c160:129:41,1:A:1,QSFPDD-400G-DR4,,US-PHX01,c160:130:26,c160-r130-node-01-us-west-02b,gpu-h100-04,eth0,,,,QSFP-100G-DR1,LC-to-LC SMF,,,,,,,,,,,,,,
LLDP:  Passed,US-PHX01,c160:129:42,t0-gg1-b2-01-r129-us-west-02b,SN4700,swp1,c160:129:41,1:A:2,QSFPDD-400G-DR4,,US-PHX01,c160:130:12,c160-r130-node-02-us-west-02b,gpu-h100-04,eth0,,,,QSFP-100G-DR1,LC-to-LC SMF,,,,,,,,,,,,,,
LLDP:  Passed,US-PHX01,c160:129:42,t0-gg1-b2-01-r129-us-west-02b,SN4700,swp1,c160:129:41,1:A:3,QSFPDD-400G-DR4,,US-PHX01,c160:131:26,c160-r131-node-01-us-west-02b,gpu-h100-04,eth0,,,,QSFP-100G-DR1,LC-to-LC SMF,,,,,,,,,,,,,,
LLDP:  Passed,US-PHX01,c160:129:42,t0-gg1-b2-01-r129-us-west-02b,SN4700,swp1,c160:129:41,1:A:4,QSFPDD-400G-DR4,,US-PHX01,c160:131:12,c160-r131-node-02-us-west-02b,gpu-h100-04,eth0,,,,QSFP-100G-DR1,LC-to-LC SMF,,,,,,,,,,,,,,
LLDP:  Passed,US-PHX01,c160:129:42,t0-gg1-b2-01-r129-us-west-02b,SN4700,swp2,c160:129:41,1:B:1,QSFPDD-400G-DR4,,US-PHX01,c160:132:26,c160-r132-node-01-us-west-02b,gpu-h100-04,eth0,,,,QSFP-100G-DR1,LC-to-LC SMF,,,,,,,,,,,,,,
LLDP:  Passed,US-PHX01,c160:129:42,t0-gg1-b2-01-r129-us-west-02b,SN4700,swp2,c160:129:41,1:B:2,QSFPDD-400G-DR4,,US-PHX01,c160:132:12,c160-r132-node-02-us-west-02b,gpu-h100-04,eth0,,,,QSFP-100G-DR1,LC-to-LC SMF,,,,,,,,,,,,,,
LLDP:  Passed,US-PHX01,c160:129:42,t0-gg1-b2-01-r129-us-west-02b,SN4700,swp2,c160:129:41,1:B:3,QSFPDD-400G-DR4,,US-PHX01,c160:133:26,c160-r133-node-01-us-west-02b,gpu-h100-04,eth0,,,,QSFP-100G-DR1,LC-to-LC SMF,,,,,,,,,,,,,,
LLDP:  Passed,US-PHX01,c160:129:42,t0-gg1-b2-01-r129-us-west-02b,SN4700,swp2,c160:129:41,1:B:4,QSFPDD-400G-DR4,,US-PHX01,c160:133:12,c160-r133-node-02-us-west-02b,gpu-h100-04,eth0,,,,QSFP-100G-DR1,LC-to-LC SMF,,,,,,,,,,,,,,
LLDP:  Passed,US-PHX01,c160:129:42,t0-gg1-b2-01-r129-us-west-02b,SN4700,swp3,c160:129:41,2:A:1,QSFPDD-400G-DR4,,US-PHX01,c160:134:26,c160-r134-node-01-us-west-02b,gpu-h100-04,eth0,,,,QSFP-100G-DR1,LC-to-LC SMF,,,,,,,,,,,,,,
LLDP:  Passed,US-PHX01,c160:129:42,t0-gg1-b2-01-r129-us-west-02b,SN4700,swp3,c160:129:41,2:A:2,QSFPDD-400G-DR4,,US-PHX01,c160:134:12,c160-r134-node-02-us-west-02b,gpu-h100-04,eth0,,,,QSFP-100G-DR1,LC-to-LC SMF,,,,,,,,,,,,,,
LLDP:  Passed,US-PHX01,c160:129:42,t0-gg1-b2-01-r129-us-west-02b,SN4700,swp3,c160:129:41,2:A:3,QSFPDD-400G-DR4,,US-PHX01,c160:135:26,c160-r135-node-01-us-west-02b,gpu-h100-04,eth0,,,,QSFP-100G-DR1,LC-to-LC SMF,,,,,,,,,,,,,,
LLDP:  Passed,US-PHX01,c160:129:42,t0-gg1-b2-01-r129-us-west-02b,SN4700,swp3,c160:129:41,2:A:4,QSFPDD-400G-DR4,,US-PHX01,c160:135:12,c160-r135-node-02-us-west-02b,gpu-h100-04,eth0,,,,QSFP-100G-DR1,LC-to-LC SMF,,,,,,,,,,,,,,
LLDP:  Passed,US-PHX01,c160:129:42,t0-gg1-b2-01-r129-us-west-02b,SN4700,swp4,c160:129:41,2:B:1,QSFPDD-400G-DR4,,US-PHX01,c160:136:26,c160-r136-node-01-us-west-02b,gpu-h100-04,eth0,,,,QSFP-100G-DR1,LC-to-LC SMF,,,,,,,,,,,,,,
LLDP:  Passed,US-PHX01,c160:129:42,t0-gg1-b2-01-r129-us-west-02b,SN4700,swp4,c160:129:41,2:B:2,QSFPDD-400G-DR4,,US-PHX01,c160:136:12,c160-r136-node-02-us-west-02b,gpu-h100-04,eth0,,,,QSFP-100G-DR1,LC-to-LC SMF,,,,,,,,,,,,,,
LLDP:  Passed,US-PHX01,c160:129:42,t0-gg1-b2-01-r129-us-west-02b,SN4700,swp4,c160:129:41,2:B:3,QSFPDD-400G-DR4,,US-PHX01,c160:137:26,c160-r137-node-01-us-west-02b,gpu-h100-04,eth0,,,,QSFP-100G-DR1,LC-to-LC SMF,,,,,,,,,,,,,,
LLDP:  Passed,US-PHX01,c160:129:42,t0-gg1-b2-01-r129-us-west-02b,SN4700,swp4,c160:129:41,2:B:4,QSFPDD-400G-DR4,,US-PHX01,c160:137:12,c160-r137-node-02-us-west-02b,gpu-h100-04,eth0,,,,QSFP-100G-DR1,LC-to-LC SMF,,,,,,,,,,,,,,
,,,,,,,,,,,,,,,,,,,,,,,,,,,,,,,,,
LLDP:  Passed,US-PHX01,c160:129:40,t0-gg1-b2-02-r129-us-west-02b,SN4700,swp1,c160:129:39,1:A:1,QSFPDD-400G-DR4,,US-PHX01,c160:130:26,c160-r130-node-01-us-west-02b,gpu-h100-04,eth1,,,,QSFP-100G-DR1,LC-to-LC SMF,,,,,,,,,,,,,,
LLDP:  Passed,US-PHX01,c160:129:40,t0-gg1-b2-02-r129-us-west-02b,SN4700,swp1,c160:129:39,1:A:2,QSFPDD-400G-DR4,,US-PHX01,c160:130:12,c160-r130-node-02-us-west-02b,gpu-h100-04,eth1,,,,QSFP-100G-DR1,LC-to-LC SMF,,,,,,,,,,,,,,
LLDP:  Passed,US-PHX01,c160:129:40,t0-gg1-b2-02-r129-us-west-02b,SN4700,swp1,c160:129:39,1:A:3,QSFPDD-400G-DR4,,US-PHX01,c160:131:26,c160-r131-node-01-us-west-02b,gpu-h100-04,eth1,,,,QSFP-100G-DR1,LC-to-LC SMF,,,,,,,,,,,,,,
LLDP:  Passed,US-PHX01,c160:129:40,t0-gg1-b2-02-r129-us-west-02b,SN4700,swp1,c160:129:39,1:A:4,QSFPDD-400G-DR4,,US-PHX01,c160:131:12,c160-r131-node-02-us-west-02b,gpu-h100-04,eth1,,,,QSFP-100G-DR1,LC-to-LC SMF,,,,,,,,,,,,,,
LLDP:  Passed,US-PHX01,c160:129:40,t0-gg1-b2-02-r129-us-west-02b,SN4700,swp2,c160:129:39,1:B:1,QSFPDD-400G-DR4,,US-PHX01,c160:132:26,c160-r132-node-01-us-west-02b,gpu-h100-04,eth1,,,,QSFP-100G-DR1,LC-to-LC SMF,,,,,,,,,,,,,,
LLDP:  Passed,US-PHX01,c160:129:40,t0-gg1-b2-02-r129-us-west-02b,SN4700,swp2,c160:129:39,1:B:2,QSFPDD-400G-DR4,,US-PHX01,c160:132:12,c160-r132-node-02-us-west-02b,gpu-h100-04,eth1,,,,QSFP-100G-DR1,LC-to-LC SMF,,,,,,,,,,,,,,
LLDP:  Passed,US-PHX01,c160:129:40,t0-gg1-b2-02-r129-us-west-02b,SN4700,swp2,c160:129:39,1:B:3,QSFPDD-400G-DR4,,US-PHX01,c160:133:26,c160-r133-node-01-us-west-02b,gpu-h100-04,eth1,,,,QSFP-100G-DR1,LC-to-LC SMF,,,,,,,,,,,,,,
LLDP:  Passed,US-PHX01,c160:129:40,t0-gg1-b2-02-r129-us-west-02b,SN4700,swp2,c160:129:39,1:B:4,QSFPDD-400G-DR4,,US-PHX01,c160:133:12,c160-r133-node-02-us-west-02b,gpu-h100-04,eth1,,,,QSFP-100G-DR1,LC-to-LC SMF,,,,,,,,,,,,,,
LLDP:  Passed,US-PHX01,c160:129:40,t0-gg1-b2-02-r129-us-west-02b,SN4700,swp3,c160:129:39,2:A:1,QSFPDD-400G-DR4,,US-PHX01,c160:134:26,c160-r134-node-01-us-west-02b,gpu-h100-04,eth1,,,,QSFP-100G-DR1,LC-to-LC SMF,,,,,,,,,,,,,,
LLDP:  Passed,US-PHX01,c160:129:40,t0-gg1-b2-02-r129-us-west-02b,SN4700,swp3,c160:129:39,2:A:2,QSFPDD-400G-DR4,,US-PHX01,c160:134:12,c160-r134-node-02-us-west-02b,gpu-h100-04,eth1,,,,QSFP-100G-DR1,LC-to-LC SMF,,,,,,,,,,,,,,
LLDP:  Passed,US-PHX01,c160:129:40,t0-gg1-b2-02-r129-us-west-02b,SN4700,swp3,c160:129:39,2:A:3,QSFPDD-400G-DR4,,US-PHX01,c160:135:26,c160-r135-node-01-us-west-02b,gpu-h100-04,eth1,,,,QSFP-100G-DR1,LC-to-LC SMF,,,,,,,,,,,,,,
LLDP:  Passed,US-PHX01,c160:129:40,t0-gg1-b2-02-r129-us-west-02b,SN4700,swp3,c160:129:39,2:A:4,QSFPDD-400G-DR4,,US-PHX01,c160:135:12,c160-r135-node-02-us-west-02b,gpu-h100-04,eth1,,,,QSFP-100G-DR1,LC-to-LC SMF,,,,,,,,,,,,,,
LLDP:  Passed,US-PHX01,c160:129:40,t0-gg1-b2-02-r129-us-west-02b,SN4700,swp4,c160:129:39,2:B:1,QSFPDD-400G-DR4,,US-PHX01,c160:136:26,c160-r136-node-01-us-west-02b,gpu-h100-04,eth1,,,,QSFP-100G-DR1,LC-to-LC SMF,,,,,,,,,,,,,,
LLDP:  Passed,US-PHX01,c160:129:40,t0-gg1-b2-02-r129-us-west-02b,SN4700,swp4,c160:129:39,2:B:2,QSFPDD-400G-DR4,,US-PHX01,c160:136:12,c160-r136-node-02-us-west-02b,gpu-h100-04,eth1,,,,QSFP-100G-DR1,LC-to-LC SMF,,,,,,,,,,,,,,
LLDP:  Passed,US-PHX01,c160:129:40,t0-gg1-b2-02-r129-us-west-02b,SN4700,swp4,c160:129:39,2:B:3,QSFPDD-400G-DR4,,US-PHX01,c160:137:26,c160-r137-node-01-us-west-02b,gpu-h100-04,eth1,,,,QSFP-100G-DR1,LC-to-LC SMF,,,,,,,,,,,,,,
LLDP:  Passed,US-PHX01,c160:129:40,t0-gg1-b2-02-r129-us-west-02b,SN4700,swp4,c160:129:39,2:B:4,QSFPDD-400G-DR4,,US-PHX01,c160:137:12,c160-r137-node-02-us-west-02b,gpu-h100-04,eth1,,,,QSFP-100G-DR1,LC-to-LC SMF,,,,,,,,,,,,,,
,,,,,,,,,,,,,,,,,,,,,,,,,,,,,,,,,
LLDP:  Passed,US-PHX01,c160:129:18,ipmi-gg1-b2-r129-us-west-02b,SN2201,swp1,,,,,US-PHX01,c160:130:26,c160-r130-node-01-us-west-02b,gpu-h100-04,ipmi,,,,,CAT6a,,,,,,,,,,,,,,
LLDP:  Passed,US-PHX01,c160:129:18,ipmi-gg1-b2-r129-us-west-02b,SN2201,swp2,,,,,US-PHX01,c160:130:12,c160-r130-node-02-us-west-02b,gpu-h100-04,ipmi,,,,,CAT6a,,,,,,,,,,,,,,
LLDP:  Passed,US-PHX01,c160:129:18,ipmi-gg1-b2-r129-us-west-02b,SN2201,swp3,,,,,US-PHX01,c160:131:26,c160-r131-node-01-us-west-02b,gpu-h100-04,ipmi,,,,,CAT6a,,,,,,,,,,,,,,
LLDP:  Passed,US-PHX01,c160:129:18,ipmi-gg1-b2-r129-us-west-02b,SN2201,swp4,,,,,US-PHX01,c160:131:12,c160-r131-node-02-us-west-02b,gpu-h100-04,ipmi,,,,,CAT6a,,,,,,,,,,,,,,
LLDP:  Passed,US-PHX01,c160:129:18,ipmi-gg1-b2-r129-us-west-02b,SN2201,swp5,,,,,US-PHX01,c160:132:26,c160-r132-node-01-us-west-02b,gpu-h100-04,ipmi,,,,,CAT6a,,,,,,,,,,,,,,
LLDP:  Passed,US-PHX01,c160:129:18,ipmi-gg1-b2-r129-us-west-02b,SN2201,swp6,,,,,US-PHX01,c160:132:12,c160-r132-node-02-us-west-02b,gpu-h100-04,ipmi,,,,,CAT6a,,,,,,,,,,,,,,
LLDP:  Passed,US-PHX01,c160:129:18,ipmi-gg1-b2-r129-us-west-02b,SN2201,swp7,,,,,US-PHX01,c160:133:26,c160-r133-node-01-us-west-02b,gpu-h100-04,ipmi,,,,,CAT6a,,,,,,,,,,,,,,
LLDP:  Passed,US-PHX01,c160:129:18,ipmi-gg1-b2-r129-us-west-02b,SN2201,swp8,,,,,US-PHX01,c160:133:12,c160-r133-node-02-us-west-02b,gpu-h100-04,ipmi,,,,,CAT6a,,,,,,,,,,,,,,
LLDP:  Passed,US-PHX01,c160:129:18,ipmi-gg1-b2-r129-us-west-02b,SN2201,swp9,,,,,US-PHX01,c160:134:26,c160-r134-node-01-us-west-02b,gpu-h100-04,ipmi,,,,,CAT6a,,,,,,,,,,,,,,
LLDP:  Passed,US-PHX01,c160:129:18,ipmi-gg1-b2-r129-us-west-02b,SN2201,swp10,,,,,US-PHX01,c160:134:12,c160-r134-node-02-us-west-02b,gpu-h100-04,ipmi,,,,,CAT6a,,,,,,,,,,,,,,
LLDP:  Passed,US-PHX01,c160:129:18,ipmi-gg1-b2-r129-us-west-02b,SN2201,swp11,,,,,US-PHX01,c160:135:26,c160-r135-node-01-us-west-02b,gpu-h100-04,ipmi,,,,,CAT6a,,,,,,,,,,,,,,
LLDP:  Passed,US-PHX01,c160:129:18,ipmi-gg1-b2-r129-us-west-02b,SN2201,swp12,,,,,US-PHX01,c160:135:12,c160-r135-node-02-us-west-02b,gpu-h100-04,ipmi,,,,,CAT6a,,,,,,,,,,,,,,
LLDP:  Passed,US-PHX01,c160:129:18,ipmi-gg1-b2-r129-us-west-02b,SN2201,swp13,,,,,US-PHX01,c160:136:26,c160-r136-node-01-us-west-02b,gpu-h100-04,ipmi,,,,,CAT6a,,,,,,,,,,,,,,
LLDP:  Passed,US-PHX01,c160:129:18,ipmi-gg1-b2-r129-us-west-02b,SN2201,swp14,,,,,US-PHX01,c160:136:12,c160-r136-node-02-us-west-02b,gpu-h100-04,ipmi,,,,,CAT6a,,,,,,,,,,,,,,
LLDP:  Passed,US-PHX01,c160:129:18,ipmi-gg1-b2-r129-us-west-02b,SN2201,swp15,,,,,US-PHX01,c160:137:26,c160-r137-node-01-us-west-02b,gpu-h100-04,ipmi,,,,,CAT6a,,,,,,,,,,,,,,
LLDP:  Passed,US-PHX01,c160:129:18,ipmi-gg1-b2-r129-us-west-02b,SN2201,swp16,,,,,US-PHX01,c160:137:12,c160-r137-node-02-us-west-02b,gpu-h100-04,ipmi,,,,,CAT6a,,,,,,,,,,,,,,
,,,,,,,,,,,,,,,,,,,,,,,,,,,,,,,,,
LLDP:  Passed,US-PHX01,c160:129:16,dpu-gg1-b2-r129-us-west-02b,SN2201,swp1,,,,,US-PHX01,c160:130:26,c160-r130-node-01-us-west-02b,gpu-h100-04,dpu,,,,,CAT6a,,,,,,,,,,,,,,
LLDP:  Passed,US-PHX01,c160:129:16,dpu-gg1-b2-r129-us-west-02b,SN2201,swp2,,,,,US-PHX01,c160:130:12,c160-r130-node-02-us-west-02b,gpu-h100-04,dpu,,,,,CAT6a,,,,,,,,,,,,,,
LLDP:  Passed,US-PHX01,c160:129:16,dpu-gg1-b2-r129-us-west-02b,SN2201,swp3,,,,,US-PHX01,c160:131:26,c160-r131-node-01-us-west-02b,gpu-h100-04,dpu,,,,,CAT6a,,,,,,,,,,,,,,
LLDP:  Passed,US-PHX01,c160:129:16,dpu-gg1-b2-r129-us-west-02b,SN2201,swp4,,,,,US-PHX01,c160:131:12,c160-r131-node-02-us-west-02b,gpu-h100-04,dpu,,,,,CAT6a,,,,,,,,,,,,,,
LLDP:  Passed,US-PHX01,c160:129:16,dpu-gg1-b2-r129-us-west-02b,SN2201,swp5,,,,,US-PHX01,c160:132:26,c160-r132-node-01-us-west-02b,gpu-h100-04,dpu,,,,,CAT6a,,,,,,,,,,,,,,
LLDP:  Passed,US-PHX01,c160:129:16,dpu-gg1-b2-r129-us-west-02b,SN2201,swp6,,,,,US-PHX01,c160:132:12,c160-r132-node-02-us-west-02b,gpu-h100-04,dpu,,,,,CAT6a,,,,,,,,,,,,,,
LLDP:  Passed,US-PHX01,c160:129:16,dpu-gg1-b2-r129-us-west-02b,SN2201,swp7,,,,,US-PHX01,c160:133:26,c160-r133-node-01-us-west-02b,gpu-h100-04,dpu,,,,,CAT6a,,,,,,,,,,,,,,
LLDP:  Passed,US-PHX01,c160:129:16,dpu-gg1-b2-r129-us-west-02b,SN2201,swp8,,,,,US-PHX01,c160:133:12,c160-r133-node-02-us-west-02b,gpu-h100-04,dpu,,,,,CAT6a,,,,,,,,,,,,,,
LLDP:  Passed,US-PHX01,c160:129:16,dpu-gg1-b2-r129-us-west-02b,SN2201,swp9,,,,,US-PHX01,c160:134:26,c160-r134-node-01-us-west-02b,gpu-h100-04,dpu,,,,,CAT6a,,,,,,,,,,,,,,
LLDP:  Passed,US-PHX01,c160:129:16,dpu-gg1-b2-r129-us-west-02b,SN2201,swp10,,,,,US-PHX01,c160:134:12,c160-r134-node-02-us-west-02b,gpu-h100-04,dpu,,,,,CAT6a,,,,,,,,,,,,,,
LLDP:  Passed,US-PHX01,c160:129:16,dpu-gg1-b2-r129-us-west-02b,SN2201,swp11,,,,,US-PHX01,c160:135:26,c160-r135-node-01-us-west-02b,gpu-h100-04,dpu,,,,,CAT6a,,,,,,,,,,,,,,
LLDP:  Passed,US-PHX01,c160:129:16,dpu-gg1-b2-r129-us-west-02b,SN2201,swp12,,,,,US-PHX01,c160:135:12,c160-r135-node-02-us-west-02b,gpu-h100-04,dpu,,,,,CAT6a,,,,,,,,,,,,,,
LLDP:  Passed,US-PHX01,c160:129:16,dpu-gg1-b2-r129-us-west-02b,SN2201,swp13,,,,,US-PHX01,c160:136:26,c160-r136-node-01-us-west-02b,gpu-h100-04,dpu,,,,,CAT6a,,,,,,,,,,,,,,
LLDP:  Passed,US-PHX01,c160:129:16,dpu-gg1-b2-r129-us-west-02b,SN2201,swp14,,,,,US-PHX01,c160:136:12,c160-r136-node-02-us-west-02b,gpu-h100-04,dpu,,,,,CAT6a,,,,,,,,,,,,,,
LLDP:  Passed,US-PHX01,c160:129:16,dpu-gg1-b2-r129-us-west-02b,SN2201,swp15,,,,,US-PHX01,c160:137:26,c160-r137-node-01-us-west-02b,gpu-h100-04,dpu,,,,,CAT6a,,,,,,,,,,,,,,
LLDP:  Passed,US-PHX01,c160:129:16,dpu-gg1-b2-r129-us-west-02b,SN2201,swp16,,,,,US-PHX01,c160:137:12,c160-r137-node-02-us-west-02b,gpu-h100-04,dpu,,,,,CAT6a,,,,,,,,,,,,,,
,,,,,,,,,,,,,,,,,,,,,,,,,,,,,,,,,
,,,,,,,,,,,,,,,,,,,,,,,,,,,,,,,,,
C160 :: ROW-10 :: H100's,,,,,,,,,,,,,,,,,,,,,,,,,,,,,,,,,
LLDP:  Passed,US-PHX01,c160:145:44,t0-gg1-b2-01-r145-us-west-02b,SN4700,swp1,c160:145:43,1:A:1,QSFPDD-400G-DR4,,US-PHX01,c160:146:26,c160-r146-node-01-us-west-02b,gpu-h100-04,eth0,,,,QSFP-100G-DR1,LC-to-LC SMF,,,,,,,,,,,,,,
LLDP:  Passed,US-PHX01,c160:145:44,t0-gg1-b2-01-r145-us-west-02b,SN4700,swp1,c160:145:43,1:A:2,QSFPDD-400G-DR4,,US-PHX01,c160:146:12,c160-r146-node-02-us-west-02b,gpu-h100-04,eth0,,,,QSFP-100G-DR1,LC-to-LC SMF,,,,,,,,,,,,,,
LLDP:  Passed,US-PHX01,c160:145:44,t0-gg1-b2-01-r145-us-west-02b,SN4700,swp1,c160:145:43,1:A:3,QSFPDD-400G-DR4,,US-PHX01,c160:147:26,c160-r147-node-01-us-west-02b,gpu-h100-04,eth0,,,,QSFP-100G-DR1,LC-to-LC SMF,,,,,,,,,,,,,,
LLDP:  Passed,US-PHX01,c160:145:44,t0-gg1-b2-01-r145-us-west-02b,SN4700,swp1,c160:145:43,1:A:4,QSFPDD-400G-DR4,,US-PHX01,c160:147:12,c160-r147-node-02-us-west-02b,gpu-h100-04,eth0,,,,QSFP-100G-DR1,LC-to-LC SMF,,,,,,,,,,,,,,
LLDP:  Passed,US-PHX01,c160:145:44,t0-gg1-b2-01-r145-us-west-02b,SN4700,swp2,c160:145:43,1:B:1,QSFPDD-400G-DR4,,US-PHX01,c160:148:26,c160-r148-node-01-us-west-02b,gpu-h100-04,eth0,,,,QSFP-100G-DR1,LC-to-LC SMF,,,,,,,,,,,,,,
LLDP:  Passed,US-PHX01,c160:145:44,t0-gg1-b2-01-r145-us-west-02b,SN4700,swp2,c160:145:43,1:B:2,QSFPDD-400G-DR4,,US-PHX01,c160:148:12,c160-r148-node-02-us-west-02b,gpu-h100-04,eth0,,,,QSFP-100G-DR1,LC-to-LC SMF,,,,,,,,,,,,,,
LLDP:  Passed,US-PHX01,c160:145:44,t0-gg1-b2-01-r145-us-west-02b,SN4700,swp2,c160:145:43,1:B:3,QSFPDD-400G-DR4,,US-PHX01,c160:149:26,c160-r149-node-01-us-west-02b,gpu-h100-04,eth0,,,,QSFP-100G-DR1,LC-to-LC SMF,,,,,,,,,,,,,,
LLDP:  Passed,US-PHX01,c160:145:44,t0-gg1-b2-01-r145-us-west-02b,SN4700,swp2,c160:145:43,1:B:4,QSFPDD-400G-DR4,,US-PHX01,c160:149:12,c160-r149-node-02-us-west-02b,gpu-h100-04,eth0,,,,QSFP-100G-DR1,LC-to-LC SMF,,,,,,,,,,,,,,
LLDP:  Passed,US-PHX01,c160:145:44,t0-gg1-b2-01-r145-us-west-02b,SN4700,swp3,c160:145:43,2:A:1,QSFPDD-400G-DR4,,US-PHX01,c160:150:26,c160-r150-node-01-us-west-02b,gpu-h100-04,eth0,,,,QSFP-100G-DR1,LC-to-LC SMF,,,,,,,,,,,,,,
LLDP:  Passed,US-PHX01,c160:145:44,t0-gg1-b2-01-r145-us-west-02b,SN4700,swp3,c160:145:43,2:A:2,QSFPDD-400G-DR4,,US-PHX01,c160:150:12,c160-r150-node-02-us-west-02b,gpu-h100-04,eth0,,,,QSFP-100G-DR1,LC-to-LC SMF,,,,,,,,,,,,,,
LLDP:  Passed,US-PHX01,c160:145:44,t0-gg1-b2-01-r145-us-west-02b,SN4700,swp3,c160:145:43,2:A:3,QSFPDD-400G-DR4,,US-PHX01,c160:151:26,c160-r151-node-01-us-west-02b,gpu-h100-04,eth0,,,,QSFP-100G-DR1,LC-to-LC SMF,,,,,,,,,,,,,,
LLDP:  Passed,US-PHX01,c160:145:44,t0-gg1-b2-01-r145-us-west-02b,SN4700,swp3,c160:145:43,2:A:4,QSFPDD-400G-DR4,,US-PHX01,c160:151:12,c160-r151-node-02-us-west-02b,gpu-h100-04,eth0,,,,QSFP-100G-DR1,LC-to-LC SMF,,,,,,,,,,,,,,
LLDP:  Passed,US-PHX01,c160:145:44,t0-gg1-b2-01-r145-us-west-02b,SN4700,swp4,c160:145:43,2:B:1,QSFPDD-400G-DR4,,US-PHX01,c160:152:26,c160-r152-node-01-us-west-02b,gpu-h100-04,eth0,,,,QSFP-100G-DR1,LC-to-LC SMF,,,,,,,,,,,,,,
LLDP:  Passed,US-PHX01,c160:145:44,t0-gg1-b2-01-r145-us-west-02b,SN4700,swp4,c160:145:43,2:B:2,QSFPDD-400G-DR4,,US-PHX01,c160:152:12,c160-r152-node-02-us-west-02b,gpu-h100-04,eth0,,,,QSFP-100G-DR1,LC-to-LC SMF,,,,,,,,,,,,,,
LLDP:  Failed,US-PHX01,c160:145:44,t0-gg1-b2-01-r145-us-west-02b,SN4700,swp4,c160:145:43,2:B:3,QSFPDD-400G-DR4,,US-PHX01,c160:153:26,c160-r153-node-01-us-west-02b,gpu-h100-04,eth0,,,,QSFP-100G-DR1,LC-to-LC SMF,,,,,,,,,,,,,,
LLDP:  Passed,US-PHX01,c160:145:44,t0-gg1-b2-01-r145-us-west-02b,SN4700,swp4,c160:145:43,2:B:4,QSFPDD-400G-DR4,,US-PHX01,c160:153:12,c160-r153-node-02-us-west-02b,gpu-h100-04,eth0,,,,QSFP-100G-DR1,LC-to-LC SMF,,,,,,,,,,,,,,
LLDP:  Passed,US-PHX01,c160:145:44,t0-gg1-b2-01-r145-us-west-02b,SN4700,swp5,c160:145:43,3:A:1,QSFPDD-400G-DR4,,US-PHX01,c160:154:26,c160-r154-node-01-us-west-02b,gpu-h100-04,eth0,,,,QSFP-100G-DR1,LC-to-LC SMF,,,,,,,,,,,,,,
LLDP:  Passed,US-PHX01,c160:145:44,t0-gg1-b2-01-r145-us-west-02b,SN4700,swp5,c160:145:43,3:A:2,QSFPDD-400G-DR4,,US-PHX01,c160:154:12,c160-r154-node-02-us-west-02b,gpu-h100-04,eth0,,,,QSFP-100G-DR1,LC-to-LC SMF,,,,,,,,,,,,,,
LLDP:  Passed,US-PHX01,c160:145:44,t0-gg1-b2-01-r145-us-west-02b,SN4700,swp5,c160:145:43,3:A:3,QSFPDD-400G-DR4,,US-PHX01,c160:155:26,c160-r155-node-01-us-west-02b,gpu-h100-04,eth0,,,,QSFP-100G-DR1,LC-to-LC SMF,,,,,,,,,,,,,,
LLDP:  Failed,US-PHX01,c160:145:44,t0-gg1-b2-01-r145-us-west-02b,SN4700,swp5,c160:145:43,3:A:4,QSFPDD-400G-DR4,,US-PHX01,c160:155:12,c160-r155-node-02-us-west-02b,gpu-h100-04,eth0,,,,QSFP-100G-DR1,LC-to-LC SMF,,,,,,,,,,,,,,
,,,,,,,,,,,,,,,,,,,,,,,,,,,,,,,,,
,,,,,,,,,,,,,,,,,,,,,,,,,,,,,,,,,
,,,,,,,,,,,,,,,,,,,,,,,,,,,,,,,,,
LLDP:  Passed,US-PHX01,c160:145:42,t0-gg1-b2-02-r145-us-west-02b,SN4700,swp1,c160:145:41,1:A:1,QSFPDD-400G-DR4,,US-PHX01,c160:146:26,c160-r146-node-01-us-west-02b,gpu-h100-04,eth1,,,,QSFP-100G-DR1,LC-to-LC SMF,,,,,,,,,,,,,,
LLDP:  Passed,US-PHX01,c160:145:42,t0-gg1-b2-02-r145-us-west-02b,SN4700,swp1,c160:145:41,1:A:2,QSFPDD-400G-DR4,,US-PHX01,c160:146:12,c160-r146-node-02-us-west-02b,gpu-h100-04,eth1,,,,QSFP-100G-DR1,LC-to-LC SMF,,,,,,,,,,,,,,
LLDP:  Passed,US-PHX01,c160:145:42,t0-gg1-b2-02-r145-us-west-02b,SN4700,swp1,c160:145:41,1:A:3,QSFPDD-400G-DR4,,US-PHX01,c160:147:26,c160-r147-node-01-us-west-02b,gpu-h100-04,eth1,,,,QSFP-100G-DR1,LC-to-LC SMF,,,,,,,,,,,,,,
LLDP:  Passed,US-PHX01,c160:145:42,t0-gg1-b2-02-r145-us-west-02b,SN4700,swp1,c160:145:41,1:A:4,QSFPDD-400G-DR4,,US-PHX01,c160:147:12,c160-r147-node-02-us-west-02b,gpu-h100-04,eth1,,,,QSFP-100G-DR1,LC-to-LC SMF,,,,,,,,,,,,,,
LLDP:  Failed,US-PHX01,c160:145:42,t0-gg1-b2-02-r145-us-west-02b,SN4700,swp2,c160:145:41,1:B:1,QSFPDD-400G-DR4,,US-PHX01,c160:148:26,c160-r148-node-01-us-west-02b,gpu-h100-04,eth1,,,,QSFP-100G-DR1,LC-to-LC SMF,,,,,,,,,,,,,,
LLDP:  Failed,US-PHX01,c160:145:42,t0-gg1-b2-02-r145-us-west-02b,SN4700,swp2,c160:145:41,1:B:2,QSFPDD-400G-DR4,,US-PHX01,c160:148:12,c160-r148-node-02-us-west-02b,gpu-h100-04,eth1,,,,QSFP-100G-DR1,LC-to-LC SMF,,,,,,,,,,,,,,
LLDP:  Passed,US-PHX01,c160:145:42,t0-gg1-b2-02-r145-us-west-02b,SN4700,swp2,c160:145:41,1:B:3,QSFPDD-400G-DR4,,US-PHX01,c160:149:26,c160-r149-node-01-us-west-02b,gpu-h100-04,eth1,,,,QSFP-100G-DR1,LC-to-LC SMF,,,,,,,,,,,,,,
LLDP:  Passed,US-PHX01,c160:145:42,t0-gg1-b2-02-r145-us-west-02b,SN4700,swp2,c160:145:41,1:B:4,QSFPDD-400G-DR4,,US-PHX01,c160:149:12,c160-r149-node-02-us-west-02b,gpu-h100-04,eth1,,,,QSFP-100G-DR1,LC-to-LC SMF,,,,,,,,,,,,,,
LLDP:  Passed,US-PHX01,c160:145:42,t0-gg1-b2-02-r145-us-west-02b,SN4700,swp3,c160:145:41,2:A:1,QSFPDD-400G-DR4,,US-PHX01,c160:150:26,c160-r150-node-01-us-west-02b,gpu-h100-04,eth1,,,,QSFP-100G-DR1,LC-to-LC SMF,,,,,,,,,,,,,,
LLDP:  Passed,US-PHX01,c160:145:42,t0-gg1-b2-02-r145-us-west-02b,SN4700,swp3,c160:145:41,2:A:2,QSFPDD-400G-DR4,,US-PHX01,c160:150:12,c160-r150-node-02-us-west-02b,gpu-h100-04,eth1,,,,QSFP-100G-DR1,LC-to-LC SMF,,,,,,,,,,,,,,
LLDP:  Passed,US-PHX01,c160:145:42,t0-gg1-b2-02-r145-us-west-02b,SN4700,swp3,c160:145:41,2:A:3,QSFPDD-400G-DR4,,US-PHX01,c160:151:26,c160-r151-node-01-us-west-02b,gpu-h100-04,eth1,,,,QSFP-100G-DR1,LC-to-LC SMF,,,,,,,,,,,,,,
LLDP:  Passed,US-PHX01,c160:145:42,t0-gg1-b2-02-r145-us-west-02b,SN4700,swp3,c160:145:41,2:A:4,QSFPDD-400G-DR4,,US-PHX01,c160:151:12,c160-r151-node-02-us-west-02b,gpu-h100-04,eth1,,,,QSFP-100G-DR1,LC-to-LC SMF,,,,,,,,,,,,,,
LLDP:  Passed,US-PHX01,c160:145:42,t0-gg1-b2-02-r145-us-west-02b,SN4700,swp4,c160:145:41,2:B:1,QSFPDD-400G-DR4,,US-PHX01,c160:152:26,c160-r152-node-01-us-west-02b,gpu-h100-04,eth1,,,,QSFP-100G-DR1,LC-to-LC SMF,,,,,,,,,,,,,,
LLDP:  Passed,US-PHX01,c160:145:42,t0-gg1-b2-02-r145-us-west-02b,SN4700,swp4,c160:145:41,2:B:2,QSFPDD-400G-DR4,,US-PHX01,c160:152:12,c160-r152-node-02-us-west-02b,gpu-h100-04,eth1,,,,QSFP-100G-DR1,LC-to-LC SMF,,,,,,,,,,,,,,
LLDP:  Passed,US-PHX01,c160:145:42,t0-gg1-b2-02-r145-us-west-02b,SN4700,swp4,c160:145:41,2:B:3,QSFPDD-400G-DR4,,US-PHX01,c160:153:26,c160-r153-node-01-us-west-02b,gpu-h100-04,eth1,,,,QSFP-100G-DR1,LC-to-LC SMF,,,,,,,,,,,,,,
LLDP:  Passed,US-PHX01,c160:145:42,t0-gg1-b2-02-r145-us-west-02b,SN4700,swp4,c160:145:41,2:B:4,QSFPDD-400G-DR4,,US-PHX01,c160:153:12,c160-r153-node-02-us-west-02b,gpu-h100-04,eth1,,,,QSFP-100G-DR1,LC-to-LC SMF,,,,,,,,,,,,,,
LLDP:  Passed,US-PHX01,c160:145:42,t0-gg1-b2-02-r145-us-west-02b,SN4700,swp5,c160:145:41,3:A:1,QSFPDD-400G-DR4,,US-PHX01,c160:154:26,c160-r154-node-01-us-west-02b,gpu-h100-04,eth1,,,,QSFP-100G-DR1,LC-to-LC SMF,,,,,,,,,,,,,,
LLDP:  Passed,US-PHX01,c160:145:42,t0-gg1-b2-02-r145-us-west-02b,SN4700,swp5,c160:145:41,3:A:2,QSFPDD-400G-DR4,,US-PHX01,c160:154:12,c160-r154-node-02-us-west-02b,gpu-h100-04,eth1,,,,QSFP-100G-DR1,LC-to-LC SMF,,,,,,,,,,,,,,
LLDP:  Passed,US-PHX01,c160:145:42,t0-gg1-b2-02-r145-us-west-02b,SN4700,swp5,c160:145:41,3:A:3,QSFPDD-400G-DR4,,US-PHX01,c160:155:26,c160-r155-node-01-us-west-02b,gpu-h100-04,eth1,,,,QSFP-100G-DR1,LC-to-LC SMF,,,,,,,,,,,,,,
LLDP:  Failed,US-PHX01,c160:145:42,t0-gg1-b2-02-r145-us-west-02b,SN4700,swp5,c160:145:41,3:A:4,QSFPDD-400G-DR4,,US-PHX01,c160:155:12,c160-r155-node-02-us-west-02b,gpu-h100-04,eth1,,,,QSFP-100G-DR1,LC-to-LC SMF,,,,,,,,,,,,,,
,,,,,,,,,,,,,,,,,,,,,,,,,,,,,,,,,
,,,,,,,,,,,,,,,,,,,,,,,,,,,,,,,,,
,,,,,,,,,,,,,,,,,,,,,,,,,,,,,,,,,
,,,,,,,,,,,,,,,,,,,,,,,,,,,,,,,,,
LLDP:  Passed,US-PHX01,c160:145:39,ipmi-gg1-b2-r145-us-west-02b,SN2201,swp1,,,,,US-PHX01,c160:146:26,c160-r146-node-01-us-west-02b,gpu-h100-04,ipmi,,,,,CAT6a,,,,,,,,,,,,,,
LLDP:  Passed,US-PHX01,c160:145:39,ipmi-gg1-b2-r145-us-west-02b,SN2201,swp2,,,,,US-PHX01,c160:146:12,c160-r146-node-02-us-west-02b,gpu-h100-04,ipmi,,,,,CAT6a,,,,,,,,,,,,,,
LLDP:  Passed,US-PHX01,c160:145:39,ipmi-gg1-b2-r145-us-west-02b,SN2201,swp3,,,,,US-PHX01,c160:147:26,c160-r147-node-01-us-west-02b,gpu-h100-04,ipmi,,,,,CAT6a,,,,,,,,,,,,,,
LLDP:  Passed,US-PHX01,c160:145:39,ipmi-gg1-b2-r145-us-west-02b,SN2201,swp4,,,,,US-PHX01,c160:147:12,c160-r147-node-02-us-west-02b,gpu-h100-04,ipmi,,,,,CAT6a,,,,,,,,,,,,,,
LLDP:  Passed,US-PHX01,c160:145:39,ipmi-gg1-b2-r145-us-west-02b,SN2201,swp5,,,,,US-PHX01,c160:148:26,c160-r148-node-01-us-west-02b,gpu-h100-04,ipmi,,,,,CAT6a,,,,,,,,,,,,,,
LLDP:  Passed,US-PHX01,c160:145:39,ipmi-gg1-b2-r145-us-west-02b,SN2201,swp6,,,,,US-PHX01,c160:148:12,c160-r148-node-02-us-west-02b,gpu-h100-04,ipmi,,,,,CAT6a,,,,,,,,,,,,,,
LLDP:  Passed,US-PHX01,c160:145:39,ipmi-gg1-b2-r145-us-west-02b,SN2201,swp7,,,,,US-PHX01,c160:149:26,c160-r149-node-01-us-west-02b,gpu-h100-04,ipmi,,,,,CAT6a,,,,,,,,,,,,,,
LLDP:  Passed,US-PHX01,c160:145:39,ipmi-gg1-b2-r145-us-west-02b,SN2201,swp8,,,,,US-PHX01,c160:149:12,c160-r149-node-02-us-west-02b,gpu-h100-04,ipmi,,,,,CAT6a,,,,,,,,,,,,,,
LLDP:  Passed,US-PHX01,c160:145:39,ipmi-gg1-b2-r145-us-west-02b,SN2201,swp9,,,,,US-PHX01,c160:150:26,c160-r150-node-01-us-west-02b,gpu-h100-04,ipmi,,,,,CAT6a,,,,,,,,,,,,,,
LLDP:  Passed,US-PHX01,c160:145:39,ipmi-gg1-b2-r145-us-west-02b,SN2201,swp10,,,,,US-PHX01,c160:150:12,c160-r150-node-02-us-west-02b,gpu-h100-04,ipmi,,,,,CAT6a,,,,,,,,,,,,,,
LLDP:  Passed,US-PHX01,c160:145:39,ipmi-gg1-b2-r145-us-west-02b,SN2201,swp11,,,,,US-PHX01,c160:151:26,c160-r151-node-01-us-west-02b,gpu-h100-04,ipmi,,,,,CAT6a,,,,,,,,,,,,,,
LLDP:  Passed,US-PHX01,c160:145:39,ipmi-gg1-b2-r145-us-west-02b,SN2201,swp12,,,,,US-PHX01,c160:151:12,c160-r151-node-02-us-west-02b,gpu-h100-04,ipmi,,,,,CAT6a,,,,,,,,,,,,,,
LLDP:  Passed,US-PHX01,c160:145:39,ipmi-gg1-b2-r145-us-west-02b,SN2201,swp13,,,,,US-PHX01,c160:152:26,c160-r152-node-01-us-west-02b,gpu-h100-04,ipmi,,,,,CAT6a,,,,,,,,,,,,,,
LLDP:  Passed,US-PHX01,c160:145:39,ipmi-gg1-b2-r145-us-west-02b,SN2201,swp14,,,,,US-PHX01,c160:152:12,c160-r152-node-02-us-west-02b,gpu-h100-04,ipmi,,,,,CAT6a,,,,,,,,,,,,,,
LLDP:  Passed,US-PHX01,c160:145:39,ipmi-gg1-b2-r145-us-west-02b,SN2201,swp15,,,,,US-PHX01,c160:153:26,c160-r153-node-01-us-west-02b,gpu-h100-04,ipmi,,,,,CAT6a,,,,,,,,,,,,,,
LLDP:  Passed,US-PHX01,c160:145:39,ipmi-gg1-b2-r145-us-west-02b,SN2201,swp16,,,,,US-PHX01,c160:153:12,c160-r153-node-02-us-west-02b,gpu-h100-04,ipmi,,,,,CAT6a,,,,,,,,,,,,,,
LLDP:  Passed,US-PHX01,c160:145:39,ipmi-gg1-b2-r145-us-west-02b,SN2201,swp17,,,,,US-PHX01,c160:154:26,c160-r154-node-01-us-west-02b,gpu-h100-04,ipmi,,,,,CAT6a,,,,,,,,,,,,,,
LLDP:  Passed,US-PHX01,c160:145:39,ipmi-gg1-b2-r145-us-west-02b,SN2201,swp18,,,,,US-PHX01,c160:154:12,c160-r154-node-02-us-west-02b,gpu-h100-04,ipmi,,,,,CAT6a,,,,,,,,,,,,,,
LLDP:  Passed,US-PHX01,c160:145:39,ipmi-gg1-b2-r145-us-west-02b,SN2201,swp19,,,,,US-PHX01,c160:155:26,c160-r155-node-01-us-west-02b,gpu-h100-04,ipmi,,,,,CAT6a,,,,,,,,,,,,,,
LLDP:  Passed,US-PHX01,c160:145:39,ipmi-gg1-b2-r145-us-west-02b,SN2201,swp20,,,,,US-PHX01,c160:155:12,c160-r155-node-02-us-west-02b,gpu-h100-04,ipmi,,,,,CAT6a,,,,,,,,,,,,,,
,,,,,,,,,,,,,,,,,,,,,,,,,,,,,,,,,
,,,,,,,,,,,,,,,,,,,,,,,,,,,,,,,,,
,,,,,,,,,,,,,,,,,,,,,,,,,,,,,,,,,
LLDP:  Passed,US-PHX01,c160:145:37,dpu-gg1-b2-r145-us-west-02b,SN2201,swp1,,,,,US-PHX01,c160:146:26,c160-r146-node-01-us-west-02b,gpu-h100-04,dpu,,,,,CAT6a,,,,,,,,,,,,,,
LLDP:  Passed,US-PHX01,c160:145:37,dpu-gg1-b2-r145-us-west-02b,SN2201,swp2,,,,,US-PHX01,c160:146:12,c160-r146-node-02-us-west-02b,gpu-h100-04,dpu,,,,,CAT6a,,,,,,,,,,,,,,
LLDP:  Passed,US-PHX01,c160:145:37,dpu-gg1-b2-r145-us-west-02b,SN2201,swp3,,,,,US-PHX01,c160:147:26,c160-r147-node-01-us-west-02b,gpu-h100-04,dpu,,,,,CAT6a,,,,,,,,,,,,,,
LLDP:  Passed,US-PHX01,c160:145:37,dpu-gg1-b2-r145-us-west-02b,SN2201,swp4,,,,,US-PHX01,c160:147:12,c160-r147-node-02-us-west-02b,gpu-h100-04,dpu,,,,,CAT6a,,,,,,,,,,,,,,
LLDP:  Passed,US-PHX01,c160:145:37,dpu-gg1-b2-r145-us-west-02b,SN2201,swp5,,,,,US-PHX01,c160:148:26,c160-r148-node-01-us-west-02b,gpu-h100-04,dpu,,,,,CAT6a,,,,,,,,,,,,,,
LLDP:  Passed,US-PHX01,c160:145:37,dpu-gg1-b2-r145-us-west-02b,SN2201,swp6,,,,,US-PHX01,c160:148:12,c160-r148-node-02-us-west-02b,gpu-h100-04,dpu,,,,,CAT6a,,,,,,,,,,,,,,
LLDP:  Passed,US-PHX01,c160:145:37,dpu-gg1-b2-r145-us-west-02b,SN2201,swp7,,,,,US-PHX01,c160:149:26,c160-r149-node-01-us-west-02b,gpu-h100-04,dpu,,,,,CAT6a,,,,,,,,,,,,,,
LLDP:  Passed,US-PHX01,c160:145:37,dpu-gg1-b2-r145-us-west-02b,SN2201,swp8,,,,,US-PHX01,c160:149:12,c160-r149-node-02-us-west-02b,gpu-h100-04,dpu,,,,,CAT6a,,,,,,,,,,,,,,
LLDP:  Passed,US-PHX01,c160:145:37,dpu-gg1-b2-r145-us-west-02b,SN2201,swp9,,,,,US-PHX01,c160:150:26,c160-r150-node-01-us-west-02b,gpu-h100-04,dpu,,,,,CAT6a,,,,,,,,,,,,,,
LLDP:  Passed,US-PHX01,c160:145:37,dpu-gg1-b2-r145-us-west-02b,SN2201,swp10,,,,,US-PHX01,c160:150:12,c160-r150-node-02-us-west-02b,gpu-h100-04,dpu,,,,,CAT6a,,,,,,,,,,,,,,
LLDP:  Passed,US-PHX01,c160:145:37,dpu-gg1-b2-r145-us-west-02b,SN2201,swp11,,,,,US-PHX01,c160:151:26,c160-r151-node-01-us-west-02b,gpu-h100-04,dpu,,,,,CAT6a,,,,,,,,,,,,,,
LLDP:  Passed,US-PHX01,c160:145:37,dpu-gg1-b2-r145-us-west-02b,SN2201,swp12,,,,,US-PHX01,c160:151:12,c160-r151-node-02-us-west-02b,gpu-h100-04,dpu,,,,,CAT6a,,,,,,,,,,,,,,
LLDP:  Passed,US-PHX01,c160:145:37,dpu-gg1-b2-r145-us-west-02b,SN2201,swp13,,,,,US-PHX01,c160:152:26,c160-r152-node-01-us-west-02b,gpu-h100-04,dpu,,,,,CAT6a,,,,,,,,,,,,,,
LLDP:  Passed,US-PHX01,c160:145:37,dpu-gg1-b2-r145-us-west-02b,SN2201,swp14,,,,,US-PHX01,c160:152:12,c160-r152-node-02-us-west-02b,gpu-h100-04,dpu,,,,,CAT6a,,,,,,,,,,,,,,
LLDP:  Passed,US-PHX01,c160:145:37,dpu-gg1-b2-r145-us-west-02b,SN2201,swp15,,,,,US-PHX01,c160:153:26,c160-r153-node-01-us-west-02b,gpu-h100-04,dpu,,,,,CAT6a,,,,,,,,,,,,,,
LLDP:  Passed,US-PHX01,c160:145:37,dpu-gg1-b2-r145-us-west-02b,SN2201,swp16,,,,,US-PHX01,c160:153:12,c160-r153-node-02-us-west-02b,gpu-h100-04,dpu,,,,,CAT6a,,,,,,,,,,,,,,
LLDP:  Passed,US-PHX01,c160:145:37,dpu-gg1-b2-r145-us-west-02b,SN2201,swp17,,,,,US-PHX01,c160:154:26,c160-r154-node-01-us-west-02b,gpu-h100-04,dpu,,,,,CAT6a,,,,,,,,,,,,,,
LLDP:  Passed,US-PHX01,c160:145:37,dpu-gg1-b2-r145-us-west-02b,SN2201,swp18,,,,,US-PHX01,c160:154:12,c160-r154-node-02-us-west-02b,gpu-h100-04,dpu,,,,,CAT6a,,,,,,,,,,,,,,
LLDP:  Passed,US-PHX01,c160:145:37,dpu-gg1-b2-r145-us-west-02b,SN2201,swp19,,,,,US-PHX01,c160:155:26,c160-r155-node-01-us-west-02b,gpu-h100-04,dpu,,,,,CAT6a,,,,,,,,,,,,,,
LLDP:  Failed,US-PHX01,c160:145:37,dpu-gg1-b2-r145-us-west-02b,SN2201,swp20,,,,,US-PHX01,c160:155:12,c160-r155-node-02-us-west-02b,gpu-h100-04,dpu,,,,,CAT6a,,,,,,,,,,,,,,
,,,,,,,,,,,,,,,,,,,,,,,,,,,,,,,,,
,,,,,,,,,,,,,,,,,,,,,,,,,,,,,,,,,
,,,,,,,,,,,,,,,,,,,,,,,,,,,,,,,,,
,,,,,,,,,,,,,,,,,,,,,,,,,,,,,,,,,
,,,,,,,,,,,,,,,,,,,,,,,,,,,,,,,,,
,,,,,,,,,,,,,,,,,,,,,,,,,,,,,,,,,
C160 :: ROW-11 :: H100's,,,,,,,,,,,,,,,,,,,,,,,,,,,,,,,,,
LLDP:  Passed,US-PHX01,c160:161:42,t0-gg1-b2-01-r161-us-west-02b,SN4700,swp1,c160:161:41,1:A:1,QSFPDD-400G-DR4,,US-PHX01,c160:162:26,c160-r162-node-01-us-west-02b,gpu-h100-04,eth0,,,,QSFP-100G-DR1,LC-to-LC SMF,,,,,,,,,,,,,,
LLDP:  Passed,US-PHX01,c160:161:42,t0-gg1-b2-01-r161-us-west-02b,SN4700,swp1,c160:161:41,1:A:2,QSFPDD-400G-DR4,,US-PHX01,c160:162:12,c160-r162-node-02-us-west-02b,gpu-h100-04,eth0,,,,QSFP-100G-DR1,LC-to-LC SMF,,,,,,,,,,,,,,
LLDP:  Passed,US-PHX01,c160:161:42,t0-gg1-b2-01-r161-us-west-02b,SN4700,swp1,c160:161:41,1:A:3,QSFPDD-400G-DR4,,US-PHX01,c160:163:26,c160-r163-node-01-us-west-02b,gpu-h100-04,eth0,,,,QSFP-100G-DR1,LC-to-LC SMF,,,,,,,,,,,,,,
LLDP:  Passed,US-PHX01,c160:161:42,t0-gg1-b2-01-r161-us-west-02b,SN4700,swp1,c160:161:41,1:A:4,QSFPDD-400G-DR4,,US-PHX01,c160:163:12,c160-r163-node-02-us-west-02b,gpu-h100-04,eth0,,,,QSFP-100G-DR1,LC-to-LC SMF,,,,,,,,,,,,,,
LLDP:  Passed,US-PHX01,c160:161:42,t0-gg1-b2-01-r161-us-west-02b,SN4700,swp2,c160:161:41,1:B:1,QSFPDD-400G-DR4,,US-PHX01,c160:164:26,c160-r164-node-01-us-west-02b,gpu-h100-04,eth0,,,,QSFP-100G-DR1,LC-to-LC SMF,,,,,,,,,,,,,,
LLDP:  Passed,US-PHX01,c160:161:42,t0-gg1-b2-01-r161-us-west-02b,SN4700,swp2,c160:161:41,1:B:2,QSFPDD-400G-DR4,,US-PHX01,c160:164:12,c160-r164-node-02-us-west-02b,gpu-h100-04,eth0,,,,QSFP-100G-DR1,LC-to-LC SMF,,,,,,,,,,,,,,
LLDP:  Passed,US-PHX01,c160:161:42,t0-gg1-b2-01-r161-us-west-02b,SN4700,swp2,c160:161:41,1:B:3,QSFPDD-400G-DR4,,US-PHX01,c160:165:26,c160-r165-node-01-us-west-02b,gpu-h100-04,eth0,,,,QSFP-100G-DR1,LC-to-LC SMF,,,,,,,,,,,,,,
LLDP:  Passed,US-PHX01,c160:161:42,t0-gg1-b2-01-r161-us-west-02b,SN4700,swp2,c160:161:41,1:B:4,QSFPDD-400G-DR4,,US-PHX01,c160:165:12,c160-r165-node-02-us-west-02b,gpu-h100-04,eth0,,,,QSFP-100G-DR1,LC-to-LC SMF,,,,,,,,,,,,,,
LLDP:  Passed,US-PHX01,c160:161:42,t0-gg1-b2-01-r161-us-west-02b,SN4700,swp3,c160:161:41,2:A:1,QSFPDD-400G-DR4,,US-PHX01,c160:166:26,c160-r166-node-01-us-west-02b,gpu-h100-04,eth0,,,,QSFP-100G-DR1,LC-to-LC SMF,,,,,,,,,,,,,,
LLDP:  Passed,US-PHX01,c160:161:42,t0-gg1-b2-01-r161-us-west-02b,SN4700,swp3,c160:161:41,2:A:2,QSFPDD-400G-DR4,,US-PHX01,c160:166:12,c160-r166-node-02-us-west-02b,gpu-h100-04,eth0,,,,QSFP-100G-DR1,LC-to-LC SMF,,,,,,,,,,,,,,
LLDP:  Passed,US-PHX01,c160:161:42,t0-gg1-b2-01-r161-us-west-02b,SN4700,swp3,c160:161:41,2:A:3,QSFPDD-400G-DR4,,US-PHX01,c160:167:26,c160-r167-node-01-us-west-02b,gpu-h100-04,eth0,,,,QSFP-100G-DR1,LC-to-LC SMF,,,,,,,,,,,,,,
LLDP:  Passed,US-PHX01,c160:161:42,t0-gg1-b2-01-r161-us-west-02b,SN4700,swp3,c160:161:41,2:A:4,QSFPDD-400G-DR4,,US-PHX01,c160:167:12,c160-r167-node-02-us-west-02b,gpu-h100-04,eth0,,,,QSFP-100G-DR1,LC-to-LC SMF,,,,,,,,,,,,,,
LLDP:  Passed,US-PHX01,c160:161:42,t0-gg1-b2-01-r161-us-west-02b,SN4700,swp4,c160:161:41,2:B:1,QSFPDD-400G-DR4,,US-PHX01,c160:168:26,c160-r168-node-01-us-west-02b,gpu-h100-04,eth0,,,,QSFP-100G-DR1,LC-to-LC SMF,,,,,,,,,,,,,,
LLDP:  Passed,US-PHX01,c160:161:42,t0-gg1-b2-01-r161-us-west-02b,SN4700,swp4,c160:161:41,2:B:2,QSFPDD-400G-DR4,,US-PHX01,c160:168:12,c160-r168-node-02-us-west-02b,gpu-h100-04,eth0,,,,QSFP-100G-DR1,LC-to-LC SMF,,,,,,,,,,,,,,
LLDP:  Passed,US-PHX01,c160:161:42,t0-gg1-b2-01-r161-us-west-02b,SN4700,swp4,c160:161:41,2:B:3,QSFPDD-400G-DR4,,US-PHX01,c160:169:26,c160-r169-node-01-us-west-02b,gpu-h100-04,eth0,,,,QSFP-100G-DR1,LC-to-LC SMF,,,,,,,,,,,,,,
LLDP:  Failed,US-PHX01,c160:161:42,t0-gg1-b2-01-r161-us-west-02b,SN4700,swp4,c160:161:41,2:B:4,QSFPDD-400G-DR4,,US-PHX01,c160:169:12,c160-r169-node-02-us-west-02b,gpu-h100-04,eth0,,,,QSFP-100G-DR1,LC-to-LC SMF,,,,,,,,,,,,,,
,,,,,,,,,,,,,,,,,,,,,,,,,,,,,,,,,
LLDP:  Passed,US-PHX01,c160:161:40,t0-gg1-b2-02-r161-us-west-02b,SN4700,swp1,c160:161:39,1:A:1,QSFPDD-400G-DR4,,US-PHX01,c160:162:26,c160-r162-node-01-us-west-02b,gpu-h100-04,eth1,,,,QSFP-100G-DR1,LC-to-LC SMF,,,,,,,,,,,,,,
LLDP:  Passed,US-PHX01,c160:161:40,t0-gg1-b2-02-r161-us-west-02b,SN4700,swp1,c160:161:39,1:A:2,QSFPDD-400G-DR4,,US-PHX01,c160:162:12,c160-r162-node-02-us-west-02b,gpu-h100-04,eth1,,,,QSFP-100G-DR1,LC-to-LC SMF,,,,,,,,,,,,,,
LLDP:  Passed,US-PHX01,c160:161:40,t0-gg1-b2-02-r161-us-west-02b,SN4700,swp1,c160:161:39,1:A:3,QSFPDD-400G-DR4,,US-PHX01,c160:163:26,c160-r163-node-01-us-west-02b,gpu-h100-04,eth1,,,,QSFP-100G-DR1,LC-to-LC SMF,,,,,,,,,,,,,,
LLDP:  Passed,US-PHX01,c160:161:40,t0-gg1-b2-02-r161-us-west-02b,SN4700,swp1,c160:161:39,1:A:4,QSFPDD-400G-DR4,,US-PHX01,c160:163:12,c160-r163-node-02-us-west-02b,gpu-h100-04,eth1,,,,QSFP-100G-DR1,LC-to-LC SMF,,,,,,,,,,,,,,
LLDP:  Passed,US-PHX01,c160:161:40,t0-gg1-b2-02-r161-us-west-02b,SN4700,swp2,c160:161:39,1:B:1,QSFPDD-400G-DR4,,US-PHX01,c160:164:26,c160-r164-node-01-us-west-02b,gpu-h100-04,eth1,,,,QSFP-100G-DR1,LC-to-LC SMF,,,,,,,,,,,,,,
LLDP:  Passed,US-PHX01,c160:161:40,t0-gg1-b2-02-r161-us-west-02b,SN4700,swp2,c160:161:39,1:B:2,QSFPDD-400G-DR4,,US-PHX01,c160:164:12,c160-r164-node-02-us-west-02b,gpu-h100-04,eth1,,,,QSFP-100G-DR1,LC-to-LC SMF,,,,,,,,,,,,,,
LLDP:  Passed,US-PHX01,c160:161:40,t0-gg1-b2-02-r161-us-west-02b,SN4700,swp2,c160:161:39,1:B:3,QSFPDD-400G-DR4,,US-PHX01,c160:165:26,c160-r165-node-01-us-west-02b,gpu-h100-04,eth1,,,,QSFP-100G-DR1,LC-to-LC SMF,,,,,,,,,,,,,,
LLDP:  Passed,US-PHX01,c160:161:40,t0-gg1-b2-02-r161-us-west-02b,SN4700,swp2,c160:161:39,1:B:4,QSFPDD-400G-DR4,,US-PHX01,c160:165:12,c160-r165-node-02-us-west-02b,gpu-h100-04,eth1,,,,QSFP-100G-DR1,LC-to-LC SMF,,,,,,,,,,,,,,
LLDP:  Passed,US-PHX01,c160:161:40,t0-gg1-b2-02-r161-us-west-02b,SN4700,swp3,c160:161:39,2:A:1,QSFPDD-400G-DR4,,US-PHX01,c160:166:26,c160-r166-node-01-us-west-02b,gpu-h100-04,eth1,,,,QSFP-100G-DR1,LC-to-LC SMF,,,,,,,,,,,,,,
LLDP:  Passed,US-PHX01,c160:161:40,t0-gg1-b2-02-r161-us-west-02b,SN4700,swp3,c160:161:39,2:A:2,QSFPDD-400G-DR4,,US-PHX01,c160:166:12,c160-r166-node-02-us-west-02b,gpu-h100-04,eth1,,,,QSFP-100G-DR1,LC-to-LC SMF,,,,,,,,,,,,,,
LLDP:  Passed,US-PHX01,c160:161:40,t0-gg1-b2-02-r161-us-west-02b,SN4700,swp3,c160:161:39,2:A:3,QSFPDD-400G-DR4,,US-PHX01,c160:167:26,c160-r167-node-01-us-west-02b,gpu-h100-04,eth1,,,,QSFP-100G-DR1,LC-to-LC SMF,,,,,,,,,,,,,,
LLDP:  Passed,US-PHX01,c160:161:40,t0-gg1-b2-02-r161-us-west-02b,SN4700,swp3,c160:161:39,2:A:4,QSFPDD-400G-DR4,,US-PHX01,c160:167:12,c160-r167-node-02-us-west-02b,gpu-h100-04,eth1,,,,QSFP-100G-DR1,LC-to-LC SMF,,,,,,,,,,,,,,
LLDP:  Passed,US-PHX01,c160:161:40,t0-gg1-b2-02-r161-us-west-02b,SN4700,swp4,c160:161:39,2:B:1,QSFPDD-400G-DR4,,US-PHX01,c160:168:26,c160-r168-node-01-us-west-02b,gpu-h100-04,eth1,,,,QSFP-100G-DR1,LC-to-LC SMF,,,,,,,,,,,,,,
LLDP:  Passed,US-PHX01,c160:161:40,t0-gg1-b2-02-r161-us-west-02b,SN4700,swp4,c160:161:39,2:B:2,QSFPDD-400G-DR4,,US-PHX01,c160:168:12,c160-r168-node-02-us-west-02b,gpu-h100-04,eth1,,,,QSFP-100G-DR1,LC-to-LC SMF,,,,,,,,,,,,,,
LLDP:  Failed,US-PHX01,c160:161:40,t0-gg1-b2-02-r161-us-west-02b,SN4700,swp4,c160:161:39,2:B:3,QSFPDD-400G-DR4,,US-PHX01,c160:169:26,c160-r169-node-01-us-west-02b,gpu-h100-04,eth1,,,,QSFP-100G-DR1,LC-to-LC SMF,,,,,,,,,,,,,,
LLDP:  Failed,US-PHX01,c160:161:40,t0-gg1-b2-02-r161-us-west-02b,SN4700,swp4,c160:161:39,2:B:4,QSFPDD-400G-DR4,,US-PHX01,c160:169:12,c160-r169-node-02-us-west-02b,gpu-h100-04,eth1,,,,QSFP-100G-DR1,LC-to-LC SMF,,,,,,,,,,,,,,
,,,,,,,,,,,,,,,,,,,,,,,,,,,,,,,,,
LLDP:  Passed,US-PHX01,c160:161:18,ipmi-gg1-b2-r161-us-west-02b,SN2201,swp1,,,,,US-PHX01,c160:162:26,c160-r162-node-01-us-west-02b,gpu-h100-04,ipmi,,,,,CAT6a,,,,,,,,,,,,,,
LLDP:  Passed,US-PHX01,c160:161:18,ipmi-gg1-b2-r161-us-west-02b,SN2201,swp2,,,,,US-PHX01,c160:162:12,c160-r162-node-02-us-west-02b,gpu-h100-04,ipmi,,,,,CAT6a,,,,,,,,,,,,,,
LLDP:  Passed,US-PHX01,c160:161:18,ipmi-gg1-b2-r161-us-west-02b,SN2201,swp3,,,,,US-PHX01,c160:163:26,c160-r163-node-01-us-west-02b,gpu-h100-04,ipmi,,,,,CAT6a,,,,,,,,,,,,,,
LLDP:  Passed,US-PHX01,c160:161:18,ipmi-gg1-b2-r161-us-west-02b,SN2201,swp4,,,,,US-PHX01,c160:163:12,c160-r163-node-02-us-west-02b,gpu-h100-04,ipmi,,,,,CAT6a,,,,,,,,,,,,,,
LLDP:  Passed,US-PHX01,c160:161:18,ipmi-gg1-b2-r161-us-west-02b,SN2201,swp5,,,,,US-PHX01,c160:164:26,c160-r164-node-01-us-west-02b,gpu-h100-04,ipmi,,,,,CAT6a,,,,,,,,,,,,,,
LLDP:  Passed,US-PHX01,c160:161:18,ipmi-gg1-b2-r161-us-west-02b,SN2201,swp6,,,,,US-PHX01,c160:164:12,c160-r164-node-02-us-west-02b,gpu-h100-04,ipmi,,,,,CAT6a,,,,,,,,,,,,,,
LLDP:  Passed,US-PHX01,c160:161:18,ipmi-gg1-b2-r161-us-west-02b,SN2201,swp7,,,,,US-PHX01,c160:165:26,c160-r165-node-01-us-west-02b,gpu-h100-04,ipmi,,,,,CAT6a,,,,,,,,,,,,,,
LLDP:  Passed,US-PHX01,c160:161:18,ipmi-gg1-b2-r161-us-west-02b,SN2201,swp8,,,,,US-PHX01,c160:165:12,c160-r165-node-02-us-west-02b,gpu-h100-04,ipmi,,,,,CAT6a,,,,,,,,,,,,,,
LLDP:  Passed,US-PHX01,c160:161:18,ipmi-gg1-b2-r161-us-west-02b,SN2201,swp9,,,,,US-PHX01,c160:166:26,c160-r166-node-01-us-west-02b,gpu-h100-04,ipmi,,,,,CAT6a,,,,,,,,,,,,,,
LLDP:  Passed,US-PHX01,c160:161:18,ipmi-gg1-b2-r161-us-west-02b,SN2201,swp10,,,,,US-PHX01,c160:166:12,c160-r166-node-02-us-west-02b,gpu-h100-04,ipmi,,,,,CAT6a,,,,,,,,,,,,,,
LLDP:  Passed,US-PHX01,c160:161:18,ipmi-gg1-b2-r161-us-west-02b,SN2201,swp11,,,,,US-PHX01,c160:167:26,c160-r167-node-01-us-west-02b,gpu-h100-04,ipmi,,,,,CAT6a,,,,,,,,,,,,,,
LLDP:  Passed,US-PHX01,c160:161:18,ipmi-gg1-b2-r161-us-west-02b,SN2201,swp12,,,,,US-PHX01,c160:167:12,c160-r167-node-02-us-west-02b,gpu-h100-04,ipmi,,,,,CAT6a,,,,,,,,,,,,,,
LLDP:  Passed,US-PHX01,c160:161:18,ipmi-gg1-b2-r161-us-west-02b,SN2201,swp13,,,,,US-PHX01,c160:168:26,c160-r168-node-01-us-west-02b,gpu-h100-04,ipmi,,,,,CAT6a,,,,,,,,,,,,,,
LLDP:  Passed,US-PHX01,c160:161:18,ipmi-gg1-b2-r161-us-west-02b,SN2201,swp14,,,,,US-PHX01,c160:168:12,c160-r168-node-02-us-west-02b,gpu-h100-04,ipmi,,,,,CAT6a,,,,,,,,,,,,,,
LLDP:  Passed,US-PHX01,c160:161:18,ipmi-gg1-b2-r161-us-west-02b,SN2201,swp15,,,,,US-PHX01,c160:169:26,c160-r169-node-01-us-west-02b,gpu-h100-04,ipmi,,,,,CAT6a,,,,,,,,,,,,,,
LLDP:  Passed,US-PHX01,c160:161:18,ipmi-gg1-b2-r161-us-west-02b,SN2201,swp16,,,,,US-PHX01,c160:169:12,c160-r169-node-02-us-west-02b,gpu-h100-04,ipmi,,,,,CAT6a,,,,,,,,,,,,,,
,,,,,,,,,,,,,,,,,,,,,,,,,,,,,,,,,
LLDP:  Passed,US-PHX01,c160:161:16,dpu-gg1-b2-r161-us-west-02b,SN2201,swp1,,,,,US-PHX01,c160:162:26,c160-r162-node-01-us-west-02b,gpu-h100-04,dpu,,,,,CAT6a,,,,,,,,,,,,,,
LLDP:  Passed,US-PHX01,c160:161:16,dpu-gg1-b2-r161-us-west-02b,SN2201,swp2,,,,,US-PHX01,c160:162:12,c160-r162-node-02-us-west-02b,gpu-h100-04,dpu,,,,,CAT6a,,,,,,,,,,,,,,
LLDP:  Passed,US-PHX01,c160:161:16,dpu-gg1-b2-r161-us-west-02b,SN2201,swp3,,,,,US-PHX01,c160:163:26,c160-r163-node-01-us-west-02b,gpu-h100-04,dpu,,,,,CAT6a,,,,,,,,,,,,,,
LLDP:  Passed,US-PHX01,c160:161:16,dpu-gg1-b2-r161-us-west-02b,SN2201,swp4,,,,,US-PHX01,c160:163:12,c160-r163-node-02-us-west-02b,gpu-h100-04,dpu,,,,,CAT6a,,,,,,,,,,,,,,
LLDP:  Passed,US-PHX01,c160:161:16,dpu-gg1-b2-r161-us-west-02b,SN2201,swp5,,,,,US-PHX01,c160:164:26,c160-r164-node-01-us-west-02b,gpu-h100-04,dpu,,,,,CAT6a,,,,,,,,,,,,,,
LLDP:  Passed,US-PHX01,c160:161:16,dpu-gg1-b2-r161-us-west-02b,SN2201,swp6,,,,,US-PHX01,c160:164:12,c160-r164-node-02-us-west-02b,gpu-h100-04,dpu,,,,,CAT6a,,,,,,,,,,,,,,
LLDP:  Passed,US-PHX01,c160:161:16,dpu-gg1-b2-r161-us-west-02b,SN2201,swp7,,,,,US-PHX01,c160:165:26,c160-r165-node-01-us-west-02b,gpu-h100-04,dpu,,,,,CAT6a,,,,,,,,,,,,,,
LLDP:  Passed,US-PHX01,c160:161:16,dpu-gg1-b2-r161-us-west-02b,SN2201,swp8,,,,,US-PHX01,c160:165:12,c160-r165-node-02-us-west-02b,gpu-h100-04,dpu,,,,,CAT6a,,,,,,,,,,,,,,
LLDP:  Passed,US-PHX01,c160:161:16,dpu-gg1-b2-r161-us-west-02b,SN2201,swp9,,,,,US-PHX01,c160:166:26,c160-r166-node-01-us-west-02b,gpu-h100-04,dpu,,,,,CAT6a,,,,,,,,,,,,,,
LLDP:  Passed,US-PHX01,c160:161:16,dpu-gg1-b2-r161-us-west-02b,SN2201,swp10,,,,,US-PHX01,c160:166:12,c160-r166-node-02-us-west-02b,gpu-h100-04,dpu,,,,,CAT6a,,,,,,,,,,,,,,
LLDP:  Passed,US-PHX01,c160:161:16,dpu-gg1-b2-r161-us-west-02b,SN2201,swp11,,,,,US-PHX01,c160:167:26,c160-r167-node-01-us-west-02b,gpu-h100-04,dpu,,,,,CAT6a,,,,,,,,,,,,,,
LLDP:  Passed,US-PHX01,c160:161:16,dpu-gg1-b2-r161-us-west-02b,SN2201,swp12,,,,,US-PHX01,c160:167:12,c160-r167-node-02-us-west-02b,gpu-h100-04,dpu,,,,,CAT6a,,,,,,,,,,,,,,
LLDP:  Passed,US-PHX01,c160:161:16,dpu-gg1-b2-r161-us-west-02b,SN2201,swp13,,,,,US-PHX01,c160:168:26,c160-r168-node-01-us-west-02b,gpu-h100-04,dpu,,,,,CAT6a,,,,,,,,,,,,,,
LLDP:  Passed,US-PHX01,c160:161:16,dpu-gg1-b2-r161-us-west-02b,SN2201,swp14,,,,,US-PHX01,c160:168:12,c160-r168-node-02-us-west-02b,gpu-h100-04,dpu,,,,,CAT6a,,,,,,,,,,,,,,
LLDP:  Passed,US-PHX01,c160:161:16,dpu-gg1-b2-r161-us-west-02b,SN2201,swp15,,,,,US-PHX01,c160:169:26,c160-r169-node-01-us-west-02b,gpu-h100-04,dpu,,,,,CAT6a,,,,,,,,,,,,,,
LLDP:  Passed,US-PHX01,c160:161:16,dpu-gg1-b2-r161-us-west-02b,SN2201,swp16,,,,,US-PHX01,c160:169:12,c160-r169-node-02-us-west-02b,gpu-h100-04,dpu,,,,,CAT6a,,,,,,,,,,,,,,
,,,,,,,,,,,,,,,,,,,,,,,,,,,,,,,,,
,,,,,,,,,,,,,,,,,,,,,,,,,,,,,,,,,
C160 :: ROW-12 :: H100's,,,,,,,,,,,,,,,,,,,,,,,,,,,,,,,,,
LLDP:  Passed,US-PHX01,c160:177:44,t0-gg1-b2-01-r177-us-west-02b,SN4700,swp1,c160:177:43,1:A:1,QSFPDD-400G-DR4,,US-PHX01,c160:178:26,c160-r178-node-01-us-west-02b,gpu-h100-04,eth0,,,,QSFP-100G-DR1,LC-to-LC SMF,,,,,,,,,,,,,,
LLDP:  Passed,US-PHX01,c160:177:44,t0-gg1-b2-01-r177-us-west-02b,SN4700,swp1,c160:177:43,1:A:2,QSFPDD-400G-DR4,,US-PHX01,c160:178:12,c160-r178-node-02-us-west-02b,gpu-h100-04,eth0,,,,QSFP-100G-DR1,LC-to-LC SMF,,,,,,,,,,,,,,
LLDP:  Passed,US-PHX01,c160:177:44,t0-gg1-b2-01-r177-us-west-02b,SN4700,swp1,c160:177:43,1:A:3,QSFPDD-400G-DR4,,US-PHX01,c160:179:26,c160-r179-node-01-us-west-02b,gpu-h100-04,eth0,,,,QSFP-100G-DR1,LC-to-LC SMF,,,,,,,,,,,,,,
LLDP:  Passed,US-PHX01,c160:177:44,t0-gg1-b2-01-r177-us-west-02b,SN4700,swp1,c160:177:43,1:A:4,QSFPDD-400G-DR4,,US-PHX01,c160:179:12,c160-r179-node-02-us-west-02b,gpu-h100-04,eth0,,,,QSFP-100G-DR1,LC-to-LC SMF,,,,,,,,,,,,,,
LLDP:  Passed,US-PHX01,c160:177:44,t0-gg1-b2-01-r177-us-west-02b,SN4700,swp2,c160:177:43,1:B:1,QSFPDD-400G-DR4,,US-PHX01,c160:180:26,c160-r180-node-01-us-west-02b,gpu-h100-04,eth0,,,,QSFP-100G-DR1,LC-to-LC SMF,,,,,,,,,,,,,,
LLDP:  Passed,US-PHX01,c160:177:44,t0-gg1-b2-01-r177-us-west-02b,SN4700,swp2,c160:177:43,1:B:2,QSFPDD-400G-DR4,,US-PHX01,c160:180:12,c160-r180-node-02-us-west-02b,gpu-h100-04,eth0,,,,QSFP-100G-DR1,LC-to-LC SMF,,,,,,,,,,,,,,
LLDP:  Passed,US-PHX01,c160:177:44,t0-gg1-b2-01-r177-us-west-02b,SN4700,swp2,c160:177:43,1:B:3,QSFPDD-400G-DR4,,US-PHX01,c160:181:26,c160-r181-node-01-us-west-02b,gpu-h100-04,eth0,,,,QSFP-100G-DR1,LC-to-LC SMF,,,,,,,,,,,,,,
LLDP:  Passed,US-PHX01,c160:177:44,t0-gg1-b2-01-r177-us-west-02b,SN4700,swp2,c160:177:43,1:B:4,QSFPDD-400G-DR4,,US-PHX01,c160:181:12,c160-r181-node-02-us-west-02b,gpu-h100-04,eth0,,,,QSFP-100G-DR1,LC-to-LC SMF,,,,,,,,,,,,,,
LLDP:  Passed,US-PHX01,c160:177:44,t0-gg1-b2-01-r177-us-west-02b,SN4700,swp3,c160:177:43,2:A:1,QSFPDD-400G-DR4,,US-PHX01,c160:182:26,c160-r182-node-01-us-west-02b,gpu-h100-04,eth0,,,,QSFP-100G-DR1,LC-to-LC SMF,,,,,,,,,,,,,,
LLDP:  Passed,US-PHX01,c160:177:44,t0-gg1-b2-01-r177-us-west-02b,SN4700,swp3,c160:177:43,2:A:2,QSFPDD-400G-DR4,,US-PHX01,c160:182:12,c160-r182-node-02-us-west-02b,gpu-h100-04,eth0,,,,QSFP-100G-DR1,LC-to-LC SMF,,,,,,,,,,,,,,
LLDP:  Passed,US-PHX01,c160:177:44,t0-gg1-b2-01-r177-us-west-02b,SN4700,swp3,c160:177:43,2:A:3,QSFPDD-400G-DR4,,US-PHX01,c160:183:26,c160-r183-node-01-us-west-02b,gpu-h100-04,eth0,,,,QSFP-100G-DR1,LC-to-LC SMF,,,,,,,,,,,,,,
LLDP:  Passed,US-PHX01,c160:177:44,t0-gg1-b2-01-r177-us-west-02b,SN4700,swp3,c160:177:43,2:A:4,QSFPDD-400G-DR4,,US-PHX01,c160:183:12,c160-r183-node-02-us-west-02b,gpu-h100-04,eth0,,,,QSFP-100G-DR1,LC-to-LC SMF,,,,,,,,,,,,,,
LLDP:  Failed,US-PHX01,c160:177:44,t0-gg1-b2-01-r177-us-west-02b,SN4700,swp4,c160:177:43,2:B:1,QSFPDD-400G-DR4,,US-PHX01,c160:184:26,c160-r184-node-01-us-west-02b,gpu-h100-04,eth0,,,,QSFP-100G-DR1,LC-to-LC SMF,,,,,,,,,,,,,,
LLDP:  Failed,US-PHX01,c160:177:44,t0-gg1-b2-01-r177-us-west-02b,SN4700,swp4,c160:177:43,2:B:2,QSFPDD-400G-DR4,,US-PHX01,c160:184:12,c160-r184-node-02-us-west-02b,gpu-h100-04,eth0,,,,QSFP-100G-DR1,LC-to-LC SMF,,,,,,,,,,,,,,
LLDP:  Failed,US-PHX01,c160:177:44,t0-gg1-b2-01-r177-us-west-02b,SN4700,swp4,c160:177:43,2:B:3,QSFPDD-400G-DR4,,US-PHX01,c160:185:26,c160-r185-node-01-us-west-02b,gpu-h100-04,eth0,,,,QSFP-100G-DR1,LC-to-LC SMF,,,,,,,,,,,,,,
LLDP:  Failed,US-PHX01,c160:177:44,t0-gg1-b2-01-r177-us-west-02b,SN4700,swp4,c160:177:43,2:B:4,QSFPDD-400G-DR4,,US-PHX01,c160:185:12,c160-r185-node-02-us-west-02b,gpu-h100-04,eth0,,,,QSFP-100G-DR1,LC-to-LC SMF,,,,,,,,,,,,,,
LLDP:  Passed,US-PHX01,c160:177:44,t0-gg1-b2-01-r177-us-west-02b,SN4700,swp5,c160:177:43,3:A:1,QSFPDD-400G-DR4,,US-PHX01,c160:186:26,c160-r186-node-01-us-west-02b,gpu-h100-04,eth0,,,,QSFP-100G-DR1,LC-to-LC SMF,,,,,,,,,,,,,,
LLDP:  Passed,US-PHX01,c160:177:44,t0-gg1-b2-01-r177-us-west-02b,SN4700,swp5,c160:177:43,3:A:2,QSFPDD-400G-DR4,,US-PHX01,c160:186:12,c160-r186-node-02-us-west-02b,gpu-h100-04,eth0,,,,QSFP-100G-DR1,LC-to-LC SMF,,,,,,,,,,,,,,
LLDP:  Passed,US-PHX01,c160:177:44,t0-gg1-b2-01-r177-us-west-02b,SN4700,swp5,c160:177:43,3:A:3,QSFPDD-400G-DR4,,US-PHX01,c160:187:26,c160-r187-node-01-us-west-02b,gpu-h100-04,eth0,,,,QSFP-100G-DR1,LC-to-LC SMF,,,,,,,,,,,,,,
LLDP:  Passed,US-PHX01,c160:177:44,t0-gg1-b2-01-r177-us-west-02b,SN4700,swp5,c160:177:43,3:A:4,QSFPDD-400G-DR4,,US-PHX01,c160:187:12,c160-r187-node-02-us-west-02b,gpu-h100-04,eth0,,,,QSFP-100G-DR1,LC-to-LC SMF,,,,,,,,,,,,,,
,,,,,,,,,,,,,,,,,,,,,,,,,,,,,,,,,
,,,,,,,,,,,,,,,,,,,,,,,,,,,,,,,,,
,,,,,,,,,,,,,,,,,,,,,,,,,,,,,,,,,
,,,,,,,,,,,,,,,,,,,,,,,,,,,,,,,,,
LLDP:  Passed,US-PHX01,c160:177:42,t0-gg1-b2-02-r177-us-west-02b,SN4700,swp1,c160:177:41,1:A:1,QSFPDD-400G-DR4,,US-PHX01,c160:178:26,c160-r178-node-01-us-west-02b,gpu-h100-04,eth1,,,,QSFP-100G-DR1,LC-to-LC SMF,,,,,,,,,,,,,,
LLDP:  Passed,US-PHX01,c160:177:42,t0-gg1-b2-02-r177-us-west-02b,SN4700,swp1,c160:177:41,1:A:2,QSFPDD-400G-DR4,,US-PHX01,c160:178:12,c160-r178-node-02-us-west-02b,gpu-h100-04,eth1,,,,QSFP-100G-DR1,LC-to-LC SMF,,,,,,,,,,,,,,
LLDP:  Passed,US-PHX01,c160:177:42,t0-gg1-b2-02-r177-us-west-02b,SN4700,swp1,c160:177:41,1:A:3,QSFPDD-400G-DR4,,US-PHX01,c160:179:26,c160-r179-node-01-us-west-02b,gpu-h100-04,eth1,,,,QSFP-100G-DR1,LC-to-LC SMF,,,,,,,,,,,,,,
LLDP:  Passed,US-PHX01,c160:177:42,t0-gg1-b2-02-r177-us-west-02b,SN4700,swp1,c160:177:41,1:A:4,QSFPDD-400G-DR4,,US-PHX01,c160:179:12,c160-r179-node-02-us-west-02b,gpu-h100-04,eth1,,,,QSFP-100G-DR1,LC-to-LC SMF,,,,,,,,,,,,,,
LLDP:  Passed,US-PHX01,c160:177:42,t0-gg1-b2-02-r177-us-west-02b,SN4700,swp2,c160:177:41,1:B:1,QSFPDD-400G-DR4,,US-PHX01,c160:180:26,c160-r180-node-01-us-west-02b,gpu-h100-04,eth1,,,,QSFP-100G-DR1,LC-to-LC SMF,,,,,,,,,,,,,,
LLDP:  Passed,US-PHX01,c160:177:42,t0-gg1-b2-02-r177-us-west-02b,SN4700,swp2,c160:177:41,1:B:2,QSFPDD-400G-DR4,,US-PHX01,c160:180:12,c160-r180-node-02-us-west-02b,gpu-h100-04,eth1,,,,QSFP-100G-DR1,LC-to-LC SMF,,,,,,,,,,,,,,
LLDP:  Passed,US-PHX01,c160:177:42,t0-gg1-b2-02-r177-us-west-02b,SN4700,swp2,c160:177:41,1:B:3,QSFPDD-400G-DR4,,US-PHX01,c160:181:26,c160-r181-node-01-us-west-02b,gpu-h100-04,eth1,,,,QSFP-100G-DR1,LC-to-LC SMF,,,,,,,,,,,,,,
LLDP:  Passed,US-PHX01,c160:177:42,t0-gg1-b2-02-r177-us-west-02b,SN4700,swp2,c160:177:41,1:B:4,QSFPDD-400G-DR4,,US-PHX01,c160:181:12,c160-r181-node-02-us-west-02b,gpu-h100-04,eth1,,,,QSFP-100G-DR1,LC-to-LC SMF,,,,,,,,,,,,,,
LLDP:  Passed,US-PHX01,c160:177:42,t0-gg1-b2-02-r177-us-west-02b,SN4700,swp3,c160:177:41,2:A:1,QSFPDD-400G-DR4,,US-PHX01,c160:182:26,c160-r182-node-01-us-west-02b,gpu-h100-04,eth1,,,,QSFP-100G-DR1,LC-to-LC SMF,,,,,,,,,,,,,,
LLDP:  Passed,US-PHX01,c160:177:42,t0-gg1-b2-02-r177-us-west-02b,SN4700,swp3,c160:177:41,2:A:2,QSFPDD-400G-DR4,,US-PHX01,c160:182:12,c160-r182-node-02-us-west-02b,gpu-h100-04,eth1,,,,QSFP-100G-DR1,LC-to-LC SMF,,,,,,,,,,,,,,
LLDP:  Passed,US-PHX01,c160:177:42,t0-gg1-b2-02-r177-us-west-02b,SN4700,swp3,c160:177:41,2:A:3,QSFPDD-400G-DR4,,US-PHX01,c160:183:26,c160-r183-node-01-us-west-02b,gpu-h100-04,eth1,,,,QSFP-100G-DR1,LC-to-LC SMF,,,,,,,,,,,,,,
LLDP:  Passed,US-PHX01,c160:177:42,t0-gg1-b2-02-r177-us-west-02b,SN4700,swp3,c160:177:41,2:A:4,QSFPDD-400G-DR4,,US-PHX01,c160:183:12,c160-r183-node-02-us-west-02b,gpu-h100-04,eth1,,,,QSFP-100G-DR1,LC-to-LC SMF,,,,,,,,,,,,,,
LLDP:  Passed,US-PHX01,c160:177:42,t0-gg1-b2-02-r177-us-west-02b,SN4700,swp4,c160:177:41,2:B:1,QSFPDD-400G-DR4,,US-PHX01,c160:184:26,c160-r184-node-01-us-west-02b,gpu-h100-04,eth1,,,,QSFP-100G-DR1,LC-to-LC SMF,,,,,,,,,,,,,,
LLDP:  Passed,US-PHX01,c160:177:42,t0-gg1-b2-02-r177-us-west-02b,SN4700,swp4,c160:177:41,2:B:2,QSFPDD-400G-DR4,,US-PHX01,c160:184:12,c160-r184-node-02-us-west-02b,gpu-h100-04,eth1,,,,QSFP-100G-DR1,LC-to-LC SMF,,,,,,,,,,,,,,
LLDP:  Failed,US-PHX01,c160:177:42,t0-gg1-b2-02-r177-us-west-02b,SN4700,swp4,c160:177:41,2:B:3,QSFPDD-400G-DR4,,US-PHX01,c160:185:26,c160-r185-node-01-us-west-02b,gpu-h100-04,eth1,,,,QSFP-100G-DR1,LC-to-LC SMF,,,,,,,,,,,,,,
LLDP:  Passed,US-PHX01,c160:177:42,t0-gg1-b2-02-r177-us-west-02b,SN4700,swp4,c160:177:41,2:B:4,QSFPDD-400G-DR4,,US-PHX01,c160:185:12,c160-r185-node-02-us-west-02b,gpu-h100-04,eth1,,,,QSFP-100G-DR1,LC-to-LC SMF,,,,,,,,,,,,,,
LLDP:  Passed,US-PHX01,c160:177:42,t0-gg1-b2-02-r177-us-west-02b,SN4700,swp5,c160:177:41,3:A:1,QSFPDD-400G-DR4,,US-PHX01,c160:186:26,c160-r186-node-01-us-west-02b,gpu-h100-04,eth1,,,,QSFP-100G-DR1,LC-to-LC SMF,,,,,,,,,,,,,,
LLDP:  Passed,US-PHX01,c160:177:42,t0-gg1-b2-02-r177-us-west-02b,SN4700,swp5,c160:177:41,3:A:2,QSFPDD-400G-DR4,,US-PHX01,c160:186:12,c160-r186-node-02-us-west-02b,gpu-h100-04,eth1,,,,QSFP-100G-DR1,LC-to-LC SMF,,,,,,,,,,,,,,
LLDP:  Passed,US-PHX01,c160:177:42,t0-gg1-b2-02-r177-us-west-02b,SN4700,swp5,c160:177:41,3:A:3,QSFPDD-400G-DR4,,US-PHX01,c160:187:26,c160-r187-node-01-us-west-02b,gpu-h100-04,eth1,,,,QSFP-100G-DR1,LC-to-LC SMF,,,,,,,,,,,,,,
LLDP:  Passed,US-PHX01,c160:177:42,t0-gg1-b2-02-r177-us-west-02b,SN4700,swp5,c160:177:41,3:A:4,QSFPDD-400G-DR4,,US-PHX01,c160:187:12,c160-r187-node-02-us-west-02b,gpu-h100-04,eth1,,,,QSFP-100G-DR1,LC-to-LC SMF,,,,,,,,,,,,,,
,,,,,,,,,,,,,,,,,,,,,,,,,,,,,,,,,
,,,,,,,,,,,,,,,,,,,,,,,,,,,,,,,,,
,,,,,,,,,,,,,,,,,,,,,,,,,,,,,,,,,
LLDP:  Passed,US-PHX01,c160:177:39,ipmi-gg1-b2-r177-us-west-02b,SN2201,swp1,,,,,US-PHX01,c160:178:26,c160-r178-node-01-us-west-02b,gpu-h100-04,ipmi,,,,,CAT6a,,,,,,,,,,,,,,
LLDP:  Passed,US-PHX01,c160:177:39,ipmi-gg1-b2-r177-us-west-02b,SN2201,swp2,,,,,US-PHX01,c160:178:12,c160-r178-node-02-us-west-02b,gpu-h100-04,ipmi,,,,,CAT6a,,,,,,,,,,,,,,
LLDP:  Passed,US-PHX01,c160:177:39,ipmi-gg1-b2-r177-us-west-02b,SN2201,swp3,,,,,US-PHX01,c160:179:26,c160-r179-node-01-us-west-02b,gpu-h100-04,ipmi,,,,,CAT6a,,,,,,,,,,,,,,
LLDP:  Passed,US-PHX01,c160:177:39,ipmi-gg1-b2-r177-us-west-02b,SN2201,swp4,,,,,US-PHX01,c160:179:12,c160-r179-node-02-us-west-02b,gpu-h100-04,ipmi,,,,,CAT6a,,,,,,,,,,,,,,
LLDP:  Passed,US-PHX01,c160:177:39,ipmi-gg1-b2-r177-us-west-02b,SN2201,swp5,,,,,US-PHX01,c160:180:26,c160-r180-node-01-us-west-02b,gpu-h100-04,ipmi,,,,,CAT6a,,,,,,,,,,,,,,
LLDP:  Passed,US-PHX01,c160:177:39,ipmi-gg1-b2-r177-us-west-02b,SN2201,swp6,,,,,US-PHX01,c160:180:12,c160-r180-node-02-us-west-02b,gpu-h100-04,ipmi,,,,,CAT6a,,,,,,,,,,,,,,
LLDP:  Passed,US-PHX01,c160:177:39,ipmi-gg1-b2-r177-us-west-02b,SN2201,swp7,,,,,US-PHX01,c160:181:26,c160-r181-node-01-us-west-02b,gpu-h100-04,ipmi,,,,,CAT6a,,,,,,,,,,,,,,
LLDP:  Passed,US-PHX01,c160:177:39,ipmi-gg1-b2-r177-us-west-02b,SN2201,swp8,,,,,US-PHX01,c160:181:12,c160-r181-node-02-us-west-02b,gpu-h100-04,ipmi,,,,,CAT6a,,,,,,,,,,,,,,
LLDP:  Passed,US-PHX01,c160:177:39,ipmi-gg1-b2-r177-us-west-02b,SN2201,swp9,,,,,US-PHX01,c160:182:26,c160-r182-node-01-us-west-02b,gpu-h100-04,ipmi,,,,,CAT6a,,,,,,,,,,,,,,
LLDP:  Passed,US-PHX01,c160:177:39,ipmi-gg1-b2-r177-us-west-02b,SN2201,swp10,,,,,US-PHX01,c160:182:12,c160-r182-node-02-us-west-02b,gpu-h100-04,ipmi,,,,,CAT6a,,,,,,,,,,,,,,
LLDP:  Passed,US-PHX01,c160:177:39,ipmi-gg1-b2-r177-us-west-02b,SN2201,swp11,,,,,US-PHX01,c160:183:26,c160-r183-node-01-us-west-02b,gpu-h100-04,ipmi,,,,,CAT6a,,,,,,,,,,,,,,
LLDP:  Passed,US-PHX01,c160:177:39,ipmi-gg1-b2-r177-us-west-02b,SN2201,swp12,,,,,US-PHX01,c160:183:12,c160-r183-node-02-us-west-02b,gpu-h100-04,ipmi,,,,,CAT6a,,,,,,,,,,,,,,
LLDP:  Passed,US-PHX01,c160:177:39,ipmi-gg1-b2-r177-us-west-02b,SN2201,swp13,,,,,US-PHX01,c160:184:26,c160-r184-node-01-us-west-02b,gpu-h100-04,ipmi,,,,,CAT6a,,,,,,,,,,,,,,
LLDP:  Passed,US-PHX01,c160:177:39,ipmi-gg1-b2-r177-us-west-02b,SN2201,swp14,,,,,US-PHX01,c160:184:12,c160-r184-node-02-us-west-02b,gpu-h100-04,ipmi,,,,,CAT6a,,,,,,,,,,,,,,
LLDP:  Failed,US-PHX01,c160:177:39,ipmi-gg1-b2-r177-us-west-02b,SN2201,swp15,,,,,US-PHX01,c160:185:26,c160-r185-node-01-us-west-02b,gpu-h100-04,ipmi,,,,,CAT6a,,,,,,,,,,,,,,
LLDP:  Passed,US-PHX01,c160:177:39,ipmi-gg1-b2-r177-us-west-02b,SN2201,swp16,,,,,US-PHX01,c160:185:12,c160-r185-node-02-us-west-02b,gpu-h100-04,ipmi,,,,,CAT6a,,,,,,,,,,,,,,
LLDP:  Passed,US-PHX01,c160:177:39,ipmi-gg1-b2-r177-us-west-02b,SN2201,swp17,,,,,US-PHX01,c160:186:26,c160-r186-node-01-us-west-02b,gpu-h100-04,ipmi,,,,,CAT6a,,,,,,,,,,,,,,
LLDP:  Passed,US-PHX01,c160:177:39,ipmi-gg1-b2-r177-us-west-02b,SN2201,swp18,,,,,US-PHX01,c160:186:12,c160-r186-node-02-us-west-02b,gpu-h100-04,ipmi,,,,,CAT6a,,,,,,,,,,,,,,
LLDP:  Passed,US-PHX01,c160:177:39,ipmi-gg1-b2-r177-us-west-02b,SN2201,swp19,,,,,US-PHX01,c160:187:26,c160-r187-node-01-us-west-02b,gpu-h100-04,ipmi,,,,,CAT6a,,,,,,,,,,,,,,
LLDP:  Passed,US-PHX01,c160:177:39,ipmi-gg1-b2-r177-us-west-02b,SN2201,swp20,,,,,US-PHX01,c160:187:12,c160-r187-node-02-us-west-02b,gpu-h100-04,ipmi,,,,,CAT6a,,,,,,,,,,,,,,
,,,,,,,,,,,,,,,,,,,,,,,,,,,,,,,,,
,,,,,,,,,,,,,,,,,,,,,,,,,,,,,,,,,
,,,,,,,,,,,,,,,,,,,,,,,,,,,,,,,,,
,,,,,,,,,,,,,,,,,,,,,,,,,,,,,,,,,
LLDP:  Passed,US-PHX01,c160:177:37,dpu-gg1-b2-r177-us-west-02b,SN2201,swp1,,,,,US-PHX01,c160:178:26,c160-r178-node-01-us-west-02b,gpu-h100-04,dpu,,,,,CAT6a,,,,,,,,,,,,,,
LLDP:  Passed,US-PHX01,c160:177:37,dpu-gg1-b2-r177-us-west-02b,SN2201,swp2,,,,,US-PHX01,c160:178:12,c160-r178-node-02-us-west-02b,gpu-h100-04,dpu,,,,,CAT6a,,,,,,,,,,,,,,
LLDP:  Passed,US-PHX01,c160:177:37,dpu-gg1-b2-r177-us-west-02b,SN2201,swp3,,,,,US-PHX01,c160:179:26,c160-r179-node-01-us-west-02b,gpu-h100-04,dpu,,,,,CAT6a,,,,,,,,,,,,,,
LLDP:  Passed,US-PHX01,c160:177:37,dpu-gg1-b2-r177-us-west-02b,SN2201,swp4,,,,,US-PHX01,c160:179:12,c160-r179-node-02-us-west-02b,gpu-h100-04,dpu,,,,,CAT6a,,,,,,,,,,,,,,
LLDP:  Passed,US-PHX01,c160:177:37,dpu-gg1-b2-r177-us-west-02b,SN2201,swp5,,,,,US-PHX01,c160:180:26,c160-r180-node-01-us-west-02b,gpu-h100-04,dpu,,,,,CAT6a,,,,,,,,,,,,,,
LLDP:  Passed,US-PHX01,c160:177:37,dpu-gg1-b2-r177-us-west-02b,SN2201,swp6,,,,,US-PHX01,c160:180:12,c160-r180-node-02-us-west-02b,gpu-h100-04,dpu,,,,,CAT6a,,,,,,,,,,,,,,
LLDP:  Passed,US-PHX01,c160:177:37,dpu-gg1-b2-r177-us-west-02b,SN2201,swp7,,,,,US-PHX01,c160:181:26,c160-r181-node-01-us-west-02b,gpu-h100-04,dpu,,,,,CAT6a,,,,,,,,,,,,,,
LLDP:  Passed,US-PHX01,c160:177:37,dpu-gg1-b2-r177-us-west-02b,SN2201,swp8,,,,,US-PHX01,c160:181:12,c160-r181-node-02-us-west-02b,gpu-h100-04,dpu,,,,,CAT6a,,,,,,,,,,,,,,
LLDP:  Passed,US-PHX01,c160:177:37,dpu-gg1-b2-r177-us-west-02b,SN2201,swp9,,,,,US-PHX01,c160:182:26,c160-r182-node-01-us-west-02b,gpu-h100-04,dpu,,,,,CAT6a,,,,,,,,,,,,,,
LLDP:  Passed,US-PHX01,c160:177:37,dpu-gg1-b2-r177-us-west-02b,SN2201,swp10,,,,,US-PHX01,c160:182:12,c160-r182-node-02-us-west-02b,gpu-h100-04,dpu,,,,,CAT6a,,,,,,,,,,,,,,
LLDP:  Passed,US-PHX01,c160:177:37,dpu-gg1-b2-r177-us-west-02b,SN2201,swp11,,,,,US-PHX01,c160:183:26,c160-r183-node-01-us-west-02b,gpu-h100-04,dpu,,,,,CAT6a,,,,,,,,,,,,,,
LLDP:  Passed,US-PHX01,c160:177:37,dpu-gg1-b2-r177-us-west-02b,SN2201,swp12,,,,,US-PHX01,c160:183:12,c160-r183-node-02-us-west-02b,gpu-h100-04,dpu,,,,,CAT6a,,,,,,,,,,,,,,
LLDP:  Passed,US-PHX01,c160:177:37,dpu-gg1-b2-r177-us-west-02b,SN2201,swp13,,,,,US-PHX01,c160:184:26,c160-r184-node-01-us-west-02b,gpu-h100-04,dpu,,,,,CAT6a,,,,,,,,,,,,,,
LLDP:  Passed,US-PHX01,c160:177:37,dpu-gg1-b2-r177-us-west-02b,SN2201,swp14,,,,,US-PHX01,c160:184:12,c160-r184-node-02-us-west-02b,gpu-h100-04,dpu,,,,,CAT6a,,,,,,,,,,,,,,
LLDP:  Failed,US-PHX01,c160:177:37,dpu-gg1-b2-r177-us-west-02b,SN2201,swp15,,,,,US-PHX01,c160:185:26,c160-r185-node-01-us-west-02b,gpu-h100-04,dpu,,,,,CAT6a,,,,,,,,,,,,,,
LLDP:  Passed,US-PHX01,c160:177:37,dpu-gg1-b2-r177-us-west-02b,SN2201,swp16,,,,,US-PHX01,c160:185:12,c160-r185-node-02-us-west-02b,gpu-h100-04,dpu,,,,,CAT6a,,,,,,,,,,,,,,
LLDP:  Passed,US-PHX01,c160:177:37,dpu-gg1-b2-r177-us-west-02b,SN2201,swp17,,,,,US-PHX01,c160:186:26,c160-r186-node-01-us-west-02b,gpu-h100-04,dpu,,,,,CAT6a,,,,,,,,,,,,,,
LLDP:  Passed,US-PHX01,c160:177:37,dpu-gg1-b2-r177-us-west-02b,SN2201,swp18,,,,,US-PHX01,c160:186:12,c160-r186-node-02-us-west-02b,gpu-h100-04,dpu,,,,,CAT6a,,,,,,,,,,,,,,
LLDP:  Passed,US-PHX01,c160:177:37,dpu-gg1-b2-r177-us-west-02b,SN2201,swp19,,,,,US-PHX01,c160:187:26,c160-r187-node-01-us-west-02b,gpu-h100-04,dpu,,,,,CAT6a,,,,,,,,,,,,,,
LLDP:  Passed,US-PHX01,c160:177:37,dpu-gg1-b2-r177-us-west-02b,SN2201,swp20,,,,,US-PHX01,c160:187:12,c160-r187-node-02-us-west-02b,gpu-h100-04,dpu,,,,,CAT6a,,,,,,,,,,,,,,
,,,,,,,,,,,,,,,,,,,,,,,,,,,,,,,,,
,,,,,,,,,,,,,,,,,,,,,,,,,,,,,,,,,
,,,,,,,,,,,,,,,,,,,,,,,,,,,,,,,,,
,,,,,,,,,,,,,,,,,,,,,,,,,,,,,,,,,
,,,,,,,,,,,,,,,,,,,,,,,,,,,,,,,,,
C160 :: ROW-13 :: H100's,,,,,,,,,,,,,,,,,,,,,,,,,,,,,,,,,
LLDP:  Passed,US-PHX01,c160:193:42,t0-gg1-b3-01-r193-us-west-02b,SN4700,swp1,c160:193:41,1:A:1,QSFPDD-400G-DR4,,US-PHX01,c160:194:26,c160-r194-node-01-us-west-02b,gpu-h100-04,eth0,,,,QSFP-100G-DR1,LC-to-LC SMF,,,,,,,,,,,,,,
LLDP:  Passed,US-PHX01,c160:193:42,t0-gg1-b3-01-r193-us-west-02b,SN4700,swp1,c160:193:41,1:A:2,QSFPDD-400G-DR4,,US-PHX01,c160:194:12,c160-r194-node-02-us-west-02b,gpu-h100-04,eth0,,,,QSFP-100G-DR1,LC-to-LC SMF,,,,,,,,,,,,,,
LLDP:  Passed,US-PHX01,c160:193:42,t0-gg1-b3-01-r193-us-west-02b,SN4700,swp1,c160:193:41,1:A:3,QSFPDD-400G-DR4,,US-PHX01,c160:195:26,c160-r195-node-01-us-west-02b,gpu-h100-04,eth0,,,,QSFP-100G-DR1,LC-to-LC SMF,,,,,,,,,,,,,,
LLDP:  Passed,US-PHX01,c160:193:42,t0-gg1-b3-01-r193-us-west-02b,SN4700,swp1,c160:193:41,1:A:4,QSFPDD-400G-DR4,,US-PHX01,c160:195:12,c160-r195-node-02-us-west-02b,gpu-h100-04,eth0,,,,QSFP-100G-DR1,LC-to-LC SMF,,,,,,,,,,,,,,
LLDP:  Passed,US-PHX01,c160:193:42,t0-gg1-b3-01-r193-us-west-02b,SN4700,swp2,c160:193:41,1:B:1,QSFPDD-400G-DR4,,US-PHX01,c160:196:26,c160-r196-node-01-us-west-02b,gpu-h100-04,eth0,,,,QSFP-100G-DR1,LC-to-LC SMF,,,,,,,,,,,,,,
LLDP:  Passed,US-PHX01,c160:193:42,t0-gg1-b3-01-r193-us-west-02b,SN4700,swp2,c160:193:41,1:B:2,QSFPDD-400G-DR4,,US-PHX01,c160:196:12,c160-r196-node-02-us-west-02b,gpu-h100-04,eth0,,,,QSFP-100G-DR1,LC-to-LC SMF,,,,,,,,,,,,,,
LLDP:  Passed,US-PHX01,c160:193:42,t0-gg1-b3-01-r193-us-west-02b,SN4700,swp2,c160:193:41,1:B:3,QSFPDD-400G-DR4,,US-PHX01,c160:197:26,c160-r197-node-01-us-west-02b,gpu-h100-04,eth0,,,,QSFP-100G-DR1,LC-to-LC SMF,,,,,,,,,,,,,,
LLDP:  Passed,US-PHX01,c160:193:42,t0-gg1-b3-01-r193-us-west-02b,SN4700,swp2,c160:193:41,1:B:4,QSFPDD-400G-DR4,,US-PHX01,c160:197:12,c160-r197-node-02-us-west-02b,gpu-h100-04,eth0,,,,QSFP-100G-DR1,LC-to-LC SMF,,,,,,,,,,,,,,
LLDP:  Passed,US-PHX01,c160:193:42,t0-gg1-b3-01-r193-us-west-02b,SN4700,swp3,c160:193:41,2:A:1,QSFPDD-400G-DR4,,US-PHX01,c160:198:26,c160-r198-node-01-us-west-02b,gpu-h100-04,eth0,,,,QSFP-100G-DR1,LC-to-LC SMF,,,,,,,,,,,,,,
LLDP:  Passed,US-PHX01,c160:193:42,t0-gg1-b3-01-r193-us-west-02b,SN4700,swp3,c160:193:41,2:A:2,QSFPDD-400G-DR4,,US-PHX01,c160:198:12,c160-r198-node-02-us-west-02b,gpu-h100-04,eth0,,,,QSFP-100G-DR1,LC-to-LC SMF,,,,,,,,,,,,,,
LLDP:  Passed,US-PHX01,c160:193:42,t0-gg1-b3-01-r193-us-west-02b,SN4700,swp3,c160:193:41,2:A:3,QSFPDD-400G-DR4,,US-PHX01,c160:199:26,c160-r199-node-01-us-west-02b,gpu-h100-04,eth0,,,,QSFP-100G-DR1,LC-to-LC SMF,,,,,,,,,,,,,,
LLDP:  Passed,US-PHX01,c160:193:42,t0-gg1-b3-01-r193-us-west-02b,SN4700,swp3,c160:193:41,2:A:4,QSFPDD-400G-DR4,,US-PHX01,c160:199:12,c160-r199-node-02-us-west-02b,gpu-h100-04,eth0,,,,QSFP-100G-DR1,LC-to-LC SMF,,,,,,,,,,,,,,
LLDP:  Passed,US-PHX01,c160:193:42,t0-gg1-b3-01-r193-us-west-02b,SN4700,swp4,c160:193:41,2:B:1,QSFPDD-400G-DR4,,US-PHX01,c160:200:26,c160-r200-node-01-us-west-02b,gpu-h100-04,eth0,,,,QSFP-100G-DR1,LC-to-LC SMF,,,,,,,,,,,,,,
LLDP:  Passed,US-PHX01,c160:193:42,t0-gg1-b3-01-r193-us-west-02b,SN4700,swp4,c160:193:41,2:B:2,QSFPDD-400G-DR4,,US-PHX01,c160:200:12,c160-r200-node-02-us-west-02b,gpu-h100-04,eth0,,,,QSFP-100G-DR1,LC-to-LC SMF,,,,,,,,,,,,,,
LLDP:  Passed,US-PHX01,c160:193:42,t0-gg1-b3-01-r193-us-west-02b,SN4700,swp4,c160:193:41,2:B:3,QSFPDD-400G-DR4,,US-PHX01,c160:201:26,c160-r201-node-01-us-west-02b,gpu-h100-04,eth0,,,,QSFP-100G-DR1,LC-to-LC SMF,,,,,,,,,,,,,,
LLDP:  Passed,US-PHX01,c160:193:42,t0-gg1-b3-01-r193-us-west-02b,SN4700,swp4,c160:193:41,2:B:4,QSFPDD-400G-DR4,,US-PHX01,c160:201:12,c160-r201-node-02-us-west-02b,gpu-h100-04,eth0,,,,QSFP-100G-DR1,LC-to-LC SMF,,,,,,,,,,,,,,
,,,,,,,,,,,,,,,,,,,,,,,,,,,,,,,,,
LLDP:  Passed,US-PHX01,c160:193:40,t0-gg1-b3-02-r193-us-west-02b,SN4700,swp1,c160:139:39,1:A:1,QSFPDD-400G-DR4,,US-PHX01,c160:194:26,c160-r194-node-01-us-west-02b,gpu-h100-04,eth1,,,,QSFP-100G-DR1,LC-to-LC SMF,,,,,,,,,,,,,,
LLDP:  Passed,US-PHX01,c160:193:40,t0-gg1-b3-02-r193-us-west-02b,SN4700,swp1,c160:139:39,1:A:2,QSFPDD-400G-DR4,,US-PHX01,c160:194:12,c160-r194-node-02-us-west-02b,gpu-h100-04,eth1,,,,QSFP-100G-DR1,LC-to-LC SMF,,,,,,,,,,,,,,
LLDP:  Passed,US-PHX01,c160:193:40,t0-gg1-b3-02-r193-us-west-02b,SN4700,swp1,c160:139:39,1:A:3,QSFPDD-400G-DR4,,US-PHX01,c160:195:26,c160-r195-node-01-us-west-02b,gpu-h100-04,eth1,,,,QSFP-100G-DR1,LC-to-LC SMF,,,,,,,,,,,,,,
LLDP:  Passed,US-PHX01,c160:193:40,t0-gg1-b3-02-r193-us-west-02b,SN4700,swp1,c160:139:39,1:A:4,QSFPDD-400G-DR4,,US-PHX01,c160:195:12,c160-r195-node-02-us-west-02b,gpu-h100-04,eth1,,,,QSFP-100G-DR1,LC-to-LC SMF,,,,,,,,,,,,,,
LLDP:  Passed,US-PHX01,c160:193:40,t0-gg1-b3-02-r193-us-west-02b,SN4700,swp2,c160:139:39,1:B:1,QSFPDD-400G-DR4,,US-PHX01,c160:196:26,c160-r196-node-01-us-west-02b,gpu-h100-04,eth1,,,,QSFP-100G-DR1,LC-to-LC SMF,,,,,,,,,,,,,,
LLDP:  Passed,US-PHX01,c160:193:40,t0-gg1-b3-02-r193-us-west-02b,SN4700,swp2,c160:139:39,1:B:2,QSFPDD-400G-DR4,,US-PHX01,c160:196:12,c160-r196-node-02-us-west-02b,gpu-h100-04,eth1,,,,QSFP-100G-DR1,LC-to-LC SMF,,,,,,,,,,,,,,
LLDP:  Passed,US-PHX01,c160:193:40,t0-gg1-b3-02-r193-us-west-02b,SN4700,swp2,c160:139:39,1:B:3,QSFPDD-400G-DR4,,US-PHX01,c160:197:26,c160-r197-node-01-us-west-02b,gpu-h100-04,eth1,,,,QSFP-100G-DR1,LC-to-LC SMF,,,,,,,,,,,,,,
LLDP:  Passed,US-PHX01,c160:193:40,t0-gg1-b3-02-r193-us-west-02b,SN4700,swp2,c160:139:39,1:B:4,QSFPDD-400G-DR4,,US-PHX01,c160:197:12,c160-r197-node-02-us-west-02b,gpu-h100-04,eth1,,,,QSFP-100G-DR1,LC-to-LC SMF,,,,,,,,,,,,,,
LLDP:  Passed,US-PHX01,c160:193:40,t0-gg1-b3-02-r193-us-west-02b,SN4700,swp3,c160:139:39,2:A:1,QSFPDD-400G-DR4,,US-PHX01,c160:198:26,c160-r198-node-01-us-west-02b,gpu-h100-04,eth1,,,,QSFP-100G-DR1,LC-to-LC SMF,,,,,,,,,,,,,,
LLDP:  Passed,US-PHX01,c160:193:40,t0-gg1-b3-02-r193-us-west-02b,SN4700,swp3,c160:139:39,2:A:2,QSFPDD-400G-DR4,,US-PHX01,c160:198:12,c160-r198-node-02-us-west-02b,gpu-h100-04,eth1,,,,QSFP-100G-DR1,LC-to-LC SMF,,,,,,,,,,,,,,
LLDP:  Passed,US-PHX01,c160:193:40,t0-gg1-b3-02-r193-us-west-02b,SN4700,swp3,c160:139:39,2:A:3,QSFPDD-400G-DR4,,US-PHX01,c160:199:26,c160-r199-node-01-us-west-02b,gpu-h100-04,eth1,,,,QSFP-100G-DR1,LC-to-LC SMF,,,,,,,,,,,,,,
LLDP:  Passed,US-PHX01,c160:193:40,t0-gg1-b3-02-r193-us-west-02b,SN4700,swp3,c160:139:39,2:A:4,QSFPDD-400G-DR4,,US-PHX01,c160:199:12,c160-r199-node-02-us-west-02b,gpu-h100-04,eth1,,,,QSFP-100G-DR1,LC-to-LC SMF,,,,,,,,,,,,,,
LLDP:  Passed,US-PHX01,c160:193:40,t0-gg1-b3-02-r193-us-west-02b,SN4700,swp4,c160:139:39,2:B:1,QSFPDD-400G-DR4,,US-PHX01,c160:200:26,c160-r200-node-01-us-west-02b,gpu-h100-04,eth1,,,,QSFP-100G-DR1,LC-to-LC SMF,,,,,,,,,,,,,,
LLDP:  Passed,US-PHX01,c160:193:40,t0-gg1-b3-02-r193-us-west-02b,SN4700,swp4,c160:139:39,2:B:2,QSFPDD-400G-DR4,,US-PHX01,c160:200:12,c160-r200-node-02-us-west-02b,gpu-h100-04,eth1,,,,QSFP-100G-DR1,LC-to-LC SMF,,,,,,,,,,,,,,
LLDP:  Passed,US-PHX01,c160:193:40,t0-gg1-b3-02-r193-us-west-02b,SN4700,swp4,c160:139:39,2:B:3,QSFPDD-400G-DR4,,US-PHX01,c160:201:26,c160-r201-node-01-us-west-02b,gpu-h100-04,eth1,,,,QSFP-100G-DR1,LC-to-LC SMF,,,,,,,,,,,,,,
LLDP:  Passed,US-PHX01,c160:193:40,t0-gg1-b3-02-r193-us-west-02b,SN4700,swp4,c160:139:39,2:B:4,QSFPDD-400G-DR4,,US-PHX01,c160:201:12,c160-r201-node-02-us-west-02b,gpu-h100-04,eth1,,,,QSFP-100G-DR1,LC-to-LC SMF,,,,,,,,,,,,,,
,,,,,,,,,,,,,,,,,,,,,,,,,,,,,,,,,
LLDP:  Passed,US-PHX01,c160:193:18,ipmi-gg1-b3-r193-us-west-02b,SN2201,swp1,,,,,US-PHX01,c160:194:26,c160-r194-node-01-us-west-02b,gpu-h100-04,ipmi,,,,,CAT6a,,,,,,,,,,,,,,
LLDP:  Passed,US-PHX01,c160:193:18,ipmi-gg1-b3-r193-us-west-02b,SN2201,swp2,,,,,US-PHX01,c160:194:12,c160-r194-node-02-us-west-02b,gpu-h100-04,ipmi,,,,,CAT6a,,,,,,,,,,,,,,
LLDP:  Passed,US-PHX01,c160:193:18,ipmi-gg1-b3-r193-us-west-02b,SN2201,swp3,,,,,US-PHX01,c160:195:26,c160-r195-node-01-us-west-02b,gpu-h100-04,ipmi,,,,,CAT6a,,,,,,,,,,,,,,
LLDP:  Passed,US-PHX01,c160:193:18,ipmi-gg1-b3-r193-us-west-02b,SN2201,swp4,,,,,US-PHX01,c160:195:12,c160-r195-node-02-us-west-02b,gpu-h100-04,ipmi,,,,,CAT6a,,,,,,,,,,,,,,
LLDP:  Passed,US-PHX01,c160:193:18,ipmi-gg1-b3-r193-us-west-02b,SN2201,swp5,,,,,US-PHX01,c160:196:26,c160-r196-node-01-us-west-02b,gpu-h100-04,ipmi,,,,,CAT6a,,,,,,,,,,,,,,
LLDP:  Passed,US-PHX01,c160:193:18,ipmi-gg1-b3-r193-us-west-02b,SN2201,swp6,,,,,US-PHX01,c160:196:12,c160-r196-node-02-us-west-02b,gpu-h100-04,ipmi,,,,,CAT6a,,,,,,,,,,,,,,
LLDP:  Passed,US-PHX01,c160:193:18,ipmi-gg1-b3-r193-us-west-02b,SN2201,swp7,,,,,US-PHX01,c160:197:26,c160-r197-node-01-us-west-02b,gpu-h100-04,ipmi,,,,,CAT6a,,,,,,,,,,,,,,
LLDP:  Passed,US-PHX01,c160:193:18,ipmi-gg1-b3-r193-us-west-02b,SN2201,swp8,,,,,US-PHX01,c160:197:12,c160-r197-node-02-us-west-02b,gpu-h100-04,ipmi,,,,,CAT6a,,,,,,,,,,,,,,
LLDP:  Passed,US-PHX01,c160:193:18,ipmi-gg1-b3-r193-us-west-02b,SN2201,swp9,,,,,US-PHX01,c160:198:26,c160-r198-node-01-us-west-02b,gpu-h100-04,ipmi,,,,,CAT6a,,,,,,,,,,,,,,
LLDP:  Passed,US-PHX01,c160:193:18,ipmi-gg1-b3-r193-us-west-02b,SN2201,swp10,,,,,US-PHX01,c160:198:12,c160-r198-node-02-us-west-02b,gpu-h100-04,ipmi,,,,,CAT6a,,,,,,,,,,,,,,
LLDP:  Passed,US-PHX01,c160:193:18,ipmi-gg1-b3-r193-us-west-02b,SN2201,swp11,,,,,US-PHX01,c160:199:26,c160-r199-node-01-us-west-02b,gpu-h100-04,ipmi,,,,,CAT6a,,,,,,,,,,,,,,
LLDP:  Passed,US-PHX01,c160:193:18,ipmi-gg1-b3-r193-us-west-02b,SN2201,swp12,,,,,US-PHX01,c160:199:12,c160-r199-node-02-us-west-02b,gpu-h100-04,ipmi,,,,,CAT6a,,,,,,,,,,,,,,
LLDP:  Passed,US-PHX01,c160:193:18,ipmi-gg1-b3-r193-us-west-02b,SN2201,swp13,,,,,US-PHX01,c160:200:26,c160-r200-node-01-us-west-02b,gpu-h100-04,ipmi,,,,,CAT6a,,,,,,,,,,,,,,
LLDP:  Passed,US-PHX01,c160:193:18,ipmi-gg1-b3-r193-us-west-02b,SN2201,swp14,,,,,US-PHX01,c160:200:12,c160-r200-node-02-us-west-02b,gpu-h100-04,ipmi,,,,,CAT6a,,,,,,,,,,,,,,
LLDP:  Passed,US-PHX01,c160:193:18,ipmi-gg1-b3-r193-us-west-02b,SN2201,swp15,,,,,US-PHX01,c160:201:26,c160-r201-node-01-us-west-02b,gpu-h100-04,ipmi,,,,,CAT6a,,,,,,,,,,,,,,
LLDP:  Passed,US-PHX01,c160:193:18,ipmi-gg1-b3-r193-us-west-02b,SN2201,swp16,,,,,US-PHX01,c160:201:12,c160-r201-node-02-us-west-02b,gpu-h100-04,ipmi,,,,,CAT6a,,,,,,,,,,,,,,
,,,,,,,,,,,,,,,,,,,,,,,,,,,,,,,,,
LLDP:  Passed,US-PHX01,c160:193:16,dpu-gg1-b3-r193-us-west-02b,SN2201,swp1,,,,,US-PHX01,c160:194:26,c160-r194-node-01-us-west-02b,gpu-h100-04,dpu,,,,,CAT6a,,,,,,,,,,,,,,
LLDP:  Passed,US-PHX01,c160:193:16,dpu-gg1-b3-r193-us-west-02b,SN2201,swp2,,,,,US-PHX01,c160:194:12,c160-r194-node-02-us-west-02b,gpu-h100-04,dpu,,,,,CAT6a,,,,,,,,,,,,,,
LLDP:  Passed,US-PHX01,c160:193:16,dpu-gg1-b3-r193-us-west-02b,SN2201,swp3,,,,,US-PHX01,c160:195:26,c160-r195-node-01-us-west-02b,gpu-h100-04,dpu,,,,,CAT6a,,,,,,,,,,,,,,
LLDP:  Passed,US-PHX01,c160:193:16,dpu-gg1-b3-r193-us-west-02b,SN2201,swp4,,,,,US-PHX01,c160:195:12,c160-r195-node-02-us-west-02b,gpu-h100-04,dpu,,,,,CAT6a,,,,,,,,,,,,,,
LLDP:  Passed,US-PHX01,c160:193:16,dpu-gg1-b3-r193-us-west-02b,SN2201,swp5,,,,,US-PHX01,c160:196:26,c160-r196-node-01-us-west-02b,gpu-h100-04,dpu,,,,,CAT6a,,,,,,,,,,,,,,
LLDP:  Passed,US-PHX01,c160:193:16,dpu-gg1-b3-r193-us-west-02b,SN2201,swp6,,,,,US-PHX01,c160:196:12,c160-r196-node-02-us-west-02b,gpu-h100-04,dpu,,,,,CAT6a,,,,,,,,,,,,,,
LLDP:  Passed,US-PHX01,c160:193:16,dpu-gg1-b3-r193-us-west-02b,SN2201,swp7,,,,,US-PHX01,c160:197:26,c160-r197-node-01-us-west-02b,gpu-h100-04,dpu,,,,,CAT6a,,,,,,,,,,,,,,
LLDP:  Passed,US-PHX01,c160:193:16,dpu-gg1-b3-r193-us-west-02b,SN2201,swp8,,,,,US-PHX01,c160:197:12,c160-r197-node-02-us-west-02b,gpu-h100-04,dpu,,,,,CAT6a,,,,,,,,,,,,,,
LLDP:  Passed,US-PHX01,c160:193:16,dpu-gg1-b3-r193-us-west-02b,SN2201,swp9,,,,,US-PHX01,c160:198:26,c160-r198-node-01-us-west-02b,gpu-h100-04,dpu,,,,,CAT6a,,,,,,,,,,,,,,
LLDP:  Passed,US-PHX01,c160:193:16,dpu-gg1-b3-r193-us-west-02b,SN2201,swp10,,,,,US-PHX01,c160:198:12,c160-r198-node-02-us-west-02b,gpu-h100-04,dpu,,,,,CAT6a,,,,,,,,,,,,,,
LLDP:  Passed,US-PHX01,c160:193:16,dpu-gg1-b3-r193-us-west-02b,SN2201,swp11,,,,,US-PHX01,c160:199:26,c160-r199-node-01-us-west-02b,gpu-h100-04,dpu,,,,,CAT6a,,,,,,,,,,,,,,
LLDP:  Passed,US-PHX01,c160:193:16,dpu-gg1-b3-r193-us-west-02b,SN2201,swp12,,,,,US-PHX01,c160:199:12,c160-r199-node-02-us-west-02b,gpu-h100-04,dpu,,,,,CAT6a,,,,,,,,,,,,,,
LLDP:  Passed,US-PHX01,c160:193:16,dpu-gg1-b3-r193-us-west-02b,SN2201,swp13,,,,,US-PHX01,c160:200:26,c160-r200-node-01-us-west-02b,gpu-h100-04,dpu,,,,,CAT6a,,,,,,,,,,,,,,
LLDP:  Passed,US-PHX01,c160:193:16,dpu-gg1-b3-r193-us-west-02b,SN2201,swp14,,,,,US-PHX01,c160:200:12,c160-r200-node-02-us-west-02b,gpu-h100-04,dpu,,,,,CAT6a,,,,,,,,,,,,,,
LLDP:  Passed,US-PHX01,c160:193:16,dpu-gg1-b3-r193-us-west-02b,SN2201,swp15,,,,,US-PHX01,c160:201:26,c160-r201-node-01-us-west-02b,gpu-h100-04,dpu,,,,,CAT6a,,,,,,,,,,,,,,
LLDP:  Passed,US-PHX01,c160:193:16,dpu-gg1-b3-r193-us-west-02b,SN2201,swp16,,,,,US-PHX01,c160:201:12,c160-r201-node-02-us-west-02b,gpu-h100-04,dpu,,,,,CAT6a,,,,,,,,,,,,,,
,,,,,,,,,,,,,,,,,,,,,,,,,,,,,,,,,
,,,,,,,,,,,,,,,,,,,,,,,,,,,,,,,,,
C160 :: ROW-14 :: H100's,,,,,,,,,,,,,,,,,,,,,,,,,,,,,,,,,
LLDP:  Passed,US-PHX01,c160:209:44,t0-gg1-b3-01-r209-us-west-02b,SN4700,swp1,c160:209:43,1:A:1,QSFPDD-400G-DR4,,US-PHX01,c160:210:26,c160-r210-node-01-us-west-02b,gpu-h100-04,eth0,,,,QSFP-100G-DR1,LC-to-LC SMF,,,,,,,,,,,,,,
LLDP:  Passed,US-PHX01,c160:209:44,t0-gg1-b3-01-r209-us-west-02b,SN4700,swp1,c160:209:43,1:A:2,QSFPDD-400G-DR4,,US-PHX01,c160:210:12,c160-r210-node-02-us-west-02b,gpu-h100-04,eth0,,,,QSFP-100G-DR1,LC-to-LC SMF,,,,,,,,,,,,,,
LLDP:  Passed,US-PHX01,c160:209:44,t0-gg1-b3-01-r209-us-west-02b,SN4700,swp1,c160:209:43,1:A:3,QSFPDD-400G-DR4,,US-PHX01,c160:211:26,c160-r211-node-01-us-west-02b,gpu-h100-04,eth0,,,,QSFP-100G-DR1,LC-to-LC SMF,,,,,,,,,,,,,,
LLDP:  Passed,US-PHX01,c160:209:44,t0-gg1-b3-01-r209-us-west-02b,SN4700,swp1,c160:209:43,1:A:4,QSFPDD-400G-DR4,,US-PHX01,c160:211:12,c160-r211-node-02-us-west-02b,gpu-h100-04,eth0,,,,QSFP-100G-DR1,LC-to-LC SMF,,,,,,,,,,,,,,
LLDP:  Passed,US-PHX01,c160:209:44,t0-gg1-b3-01-r209-us-west-02b,SN4700,swp2,c160:209:43,1:B:1,QSFPDD-400G-DR4,,US-PHX01,c160:212:26,c160-r212-node-01-us-west-02b,gpu-h100-04,eth0,,,,QSFP-100G-DR1,LC-to-LC SMF,,,,,,,,,,,,,,
LLDP:  Passed,US-PHX01,c160:209:44,t0-gg1-b3-01-r209-us-west-02b,SN4700,swp2,c160:209:43,1:B:2,QSFPDD-400G-DR4,,US-PHX01,c160:212:12,c160-r212-node-02-us-west-02b,gpu-h100-04,eth0,,,,QSFP-100G-DR1,LC-to-LC SMF,,,,,,,,,,,,,,
LLDP:  Passed,US-PHX01,c160:209:44,t0-gg1-b3-01-r209-us-west-02b,SN4700,swp2,c160:209:43,1:B:3,QSFPDD-400G-DR4,,US-PHX01,c160:213:26,c160-r213-node-01-us-west-02b,gpu-h100-04,eth0,,,,QSFP-100G-DR1,LC-to-LC SMF,,,,,,,,,,,,,,
LLDP:  Passed,US-PHX01,c160:209:44,t0-gg1-b3-01-r209-us-west-02b,SN4700,swp2,c160:209:43,1:B:4,QSFPDD-400G-DR4,,US-PHX01,c160:213:12,c160-r213-node-02-us-west-02b,gpu-h100-04,eth0,,,,QSFP-100G-DR1,LC-to-LC SMF,,,,,,,,,,,,,,
LLDP:  Passed,US-PHX01,c160:209:44,t0-gg1-b3-01-r209-us-west-02b,SN4700,swp3,c160:209:43,2:A:1,QSFPDD-400G-DR4,,US-PHX01,c160:214:26,c160-r214-node-01-us-west-02b,gpu-h100-04,eth0,,,,QSFP-100G-DR1,LC-to-LC SMF,,,,,,,,,,,,,,
LLDP:  Passed,US-PHX01,c160:209:44,t0-gg1-b3-01-r209-us-west-02b,SN4700,swp3,c160:209:43,2:A:2,QSFPDD-400G-DR4,,US-PHX01,c160:214:12,c160-r214-node-02-us-west-02b,gpu-h100-04,eth0,,,,QSFP-100G-DR1,LC-to-LC SMF,,,,,,,,,,,,,,
LLDP:  Passed,US-PHX01,c160:209:44,t0-gg1-b3-01-r209-us-west-02b,SN4700,swp3,c160:209:43,2:A:3,QSFPDD-400G-DR4,,US-PHX01,c160:215:26,c160-r215-node-01-us-west-02b,gpu-h100-04,eth0,,,,QSFP-100G-DR1,LC-to-LC SMF,,,,,,,,,,,,,,
LLDP:  Passed,US-PHX01,c160:209:44,t0-gg1-b3-01-r209-us-west-02b,SN4700,swp3,c160:209:43,2:A:4,QSFPDD-400G-DR4,,US-PHX01,c160:215:12,c160-r215-node-02-us-west-02b,gpu-h100-04,eth0,,,,QSFP-100G-DR1,LC-to-LC SMF,,,,,,,,,,,,,,
LLDP:  Passed,US-PHX01,c160:209:44,t0-gg1-b3-01-r209-us-west-02b,SN4700,swp4,c160:209:43,2:B:1,QSFPDD-400G-DR4,,US-PHX01,c160:216:26,c160-r216-node-01-us-west-02b,gpu-h100-04,eth0,,,,QSFP-100G-DR1,LC-to-LC SMF,,,,,,,,,,,,,,
LLDP:  Passed,US-PHX01,c160:209:44,t0-gg1-b3-01-r209-us-west-02b,SN4700,swp4,c160:209:43,2:B:2,QSFPDD-400G-DR4,,US-PHX01,c160:216:12,c160-r216-node-02-us-west-02b,gpu-h100-04,eth0,,,,QSFP-100G-DR1,LC-to-LC SMF,,,,,,,,,,,,,,
LLDP:  Passed,US-PHX01,c160:209:44,t0-gg1-b3-01-r209-us-west-02b,SN4700,swp4,c160:209:43,2:B:3,QSFPDD-400G-DR4,,US-PHX01,c160:217:26,c160-r217-node-01-us-west-02b,gpu-h100-04,eth0,,,,QSFP-100G-DR1,LC-to-LC SMF,,,,,,,,,,,,,,
LLDP:  Passed,US-PHX01,c160:209:44,t0-gg1-b3-01-r209-us-west-02b,SN4700,swp4,c160:209:43,2:B:4,QSFPDD-400G-DR4,,US-PHX01,c160:217:12,c160-r217-node-02-us-west-02b,gpu-h100-04,eth0,,,,QSFP-100G-DR1,LC-to-LC SMF,,,,,,,,,,,,,,
LLDP:  Passed,US-PHX01,c160:209:44,t0-gg1-b3-01-r209-us-west-02b,SN4700,swp5,c160:209:43,3:A:1,QSFPDD-400G-DR4,,US-PHX01,c160:218:26,c160-r218-node-01-us-west-02b,gpu-h100-04,eth0,,,,QSFP-100G-DR1,LC-to-LC SMF,,,,,,,,,,,,,,
LLDP:  Passed,US-PHX01,c160:209:44,t0-gg1-b3-01-r209-us-west-02b,SN4700,swp5,c160:209:43,3:A:2,QSFPDD-400G-DR4,,US-PHX01,c160:218:12,c160-r218-node-02-us-west-02b,gpu-h100-04,eth0,,,,QSFP-100G-DR1,LC-to-LC SMF,,,,,,,,,,,,,,
LLDP:  Passed,US-PHX01,c160:209:44,t0-gg1-b3-01-r209-us-west-02b,SN4700,swp5,c160:209:43,3:A:3,QSFPDD-400G-DR4,,US-PHX01,c160:219:26,c160-r219-node-01-us-west-02b,gpu-h100-04,eth0,,,,QSFP-100G-DR1,LC-to-LC SMF,,,,,,,,,,,,,,
LLDP:  Passed,US-PHX01,c160:209:44,t0-gg1-b3-01-r209-us-west-02b,SN4700,swp5,c160:209:43,3:A:4,QSFPDD-400G-DR4,,US-PHX01,c160:219:12,c160-r219-node-02-us-west-02b,gpu-h100-04,eth0,,,,QSFP-100G-DR1,LC-to-LC SMF,,,,,,,,,,,,,,
,,,,,,,,,,,,,,,,,,,,,,,,,,,,,,,,,
,,,,,,,,,,,,,,,,,,,,,,,,,,,,,,,,,
,,,,,,,,,,,,,,,,,,,,,,,,,,,,,,,,,
LLDP:  Passed,US-PHX01,c160:209:42,t0-gg1-b3-02-r209-us-west-02b,SN4700,swp1,c160:209:41,1:A:1,QSFPDD-400G-DR4,,US-PHX01,c160:210:26,c160-r210-node-01-us-west-02b,gpu-h100-04,eth1,,,,QSFP-100G-DR1,LC-to-LC SMF,,,,,,,,,,,,,,
LLDP:  Passed,US-PHX01,c160:209:42,t0-gg1-b3-02-r209-us-west-02b,SN4700,swp1,c160:209:41,1:A:2,QSFPDD-400G-DR4,,US-PHX01,c160:210:12,c160-r210-node-02-us-west-02b,gpu-h100-04,eth1,,,,QSFP-100G-DR1,LC-to-LC SMF,,,,,,,,,,,,,,
LLDP:  Passed,US-PHX01,c160:209:42,t0-gg1-b3-02-r209-us-west-02b,SN4700,swp1,c160:209:41,1:A:3,QSFPDD-400G-DR4,,US-PHX01,c160:211:26,c160-r211-node-01-us-west-02b,gpu-h100-04,eth1,,,,QSFP-100G-DR1,LC-to-LC SMF,,,,,,,,,,,,,,
LLDP:  Passed,US-PHX01,c160:209:42,t0-gg1-b3-02-r209-us-west-02b,SN4700,swp1,c160:209:41,1:A:4,QSFPDD-400G-DR4,,US-PHX01,c160:211:12,c160-r211-node-02-us-west-02b,gpu-h100-04,eth1,,,,QSFP-100G-DR1,LC-to-LC SMF,,,,,,,,,,,,,,
LLDP:  Passed,US-PHX01,c160:209:42,t0-gg1-b3-02-r209-us-west-02b,SN4700,swp2,c160:209:41,1:B:1,QSFPDD-400G-DR4,,US-PHX01,c160:212:26,c160-r212-node-01-us-west-02b,gpu-h100-04,eth1,,,,QSFP-100G-DR1,LC-to-LC SMF,,,,,,,,,,,,,,
LLDP:  Passed,US-PHX01,c160:209:42,t0-gg1-b3-02-r209-us-west-02b,SN4700,swp2,c160:209:41,1:B:2,QSFPDD-400G-DR4,,US-PHX01,c160:212:12,c160-r212-node-02-us-west-02b,gpu-h100-04,eth1,,,,QSFP-100G-DR1,LC-to-LC SMF,,,,,,,,,,,,,,
LLDP:  Passed,US-PHX01,c160:209:42,t0-gg1-b3-02-r209-us-west-02b,SN4700,swp2,c160:209:41,1:B:3,QSFPDD-400G-DR4,,US-PHX01,c160:213:26,c160-r213-node-01-us-west-02b,gpu-h100-04,eth1,,,,QSFP-100G-DR1,LC-to-LC SMF,,,,,,,,,,,,,,
LLDP:  Passed,US-PHX01,c160:209:42,t0-gg1-b3-02-r209-us-west-02b,SN4700,swp2,c160:209:41,1:B:4,QSFPDD-400G-DR4,,US-PHX01,c160:213:12,c160-r213-node-02-us-west-02b,gpu-h100-04,eth1,,,,QSFP-100G-DR1,LC-to-LC SMF,,,,,,,,,,,,,,
LLDP:  Passed,US-PHX01,c160:209:42,t0-gg1-b3-02-r209-us-west-02b,SN4700,swp3,c160:209:41,2:A:1,QSFPDD-400G-DR4,,US-PHX01,c160:214:26,c160-r214-node-01-us-west-02b,gpu-h100-04,eth1,,,,QSFP-100G-DR1,LC-to-LC SMF,,,,,,,,,,,,,,
LLDP:  Passed,US-PHX01,c160:209:42,t0-gg1-b3-02-r209-us-west-02b,SN4700,swp3,c160:209:41,2:A:2,QSFPDD-400G-DR4,,US-PHX01,c160:214:12,c160-r214-node-02-us-west-02b,gpu-h100-04,eth1,,,,QSFP-100G-DR1,LC-to-LC SMF,,,,,,,,,,,,,,
LLDP:  Passed,US-PHX01,c160:209:42,t0-gg1-b3-02-r209-us-west-02b,SN4700,swp3,c160:209:41,2:A:3,QSFPDD-400G-DR4,,US-PHX01,c160:215:26,c160-r215-node-01-us-west-02b,gpu-h100-04,eth1,,,,QSFP-100G-DR1,LC-to-LC SMF,,,,,,,,,,,,,,
LLDP:  Passed,US-PHX01,c160:209:42,t0-gg1-b3-02-r209-us-west-02b,SN4700,swp3,c160:209:41,2:A:4,QSFPDD-400G-DR4,,US-PHX01,c160:215:12,c160-r215-node-02-us-west-02b,gpu-h100-04,eth1,,,,QSFP-100G-DR1,LC-to-LC SMF,,,,,,,,,,,,,,
LLDP:  Passed,US-PHX01,c160:209:42,t0-gg1-b3-02-r209-us-west-02b,SN4700,swp4,c160:209:41,2:B:1,QSFPDD-400G-DR4,,US-PHX01,c160:216:26,c160-r216-node-01-us-west-02b,gpu-h100-04,eth1,,,,QSFP-100G-DR1,LC-to-LC SMF,,,,,,,,,,,,,,
LLDP:  Passed,US-PHX01,c160:209:42,t0-gg1-b3-02-r209-us-west-02b,SN4700,swp4,c160:209:41,2:B:2,QSFPDD-400G-DR4,,US-PHX01,c160:216:12,c160-r216-node-02-us-west-02b,gpu-h100-04,eth1,,,,QSFP-100G-DR1,LC-to-LC SMF,,,,,,,,,,,,,,
LLDP:  Passed,US-PHX01,c160:209:42,t0-gg1-b3-02-r209-us-west-02b,SN4700,swp4,c160:209:41,2:B:3,QSFPDD-400G-DR4,,US-PHX01,c160:217:26,c160-r217-node-01-us-west-02b,gpu-h100-04,eth1,,,,QSFP-100G-DR1,LC-to-LC SMF,,,,,,,,,,,,,,
LLDP:  Passed,US-PHX01,c160:209:42,t0-gg1-b3-02-r209-us-west-02b,SN4700,swp4,c160:209:41,2:B:4,QSFPDD-400G-DR4,,US-PHX01,c160:217:12,c160-r217-node-02-us-west-02b,gpu-h100-04,eth1,,,,QSFP-100G-DR1,LC-to-LC SMF,,,,,,,,,,,,,,
LLDP:  Passed,US-PHX01,c160:209:42,t0-gg1-b3-02-r209-us-west-02b,SN4700,swp5,c160:209:41,3:A:1,QSFPDD-400G-DR4,,US-PHX01,c160:218:26,c160-r218-node-01-us-west-02b,gpu-h100-04,eth1,,,,QSFP-100G-DR1,LC-to-LC SMF,,,,,,,,,,,,,,
LLDP:  Passed,US-PHX01,c160:209:42,t0-gg1-b3-02-r209-us-west-02b,SN4700,swp5,c160:209:41,3:A:2,QSFPDD-400G-DR4,,US-PHX01,c160:218:12,c160-r218-node-02-us-west-02b,gpu-h100-04,eth1,,,,QSFP-100G-DR1,LC-to-LC SMF,,,,,,,,,,,,,,
LLDP:  Passed,US-PHX01,c160:209:42,t0-gg1-b3-02-r209-us-west-02b,SN4700,swp5,c160:209:41,3:A:3,QSFPDD-400G-DR4,,US-PHX01,c160:219:26,c160-r219-node-01-us-west-02b,gpu-h100-04,eth1,,,,QSFP-100G-DR1,LC-to-LC SMF,,,,,,,,,,,,,,
LLDP:  Passed,US-PHX01,c160:209:42,t0-gg1-b3-02-r209-us-west-02b,SN4700,swp5,c160:209:41,3:A:4,QSFPDD-400G-DR4,,US-PHX01,c160:219:12,c160-r219-node-02-us-west-02b,gpu-h100-04,eth1,,,,QSFP-100G-DR1,LC-to-LC SMF,,,,,,,,,,,,,,
,,,,,,,,,,,,,,,,,,,,,,,,,,,,,,,,,
,,,,,,,,,,,,,,,,,,,,,,,,,,,,,,,,,
,,,,,,,,,,,,,,,,,,,,,,,,,,,,,,,,,
LLDP:  Passed,US-PHX01,c160:209:39,ipmi-gg1-b3-r209-us-west-02b,SN2201,swp1,,,,,US-PHX01,c160:210:26,c160-r210-node-01-us-west-02b,gpu-h100-04,ipmi,,,,,CAT6a,,,,,,,,,,,,,,
LLDP:  Passed,US-PHX01,c160:209:39,ipmi-gg1-b3-r209-us-west-02b,SN2201,swp2,,,,,US-PHX01,c160:210:12,c160-r210-node-02-us-west-02b,gpu-h100-04,ipmi,,,,,CAT6a,,,,,,,,,,,,,,
LLDP:  Passed,US-PHX01,c160:209:39,ipmi-gg1-b3-r209-us-west-02b,SN2201,swp3,,,,,US-PHX01,c160:211:26,c160-r211-node-01-us-west-02b,gpu-h100-04,ipmi,,,,,CAT6a,,,,,,,,,,,,,,
LLDP:  Passed,US-PHX01,c160:209:39,ipmi-gg1-b3-r209-us-west-02b,SN2201,swp4,,,,,US-PHX01,c160:211:12,c160-r211-node-02-us-west-02b,gpu-h100-04,ipmi,,,,,CAT6a,,,,,,,,,,,,,,
LLDP:  Passed,US-PHX01,c160:209:39,ipmi-gg1-b3-r209-us-west-02b,SN2201,swp5,,,,,US-PHX01,c160:212:26,c160-r212-node-01-us-west-02b,gpu-h100-04,ipmi,,,,,CAT6a,,,,,,,,,,,,,,
LLDP:  Passed,US-PHX01,c160:209:39,ipmi-gg1-b3-r209-us-west-02b,SN2201,swp6,,,,,US-PHX01,c160:212:12,c160-r212-node-02-us-west-02b,gpu-h100-04,ipmi,,,,,CAT6a,,,,,,,,,,,,,,
LLDP:  Passed,US-PHX01,c160:209:39,ipmi-gg1-b3-r209-us-west-02b,SN2201,swp7,,,,,US-PHX01,c160:213:26,c160-r213-node-01-us-west-02b,gpu-h100-04,ipmi,,,,,CAT6a,,,,,,,,,,,,,,
LLDP:  Passed,US-PHX01,c160:209:39,ipmi-gg1-b3-r209-us-west-02b,SN2201,swp8,,,,,US-PHX01,c160:213:12,c160-r213-node-02-us-west-02b,gpu-h100-04,ipmi,,,,,CAT6a,,,,,,,,,,,,,,
LLDP:  Passed,US-PHX01,c160:209:39,ipmi-gg1-b3-r209-us-west-02b,SN2201,swp9,,,,,US-PHX01,c160:214:26,c160-r214-node-01-us-west-02b,gpu-h100-04,ipmi,,,,,CAT6a,,,,,,,,,,,,,,
LLDP:  Passed,US-PHX01,c160:209:39,ipmi-gg1-b3-r209-us-west-02b,SN2201,swp10,,,,,US-PHX01,c160:214:12,c160-r214-node-02-us-west-02b,gpu-h100-04,ipmi,,,,,CAT6a,,,,,,,,,,,,,,
LLDP:  Passed,US-PHX01,c160:209:39,ipmi-gg1-b3-r209-us-west-02b,SN2201,swp11,,,,,US-PHX01,c160:215:26,c160-r215-node-01-us-west-02b,gpu-h100-04,ipmi,,,,,CAT6a,,,,,,,,,,,,,,
LLDP:  Passed,US-PHX01,c160:209:39,ipmi-gg1-b3-r209-us-west-02b,SN2201,swp12,,,,,US-PHX01,c160:215:12,c160-r215-node-02-us-west-02b,gpu-h100-04,ipmi,,,,,CAT6a,,,,,,,,,,,,,,
LLDP:  Passed,US-PHX01,c160:209:39,ipmi-gg1-b3-r209-us-west-02b,SN2201,swp13,,,,,US-PHX01,c160:216:26,c160-r216-node-01-us-west-02b,gpu-h100-04,ipmi,,,,,CAT6a,,,,,,,,,,,,,,
LLDP:  Passed,US-PHX01,c160:209:39,ipmi-gg1-b3-r209-us-west-02b,SN2201,swp14,,,,,US-PHX01,c160:216:12,c160-r216-node-02-us-west-02b,gpu-h100-04,ipmi,,,,,CAT6a,,,,,,,,,,,,,,
LLDP:  Passed,US-PHX01,c160:209:39,ipmi-gg1-b3-r209-us-west-02b,SN2201,swp15,,,,,US-PHX01,c160:217:26,c160-r217-node-01-us-west-02b,gpu-h100-04,ipmi,,,,,CAT6a,,,,,,,,,,,,,,
LLDP:  Passed,US-PHX01,c160:209:39,ipmi-gg1-b3-r209-us-west-02b,SN2201,swp16,,,,,US-PHX01,c160:217:12,c160-r217-node-02-us-west-02b,gpu-h100-04,ipmi,,,,,CAT6a,,,,,,,,,,,,,,
LLDP:  Passed,US-PHX01,c160:209:39,ipmi-gg1-b3-r209-us-west-02b,SN2201,swp17,,,,,US-PHX01,c160:218:26,c160-r218-node-01-us-west-02b,gpu-h100-04,ipmi,,,,,CAT6a,,,,,,,,,,,,,,
LLDP:  Passed,US-PHX01,c160:209:39,ipmi-gg1-b3-r209-us-west-02b,SN2201,swp18,,,,,US-PHX01,c160:218:12,c160-r218-node-02-us-west-02b,gpu-h100-04,ipmi,,,,,CAT6a,,,,,,,,,,,,,,
LLDP:  Passed,US-PHX01,c160:209:39,ipmi-gg1-b3-r209-us-west-02b,SN2201,swp19,,,,,US-PHX01,c160:219:26,c160-r219-node-01-us-west-02b,gpu-h100-04,ipmi,,,,,CAT6a,,,,,,,,,,,,,,
LLDP:  Passed,US-PHX01,c160:209:39,ipmi-gg1-b3-r209-us-west-02b,SN2201,swp20,,,,,US-PHX01,c160:219:12,c160-r219-node-02-us-west-02b,gpu-h100-04,ipmi,,,,,CAT6a,,,,,,,,,,,,,,
,,,,,,,,,,,,,,,,,,,,,,,,,,,,,,,,,
,,,,,,,,,,,,,,,,,,,,,,,,,,,,,,,,,
,,,,,,,,,,,,,,,,,,,,,,,,,,,,,,,,,
,,,,,,,,,,,,,,,,,,,,,,,,,,,,,,,,,
LLDP:  Passed,US-PHX01,c160:209:37,dpu-gg1-b3-r209-us-west-02b,SN2201,swp1,,,,,US-PHX01,c160:210:26,c160-r210-node-01-us-west-02b,gpu-h100-04,dpu,,,,,CAT6a,,,,,,,,,,,,,,
LLDP:  Passed,US-PHX01,c160:209:37,dpu-gg1-b3-r209-us-west-02b,SN2201,swp2,,,,,US-PHX01,c160:210:12,c160-r210-node-02-us-west-02b,gpu-h100-04,dpu,,,,,CAT6a,,,,,,,,,,,,,,
LLDP:  Passed,US-PHX01,c160:209:37,dpu-gg1-b3-r209-us-west-02b,SN2201,swp3,,,,,US-PHX01,c160:211:26,c160-r211-node-01-us-west-02b,gpu-h100-04,dpu,,,,,CAT6a,,,,,,,,,,,,,,
LLDP:  Passed,US-PHX01,c160:209:37,dpu-gg1-b3-r209-us-west-02b,SN2201,swp4,,,,,US-PHX01,c160:211:12,c160-r211-node-02-us-west-02b,gpu-h100-04,dpu,,,,,CAT6a,,,,,,,,,,,,,,
LLDP:  Passed,US-PHX01,c160:209:37,dpu-gg1-b3-r209-us-west-02b,SN2201,swp5,,,,,US-PHX01,c160:212:26,c160-r212-node-01-us-west-02b,gpu-h100-04,dpu,,,,,CAT6a,,,,,,,,,,,,,,
LLDP:  Passed,US-PHX01,c160:209:37,dpu-gg1-b3-r209-us-west-02b,SN2201,swp6,,,,,US-PHX01,c160:212:12,c160-r212-node-02-us-west-02b,gpu-h100-04,dpu,,,,,CAT6a,,,,,,,,,,,,,,
LLDP:  Passed,US-PHX01,c160:209:37,dpu-gg1-b3-r209-us-west-02b,SN2201,swp7,,,,,US-PHX01,c160:213:26,c160-r213-node-01-us-west-02b,gpu-h100-04,dpu,,,,,CAT6a,,,,,,,,,,,,,,
LLDP:  Passed,US-PHX01,c160:209:37,dpu-gg1-b3-r209-us-west-02b,SN2201,swp8,,,,,US-PHX01,c160:213:12,c160-r213-node-02-us-west-02b,gpu-h100-04,dpu,,,,,CAT6a,,,,,,,,,,,,,,
LLDP:  Passed,US-PHX01,c160:209:37,dpu-gg1-b3-r209-us-west-02b,SN2201,swp9,,,,,US-PHX01,c160:214:26,c160-r214-node-01-us-west-02b,gpu-h100-04,dpu,,,,,CAT6a,,,,,,,,,,,,,,
LLDP:  Passed,US-PHX01,c160:209:37,dpu-gg1-b3-r209-us-west-02b,SN2201,swp10,,,,,US-PHX01,c160:214:12,c160-r214-node-02-us-west-02b,gpu-h100-04,dpu,,,,,CAT6a,,,,,,,,,,,,,,
LLDP:  Passed,US-PHX01,c160:209:37,dpu-gg1-b3-r209-us-west-02b,SN2201,swp11,,,,,US-PHX01,c160:215:26,c160-r215-node-01-us-west-02b,gpu-h100-04,dpu,,,,,CAT6a,,,,,,,,,,,,,,
LLDP:  Passed,US-PHX01,c160:209:37,dpu-gg1-b3-r209-us-west-02b,SN2201,swp12,,,,,US-PHX01,c160:215:12,c160-r215-node-02-us-west-02b,gpu-h100-04,dpu,,,,,CAT6a,,,,,,,,,,,,,,
LLDP:  Passed,US-PHX01,c160:209:37,dpu-gg1-b3-r209-us-west-02b,SN2201,swp13,,,,,US-PHX01,c160:216:26,c160-r216-node-01-us-west-02b,gpu-h100-04,dpu,,,,,CAT6a,,,,,,,,,,,,,,
LLDP:  Passed,US-PHX01,c160:209:37,dpu-gg1-b3-r209-us-west-02b,SN2201,swp14,,,,,US-PHX01,c160:216:12,c160-r216-node-02-us-west-02b,gpu-h100-04,dpu,,,,,CAT6a,,,,,,,,,,,,,,
LLDP:  Passed,US-PHX01,c160:209:37,dpu-gg1-b3-r209-us-west-02b,SN2201,swp15,,,,,US-PHX01,c160:217:26,c160-r217-node-01-us-west-02b,gpu-h100-04,dpu,,,,,CAT6a,,,,,,,,,,,,,,
LLDP:  Passed,US-PHX01,c160:209:37,dpu-gg1-b3-r209-us-west-02b,SN2201,swp16,,,,,US-PHX01,c160:217:12,c160-r217-node-02-us-west-02b,gpu-h100-04,dpu,,,,,CAT6a,,,,,,,,,,,,,,
LLDP:  Passed,US-PHX01,c160:209:37,dpu-gg1-b3-r209-us-west-02b,SN2201,swp17,,,,,US-PHX01,c160:218:26,c160-r218-node-01-us-west-02b,gpu-h100-04,dpu,,,,,CAT6a,,,,,,,,,,,,,,
LLDP:  Passed,US-PHX01,c160:209:37,dpu-gg1-b3-r209-us-west-02b,SN2201,swp18,,,,,US-PHX01,c160:218:12,c160-r218-node-02-us-west-02b,gpu-h100-04,dpu,,,,,CAT6a,,,,,,,,,,,,,,
LLDP:  Passed,US-PHX01,c160:209:37,dpu-gg1-b3-r209-us-west-02b,SN2201,swp19,,,,,US-PHX01,c160:219:26,c160-r219-node-01-us-west-02b,gpu-h100-04,dpu,,,,,CAT6a,,,,,,,,,,,,,,
LLDP:  Passed,US-PHX01,c160:209:37,dpu-gg1-b3-r209-us-west-02b,SN2201,swp20,,,,,US-PHX01,c160:219:12,c160-r219-node-02-us-west-02b,gpu-h100-04,dpu,,,,,CAT6a,,,,,,,,,,,,,,
,,,,,,,,,,,,,,,,,,,,,,,,,,,,,,,,,
,,,,,,,,,,,,,,,,,,,,,,,,,,,,,,,,,
,,,,,,,,,,,,,,,,,,,,,,,,,,,,,,,,,
,,,,,,,,,,,,,,,,,,,,,,,,,,,,,,,,,
C160 :: ROW-15 :: H100's,,,,,,,,,,,,,,,,,,,,,,,,,,,,,,,,,
LLDP:  Passed,US-PHX01,c160:225:42,t0-gg1-b3-01-r225-us-west-02b,SN4700,swp1,c1260:011:41,1:A:1,QSFPDD-400G-DR4,,US-PHX01,c160:226:26,c160-r226-node-01-us-west-02b,gpu-h100-04,eth0,,,,QSFP-100G-DR1,LC-to-LC SMF,,,,,,,,,,,,,,
LLDP:  Passed,US-PHX01,c160:225:42,t0-gg1-b3-01-r225-us-west-02b,SN4700,swp1,c1260:011:41,1:A:2,QSFPDD-400G-DR4,,US-PHX01,c160:226:12,c160-r226-node-02-us-west-02b,gpu-h100-04,eth0,,,,QSFP-100G-DR1,LC-to-LC SMF,,,,,,,,,,,,,,
LLDP:  Passed,US-PHX01,c160:225:42,t0-gg1-b3-01-r225-us-west-02b,SN4700,swp1,c1260:011:41,1:A:3,QSFPDD-400G-DR4,,US-PHX01,c160:227:26,c160-r227-node-01-us-west-02b,gpu-h100-04,eth0,,,,QSFP-100G-DR1,LC-to-LC SMF,,,,,,,,,,,,,,
LLDP:  Passed,US-PHX01,c160:225:42,t0-gg1-b3-01-r225-us-west-02b,SN4700,swp1,c1260:011:41,1:A:4,QSFPDD-400G-DR4,,US-PHX01,c160:227:12,c160-r227-node-02-us-west-02b,gpu-h100-04,eth0,,,,QSFP-100G-DR1,LC-to-LC SMF,,,,,,,,,,,,,,
LLDP:  Passed,US-PHX01,c160:225:42,t0-gg1-b3-01-r225-us-west-02b,SN4700,swp2,c1260:011:41,1:B:1,QSFPDD-400G-DR4,,US-PHX01,c160:228:26,c160-r228-node-01-us-west-02b,gpu-h100-04,eth0,,,,QSFP-100G-DR1,LC-to-LC SMF,,,,,,,,,,,,,,
LLDP:  Passed,US-PHX01,c160:225:42,t0-gg1-b3-01-r225-us-west-02b,SN4700,swp2,c1260:011:41,1:B:2,QSFPDD-400G-DR4,,US-PHX01,c160:228:12,c160-r228-node-02-us-west-02b,gpu-h100-04,eth0,,,,QSFP-100G-DR1,LC-to-LC SMF,,,,,,,,,,,,,,
LLDP:  Passed,US-PHX01,c160:225:42,t0-gg1-b3-01-r225-us-west-02b,SN4700,swp2,c1260:011:41,1:B:3,QSFPDD-400G-DR4,,US-PHX01,c160:229:26,c160-r229-node-01-us-west-02b,gpu-h100-04,eth0,,,,QSFP-100G-DR1,LC-to-LC SMF,,,,,,,,,,,,,,
LLDP:  Passed,US-PHX01,c160:225:42,t0-gg1-b3-01-r225-us-west-02b,SN4700,swp2,c1260:011:41,1:B:4,QSFPDD-400G-DR4,,US-PHX01,c160:229:12,c160-r229-node-02-us-west-02b,gpu-h100-04,eth0,,,,QSFP-100G-DR1,LC-to-LC SMF,,,,,,,,,,,,,,
LLDP:  Passed,US-PHX01,c160:225:42,t0-gg1-b3-01-r225-us-west-02b,SN4700,swp3,c1260:011:41,2:A:1,QSFPDD-400G-DR4,,US-PHX01,c160:230:26,c160-r230-node-01-us-west-02b,gpu-h100-04,eth0,,,,QSFP-100G-DR1,LC-to-LC SMF,,,,,,,,,,,,,,
LLDP:  Passed,US-PHX01,c160:225:42,t0-gg1-b3-01-r225-us-west-02b,SN4700,swp3,c1260:011:41,2:A:2,QSFPDD-400G-DR4,,US-PHX01,c160:230:12,c160-r230-node-02-us-west-02b,gpu-h100-04,eth0,,,,QSFP-100G-DR1,LC-to-LC SMF,,,,,,,,,,,,,,
LLDP:  Passed,US-PHX01,c160:225:42,t0-gg1-b3-01-r225-us-west-02b,SN4700,swp3,c1260:011:41,2:A:3,QSFPDD-400G-DR4,,US-PHX01,c160:231:26,c160-r231-node-01-us-west-02b,gpu-h100-04,eth0,,,,QSFP-100G-DR1,LC-to-LC SMF,,,,,,,,,,,,,,
LLDP:  Passed,US-PHX01,c160:225:42,t0-gg1-b3-01-r225-us-west-02b,SN4700,swp3,c1260:011:41,2:A:4,QSFPDD-400G-DR4,,US-PHX01,c160:231:12,c160-r231-node-02-us-west-02b,gpu-h100-04,eth0,,,,QSFP-100G-DR1,LC-to-LC SMF,,,,,,,,,,,,,,
LLDP:  Passed,US-PHX01,c160:225:42,t0-gg1-b3-01-r225-us-west-02b,SN4700,swp4,c1260:011:41,2:B:1,QSFPDD-400G-DR4,,US-PHX01,c160:232:26,c160-r232-node-01-us-west-02b,gpu-h100-04,eth0,,,,QSFP-100G-DR1,LC-to-LC SMF,,,,,,,,,,,,,,
LLDP:  Passed,US-PHX01,c160:225:42,t0-gg1-b3-01-r225-us-west-02b,SN4700,swp4,c1260:011:41,2:B:2,QSFPDD-400G-DR4,,US-PHX01,c160:232:12,c160-r232-node-02-us-west-02b,gpu-h100-04,eth0,,,,QSFP-100G-DR1,LC-to-LC SMF,,,,,,,,,,,,,,
LLDP:  Passed,US-PHX01,c160:225:42,t0-gg1-b3-01-r225-us-west-02b,SN4700,swp4,c1260:011:41,2:B:3,QSFPDD-400G-DR4,,US-PHX01,c160:233:26,c160-r233-node-01-us-west-02b,gpu-h100-04,eth0,,,,QSFP-100G-DR1,LC-to-LC SMF,,,,,,,,,,,,,,
LLDP:  Passed,US-PHX01,c160:225:42,t0-gg1-b3-01-r225-us-west-02b,SN4700,swp4,c1260:011:41,2:B:4,QSFPDD-400G-DR4,,US-PHX01,c160:233:12,c160-r233-node-02-us-west-02b,gpu-h100-04,eth0,,,,QSFP-100G-DR1,LC-to-LC SMF,,,,,,,,,,,,,,
,,,,,,,,,,,,,,,,,,,,,,,,,,,,,,,,,
LLDP:  Failed,US-PHX01,c160:225:40,t0-gg1-b3-02-r225-us-west-02b,SN4700,swp1,c1260:011:39,1:A:1,QSFPDD-400G-DR4,,US-PHX01,c160:226:26,c160-r226-node-01-us-west-02b,gpu-h100-04,eth1,,,,QSFP-100G-DR1,LC-to-LC SMF,,,,,,,,,,,,,,
LLDP:  Failed,US-PHX01,c160:225:40,t0-gg1-b3-02-r225-us-west-02b,SN4700,swp1,c1260:011:39,1:A:2,QSFPDD-400G-DR4,,US-PHX01,c160:226:12,c160-r226-node-02-us-west-02b,gpu-h100-04,eth1,,,,QSFP-100G-DR1,LC-to-LC SMF,,,,,,,,,,,,,,
LLDP:  Failed,US-PHX01,c160:225:40,t0-gg1-b3-02-r225-us-west-02b,SN4700,swp1,c1260:011:39,1:A:3,QSFPDD-400G-DR4,,US-PHX01,c160:227:26,c160-r227-node-01-us-west-02b,gpu-h100-04,eth1,,,,QSFP-100G-DR1,LC-to-LC SMF,,,,,,,,,,,,,,
LLDP:  Failed,US-PHX01,c160:225:40,t0-gg1-b3-02-r225-us-west-02b,SN4700,swp1,c1260:011:39,1:A:4,QSFPDD-400G-DR4,,US-PHX01,c160:227:12,c160-r227-node-02-us-west-02b,gpu-h100-04,eth1,,,,QSFP-100G-DR1,LC-to-LC SMF,,,,,,,,,,,,,,
LLDP:  Passed,US-PHX01,c160:225:40,t0-gg1-b3-02-r225-us-west-02b,SN4700,swp2,c1260:011:39,1:B:1,QSFPDD-400G-DR4,,US-PHX01,c160:228:26,c160-r228-node-01-us-west-02b,gpu-h100-04,eth1,,,,QSFP-100G-DR1,LC-to-LC SMF,,,,,,,,,,,,,,
LLDP:  Passed,US-PHX01,c160:225:40,t0-gg1-b3-02-r225-us-west-02b,SN4700,swp2,c1260:011:39,1:B:2,QSFPDD-400G-DR4,,US-PHX01,c160:228:12,c160-r228-node-02-us-west-02b,gpu-h100-04,eth1,,,,QSFP-100G-DR1,LC-to-LC SMF,,,,,,,,,,,,,,
LLDP:  Passed,US-PHX01,c160:225:40,t0-gg1-b3-02-r225-us-west-02b,SN4700,swp2,c1260:011:39,1:B:3,QSFPDD-400G-DR4,,US-PHX01,c160:229:26,c160-r229-node-01-us-west-02b,gpu-h100-04,eth1,,,,QSFP-100G-DR1,LC-to-LC SMF,,,,,,,,,,,,,,
LLDP:  Passed,US-PHX01,c160:225:40,t0-gg1-b3-02-r225-us-west-02b,SN4700,swp2,c1260:011:39,1:B:4,QSFPDD-400G-DR4,,US-PHX01,c160:229:12,c160-r229-node-02-us-west-02b,gpu-h100-04,eth1,,,,QSFP-100G-DR1,LC-to-LC SMF,,,,,,,,,,,,,,
LLDP:  Failed,US-PHX01,c160:225:40,t0-gg1-b3-02-r225-us-west-02b,SN4700,swp3,c1260:011:39,2:A:1,QSFPDD-400G-DR4,,US-PHX01,c160:230:26,c160-r230-node-01-us-west-02b,gpu-h100-04,eth1,,,,QSFP-100G-DR1,LC-to-LC SMF,,,,,,,,,,,,,,
LLDP:  Failed,US-PHX01,c160:225:40,t0-gg1-b3-02-r225-us-west-02b,SN4700,swp3,c1260:011:39,2:A:2,QSFPDD-400G-DR4,,US-PHX01,c160:230:12,c160-r230-node-02-us-west-02b,gpu-h100-04,eth1,,,,QSFP-100G-DR1,LC-to-LC SMF,,,,,,,,,,,,,,
LLDP:  Failed,US-PHX01,c160:225:40,t0-gg1-b3-02-r225-us-west-02b,SN4700,swp3,c1260:011:39,2:A:3,QSFPDD-400G-DR4,,US-PHX01,c160:231:26,c160-r231-node-01-us-west-02b,gpu-h100-04,eth1,,,,QSFP-100G-DR1,LC-to-LC SMF,,,,,,,,,,,,,,
LLDP:  Failed,US-PHX01,c160:225:40,t0-gg1-b3-02-r225-us-west-02b,SN4700,swp3,c1260:011:39,2:A:4,QSFPDD-400G-DR4,,US-PHX01,c160:231:12,c160-r231-node-02-us-west-02b,gpu-h100-04,eth1,,,,QSFP-100G-DR1,LC-to-LC SMF,,,,,,,,,,,,,,
LLDP:  Failed,US-PHX01,c160:225:40,t0-gg1-b3-02-r225-us-west-02b,SN4700,swp4,c1260:011:39,2:B:1,QSFPDD-400G-DR4,,US-PHX01,c160:232:26,c160-r232-node-01-us-west-02b,gpu-h100-04,eth1,,,,QSFP-100G-DR1,LC-to-LC SMF,,,,,,,,,,,,,,
LLDP:  Failed,US-PHX01,c160:225:40,t0-gg1-b3-02-r225-us-west-02b,SN4700,swp4,c1260:011:39,2:B:2,QSFPDD-400G-DR4,,US-PHX01,c160:232:12,c160-r232-node-02-us-west-02b,gpu-h100-04,eth1,,,,QSFP-100G-DR1,LC-to-LC SMF,,,,,,,,,,,,,,
LLDP:  Failed,US-PHX01,c160:225:40,t0-gg1-b3-02-r225-us-west-02b,SN4700,swp4,c1260:011:39,2:B:3,QSFPDD-400G-DR4,,US-PHX01,c160:233:26,c160-r233-node-01-us-west-02b,gpu-h100-04,eth1,,,,QSFP-100G-DR1,LC-to-LC SMF,,,,,,,,,,,,,,
LLDP:  Failed,US-PHX01,c160:225:40,t0-gg1-b3-02-r225-us-west-02b,SN4700,swp4,c1260:011:39,2:B:4,QSFPDD-400G-DR4,,US-PHX01,c160:233:12,c160-r233-node-02-us-west-02b,gpu-h100-04,eth1,,,,QSFP-100G-DR1,LC-to-LC SMF,,,,,,,,,,,,,,
,,,,,,,,,,,,,,,,,,,,,,,,,,,,,,,,,
LLDP:  Passed,US-PHX01,c160:225:18,ipmi-gg1-b3-r225-us-west-02b,SN2201,swp1,,,,,US-PHX01,c160:226:26,c160-r226-node-01-us-west-02b,gpu-h100-04,ipmi,,,,,CAT6a,,,,,,,,,,,,,,
LLDP:  Passed,US-PHX01,c160:225:18,ipmi-gg1-b3-r225-us-west-02b,SN2201,swp2,,,,,US-PHX01,c160:226:12,c160-r226-node-02-us-west-02b,gpu-h100-04,ipmi,,,,,CAT6a,,,,,,,,,,,,,,
LLDP:  Passed,US-PHX01,c160:225:18,ipmi-gg1-b3-r225-us-west-02b,SN2201,swp3,,,,,US-PHX01,c160:227:26,c160-r227-node-01-us-west-02b,gpu-h100-04,ipmi,,,,,CAT6a,,,,,,,,,,,,,,
LLDP:  Passed,US-PHX01,c160:225:18,ipmi-gg1-b3-r225-us-west-02b,SN2201,swp4,,,,,US-PHX01,c160:227:12,c160-r227-node-02-us-west-02b,gpu-h100-04,ipmi,,,,,CAT6a,,,,,,,,,,,,,,
LLDP:  Passed,US-PHX01,c160:225:18,ipmi-gg1-b3-r225-us-west-02b,SN2201,swp5,,,,,US-PHX01,c160:228:26,c160-r228-node-01-us-west-02b,gpu-h100-04,ipmi,,,,,CAT6a,,,,,,,,,,,,,,
LLDP:  Passed,US-PHX01,c160:225:18,ipmi-gg1-b3-r225-us-west-02b,SN2201,swp6,,,,,US-PHX01,c160:228:12,c160-r228-node-02-us-west-02b,gpu-h100-04,ipmi,,,,,CAT6a,,,,,,,,,,,,,,
LLDP:  Passed,US-PHX01,c160:225:18,ipmi-gg1-b3-r225-us-west-02b,SN2201,swp7,,,,,US-PHX01,c160:229:26,c160-r229-node-01-us-west-02b,gpu-h100-04,ipmi,,,,,CAT6a,,,,,,,,,,,,,,
LLDP:  Passed,US-PHX01,c160:225:18,ipmi-gg1-b3-r225-us-west-02b,SN2201,swp8,,,,,US-PHX01,c160:229:12,c160-r229-node-02-us-west-02b,gpu-h100-04,ipmi,,,,,CAT6a,,,,,,,,,,,,,,
LLDP:  Passed,US-PHX01,c160:225:18,ipmi-gg1-b3-r225-us-west-02b,SN2201,swp9,,,,,US-PHX01,c160:230:26,c160-r230-node-01-us-west-02b,gpu-h100-04,ipmi,,,,,CAT6a,,,,,,,,,,,,,,
LLDP:  Passed,US-PHX01,c160:225:18,ipmi-gg1-b3-r225-us-west-02b,SN2201,swp10,,,,,US-PHX01,c160:230:12,c160-r230-node-02-us-west-02b,gpu-h100-04,ipmi,,,,,CAT6a,,,,,,,,,,,,,,
LLDP:  Passed,US-PHX01,c160:225:18,ipmi-gg1-b3-r225-us-west-02b,SN2201,swp11,,,,,US-PHX01,c160:231:26,c160-r231-node-01-us-west-02b,gpu-h100-04,ipmi,,,,,CAT6a,,,,,,,,,,,,,,
LLDP:  Passed,US-PHX01,c160:225:18,ipmi-gg1-b3-r225-us-west-02b,SN2201,swp12,,,,,US-PHX01,c160:231:12,c160-r231-node-02-us-west-02b,gpu-h100-04,ipmi,,,,,CAT6a,,,,,,,,,,,,,,
LLDP:  Passed,US-PHX01,c160:225:18,ipmi-gg1-b3-r225-us-west-02b,SN2201,swp13,,,,,US-PHX01,c160:232:26,c160-r232-node-01-us-west-02b,gpu-h100-04,ipmi,,,,,CAT6a,,,,,,,,,,,,,,
LLDP:  Passed,US-PHX01,c160:225:18,ipmi-gg1-b3-r225-us-west-02b,SN2201,swp14,,,,,US-PHX01,c160:232:12,c160-r232-node-02-us-west-02b,gpu-h100-04,ipmi,,,,,CAT6a,,,,,,,,,,,,,,
LLDP:  Passed,US-PHX01,c160:225:18,ipmi-gg1-b3-r225-us-west-02b,SN2201,swp15,,,,,US-PHX01,c160:233:26,c160-r233-node-01-us-west-02b,gpu-h100-04,ipmi,,,,,CAT6a,,,,,,,,,,,,,,
LLDP:  Passed,US-PHX01,c160:225:18,ipmi-gg1-b3-r225-us-west-02b,SN2201,swp16,,,,,US-PHX01,c160:233:12,c160-r233-node-02-us-west-02b,gpu-h100-04,ipmi,,,,,CAT6a,,,,,,,,,,,,,,
,,,,,,,,,,,,,,,,,,,,,,,,,,,,,,,,,
LLDP:  Passed,US-PHX01,c160:225:16,dpu-gg1-b3-r225-us-west-02b,SN2201,swp1,,,,,US-PHX01,c160:226:26,c160-r226-node-01-us-west-02b,gpu-h100-04,dpu,,,,,CAT6a,,,,,,,,,,,,,,
LLDP:  Passed,US-PHX01,c160:225:16,dpu-gg1-b3-r225-us-west-02b,SN2201,swp2,,,,,US-PHX01,c160:226:12,c160-r226-node-02-us-west-02b,gpu-h100-04,dpu,,,,,CAT6a,,,,,,,,,,,,,,
LLDP:  Passed,US-PHX01,c160:225:16,dpu-gg1-b3-r225-us-west-02b,SN2201,swp3,,,,,US-PHX01,c160:227:26,c160-r227-node-01-us-west-02b,gpu-h100-04,dpu,,,,,CAT6a,,,,,,,,,,,,,,
LLDP:  Passed,US-PHX01,c160:225:16,dpu-gg1-b3-r225-us-west-02b,SN2201,swp4,,,,,US-PHX01,c160:227:12,c160-r227-node-02-us-west-02b,gpu-h100-04,dpu,,,,,CAT6a,,,,,,,,,,,,,,
LLDP:  Passed,US-PHX01,c160:225:16,dpu-gg1-b3-r225-us-west-02b,SN2201,swp5,,,,,US-PHX01,c160:228:26,c160-r228-node-01-us-west-02b,gpu-h100-04,dpu,,,,,CAT6a,,,,,,,,,,,,,,
LLDP:  Passed,US-PHX01,c160:225:16,dpu-gg1-b3-r225-us-west-02b,SN2201,swp6,,,,,US-PHX01,c160:228:12,c160-r228-node-02-us-west-02b,gpu-h100-04,dpu,,,,,CAT6a,,,,,,,,,,,,,,
LLDP:  Passed,US-PHX01,c160:225:16,dpu-gg1-b3-r225-us-west-02b,SN2201,swp7,,,,,US-PHX01,c160:229:26,c160-r229-node-01-us-west-02b,gpu-h100-04,dpu,,,,,CAT6a,,,,,,,,,,,,,,
LLDP:  Passed,US-PHX01,c160:225:16,dpu-gg1-b3-r225-us-west-02b,SN2201,swp8,,,,,US-PHX01,c160:229:12,c160-r229-node-02-us-west-02b,gpu-h100-04,dpu,,,,,CAT6a,,,,,,,,,,,,,,
LLDP:  Passed,US-PHX01,c160:225:16,dpu-gg1-b3-r225-us-west-02b,SN2201,swp9,,,,,US-PHX01,c160:230:26,c160-r230-node-01-us-west-02b,gpu-h100-04,dpu,,,,,CAT6a,,,,,,,,,,,,,,
LLDP:  Passed,US-PHX01,c160:225:16,dpu-gg1-b3-r225-us-west-02b,SN2201,swp10,,,,,US-PHX01,c160:230:12,c160-r230-node-02-us-west-02b,gpu-h100-04,dpu,,,,,CAT6a,,,,,,,,,,,,,,
LLDP:  Passed,US-PHX01,c160:225:16,dpu-gg1-b3-r225-us-west-02b,SN2201,swp11,,,,,US-PHX01,c160:231:26,c160-r231-node-01-us-west-02b,gpu-h100-04,dpu,,,,,CAT6a,,,,,,,,,,,,,,
LLDP:  Passed,US-PHX01,c160:225:16,dpu-gg1-b3-r225-us-west-02b,SN2201,swp12,,,,,US-PHX01,c160:231:12,c160-r231-node-02-us-west-02b,gpu-h100-04,dpu,,,,,CAT6a,,,,,,,,,,,,,,
LLDP:  Passed,US-PHX01,c160:225:16,dpu-gg1-b3-r225-us-west-02b,SN2201,swp13,,,,,US-PHX01,c160:232:26,c160-r232-node-01-us-west-02b,gpu-h100-04,dpu,,,,,CAT6a,,,,,,,,,,,,,,
LLDP:  Passed,US-PHX01,c160:225:16,dpu-gg1-b3-r225-us-west-02b,SN2201,swp14,,,,,US-PHX01,c160:232:12,c160-r232-node-02-us-west-02b,gpu-h100-04,dpu,,,,,CAT6a,,,,,,,,,,,,,,
LLDP:  Passed,US-PHX01,c160:225:16,dpu-gg1-b3-r225-us-west-02b,SN2201,swp15,,,,,US-PHX01,c160:233:26,c160-r233-node-01-us-west-02b,gpu-h100-04,dpu,,,,,CAT6a,,,,,,,,,,,,,,
LLDP:  Passed,US-PHX01,c160:225:16,dpu-gg1-b3-r225-us-west-02b,SN2201,swp16,,,,,US-PHX01,c160:233:12,c160-r233-node-02-us-west-02b,gpu-h100-04,dpu,,,,,CAT6a,,,,,,,,,,,,,,
,,,,,,,,,,,,,,,,,,,,,,,,,,,,,,,,,
,,,,,,,,,,,,,,,,,,,,,,,,,,,,,,,,,
C160 :: ROW-16 :: H100's,,,,,,,,,,,,,,,,,,,,,,,,,,,,,,,,,
LLDP:  Passed,US-PHX01,c160:241:42,t0-gg1-b3-01-r241-us-west-02b,SN4700,swp1,c1260:011:41,1:A:1,QSFPDD-400G-DR4,,US-PHX01,c160:242:26,c160-r242-node-01-us-west-02b,gpu-h100-04,eth0,,,,QSFP-100G-DR1,LC-to-LC SMF,,,,,,,,,,,,,,
LLDP:  Passed,US-PHX01,c160:241:42,t0-gg1-b3-01-r241-us-west-02b,SN4700,swp1,c1260:011:41,1:A:2,QSFPDD-400G-DR4,,US-PHX01,c160:242:12,c160-r242-node-02-us-west-02b,gpu-h100-04,eth0,,,,QSFP-100G-DR1,LC-to-LC SMF,,,,,,,,,,,,,,
LLDP:  Passed,US-PHX01,c160:241:42,t0-gg1-b3-01-r241-us-west-02b,SN4700,swp1,c1260:011:41,1:A:3,QSFPDD-400G-DR4,,US-PHX01,c160:243:26,c160-r243-node-01-us-west-02b,gpu-h100-04,eth0,,,,QSFP-100G-DR1,LC-to-LC SMF,,,,,,,,,,,,,,
LLDP:  Passed,US-PHX01,c160:241:42,t0-gg1-b3-01-r241-us-west-02b,SN4700,swp1,c1260:011:41,1:A:4,QSFPDD-400G-DR4,,US-PHX01,c160:243:12,c160-r243-node-02-us-west-02b,gpu-h100-04,eth0,,,,QSFP-100G-DR1,LC-to-LC SMF,,,,,,,,,,,,,,
LLDP:  Passed,US-PHX01,c160:241:42,t0-gg1-b3-01-r241-us-west-02b,SN4700,swp2,c1260:011:41,1:B:1,QSFPDD-400G-DR4,,US-PHX01,c160:244:26,c160-r244-node-01-us-west-02b,gpu-h100-04,eth0,,,,QSFP-100G-DR1,LC-to-LC SMF,,,,,,,,,,,,,,
LLDP:  Passed,US-PHX01,c160:241:42,t0-gg1-b3-01-r241-us-west-02b,SN4700,swp2,c1260:011:41,1:B:2,QSFPDD-400G-DR4,,US-PHX01,c160:244:12,c160-r244-node-02-us-west-02b,gpu-h100-04,eth0,,,,QSFP-100G-DR1,LC-to-LC SMF,,,,,,,,,,,,,,
LLDP:  Passed,US-PHX01,c160:241:42,t0-gg1-b3-01-r241-us-west-02b,SN4700,swp2,c1260:011:41,1:B:3,QSFPDD-400G-DR4,,US-PHX01,c160:245:26,c160-r245-node-01-us-west-02b,gpu-h100-04,eth0,,,,QSFP-100G-DR1,LC-to-LC SMF,,,,,,,,,,,,,,
LLDP:  Passed,US-PHX01,c160:241:42,t0-gg1-b3-01-r241-us-west-02b,SN4700,swp2,c1260:011:41,1:B:4,QSFPDD-400G-DR4,,US-PHX01,c160:245:12,c160-r245-node-02-us-west-02b,gpu-h100-04,eth0,,,,QSFP-100G-DR1,LC-to-LC SMF,,,,,,,,,,,,,,
LLDP:  Passed,US-PHX01,c160:241:42,t0-gg1-b3-01-r241-us-west-02b,SN4700,swp3,c1260:011:41,2:A:1,QSFPDD-400G-DR4,,US-PHX01,c160:246:26,c160-r246-node-01-us-west-02b,gpu-h100-04,eth0,,,,QSFP-100G-DR1,LC-to-LC SMF,,,,,,,,,,,,,,
LLDP:  Passed,US-PHX01,c160:241:42,t0-gg1-b3-01-r241-us-west-02b,SN4700,swp3,c1260:011:41,2:A:2,QSFPDD-400G-DR4,,US-PHX01,c160:246:12,c160-r246-node-02-us-west-02b,gpu-h100-04,eth0,,,,QSFP-100G-DR1,LC-to-LC SMF,,,,,,,,,,,,,,
LLDP:  Passed,US-PHX01,c160:241:42,t0-gg1-b3-01-r241-us-west-02b,SN4700,swp3,c1260:011:41,2:A:3,QSFPDD-400G-DR4,,US-PHX01,c160:247:26,c160-r247-node-01-us-west-02b,gpu-h100-04,eth0,,,,QSFP-100G-DR1,LC-to-LC SMF,,,,,,,,,,,,,,
LLDP:  Passed,US-PHX01,c160:241:42,t0-gg1-b3-01-r241-us-west-02b,SN4700,swp3,c1260:011:41,2:A:4,QSFPDD-400G-DR4,,US-PHX01,c160:247:12,c160-r247-node-02-us-west-02b,gpu-h100-04,eth0,,,,QSFP-100G-DR1,LC-to-LC SMF,,,,,,,,,,,,,,
LLDP:  Passed,US-PHX01,c160:241:42,t0-gg1-b3-01-r241-us-west-02b,SN4700,swp4,c1260:011:41,2:B:1,QSFPDD-400G-DR4,,US-PHX01,c160:248:26,c160-r248-node-01-us-west-02b,gpu-h100-04,eth0,,,,QSFP-100G-DR1,LC-to-LC SMF,,,,,,,,,,,,,,
LLDP:  Passed,US-PHX01,c160:241:42,t0-gg1-b3-01-r241-us-west-02b,SN4700,swp4,c1260:011:41,2:B:2,QSFPDD-400G-DR4,,US-PHX01,c160:248:12,c160-r248-node-02-us-west-02b,gpu-h100-04,eth0,,,,QSFP-100G-DR1,LC-to-LC SMF,,,,,,,,,,,,,,
LLDP:  Passed,US-PHX01,c160:241:42,t0-gg1-b3-01-r241-us-west-02b,SN4700,swp4,c1260:011:41,2:B:3,QSFPDD-400G-DR4,,US-PHX01,c160:249:26,c160-r249-node-01-us-west-02b,gpu-h100-04,eth0,,,,QSFP-100G-DR1,LC-to-LC SMF,,,,,,,,,,,,,,
LLDP:  Passed,US-PHX01,c160:241:42,t0-gg1-b3-01-r241-us-west-02b,SN4700,swp4,c1260:011:41,2:B:4,QSFPDD-400G-DR4,,US-PHX01,c160:249:12,c160-r249-node-02-us-west-02b,gpu-h100-04,eth0,,,,QSFP-100G-DR1,LC-to-LC SMF,,,,,,,,,,,,,,
,,,,,,,,,,,,,,,,,,,,,,,,,,,,,,,,,
LLDP:  Passed,US-PHX01,c160:241:40,t0-gg1-b3-02-r241-us-west-02b,SN4700,swp1,c1260:011:39,1:A:1,QSFPDD-400G-DR4,,US-PHX01,c160:242:26,c160-r242-node-01-us-west-02b,gpu-h100-04,eth1,,,,QSFP-100G-DR1,LC-to-LC SMF,,,,,,,,,,,,,,
LLDP:  Passed,US-PHX01,c160:241:40,t0-gg1-b3-02-r241-us-west-02b,SN4700,swp1,c1260:011:39,1:A:2,QSFPDD-400G-DR4,,US-PHX01,c160:242:12,c160-r242-node-02-us-west-02b,gpu-h100-04,eth1,,,,QSFP-100G-DR1,LC-to-LC SMF,,,,,,,,,,,,,,
LLDP:  Passed,US-PHX01,c160:241:40,t0-gg1-b3-02-r241-us-west-02b,SN4700,swp1,c1260:011:39,1:A:3,QSFPDD-400G-DR4,,US-PHX01,c160:243:26,c160-r243-node-01-us-west-02b,gpu-h100-04,eth1,,,,QSFP-100G-DR1,LC-to-LC SMF,,,,,,,,,,,,,,
LLDP:  Passed,US-PHX01,c160:241:40,t0-gg1-b3-02-r241-us-west-02b,SN4700,swp1,c1260:011:39,1:A:4,QSFPDD-400G-DR4,,US-PHX01,c160:243:12,c160-r243-node-02-us-west-02b,gpu-h100-04,eth1,,,,QSFP-100G-DR1,LC-to-LC SMF,,,,,,,,,,,,,,
LLDP:  Passed,US-PHX01,c160:241:40,t0-gg1-b3-02-r241-us-west-02b,SN4700,swp2,c1260:011:39,1:B:1,QSFPDD-400G-DR4,,US-PHX01,c160:244:26,c160-r244-node-01-us-west-02b,gpu-h100-04,eth1,,,,QSFP-100G-DR1,LC-to-LC SMF,,,,,,,,,,,,,,
LLDP:  Passed,US-PHX01,c160:241:40,t0-gg1-b3-02-r241-us-west-02b,SN4700,swp2,c1260:011:39,1:B:2,QSFPDD-400G-DR4,,US-PHX01,c160:244:12,c160-r244-node-02-us-west-02b,gpu-h100-04,eth1,,,,QSFP-100G-DR1,LC-to-LC SMF,,,,,,,,,,,,,,
LLDP:  Passed,US-PHX01,c160:241:40,t0-gg1-b3-02-r241-us-west-02b,SN4700,swp2,c1260:011:39,1:B:3,QSFPDD-400G-DR4,,US-PHX01,c160:245:26,c160-r245-node-01-us-west-02b,gpu-h100-04,eth1,,,,QSFP-100G-DR1,LC-to-LC SMF,,,,,,,,,,,,,,
LLDP:  Passed,US-PHX01,c160:241:40,t0-gg1-b3-02-r241-us-west-02b,SN4700,swp2,c1260:011:39,1:B:4,QSFPDD-400G-DR4,,US-PHX01,c160:245:12,c160-r245-node-02-us-west-02b,gpu-h100-04,eth1,,,,QSFP-100G-DR1,LC-to-LC SMF,,,,,,,,,,,,,,
LLDP:  Passed,US-PHX01,c160:241:40,t0-gg1-b3-02-r241-us-west-02b,SN4700,swp3,c1260:011:39,2:A:1,QSFPDD-400G-DR4,,US-PHX01,c160:246:26,c160-r246-node-01-us-west-02b,gpu-h100-04,eth1,,,,QSFP-100G-DR1,LC-to-LC SMF,,,,,,,,,,,,,,
LLDP:  Passed,US-PHX01,c160:241:40,t0-gg1-b3-02-r241-us-west-02b,SN4700,swp3,c1260:011:39,2:A:2,QSFPDD-400G-DR4,,US-PHX01,c160:246:12,c160-r246-node-02-us-west-02b,gpu-h100-04,eth1,,,,QSFP-100G-DR1,LC-to-LC SMF,,,,,,,,,,,,,,
LLDP:  Passed,US-PHX01,c160:241:40,t0-gg1-b3-02-r241-us-west-02b,SN4700,swp3,c1260:011:39,2:A:3,QSFPDD-400G-DR4,,US-PHX01,c160:247:26,c160-r247-node-01-us-west-02b,gpu-h100-04,eth1,,,,QSFP-100G-DR1,LC-to-LC SMF,,,,,,,,,,,,,,
LLDP:  Passed,US-PHX01,c160:241:40,t0-gg1-b3-02-r241-us-west-02b,SN4700,swp3,c1260:011:39,2:A:4,QSFPDD-400G-DR4,,US-PHX01,c160:247:12,c160-r247-node-02-us-west-02b,gpu-h100-04,eth1,,,,QSFP-100G-DR1,LC-to-LC SMF,,,,,,,,,,,,,,
LLDP:  Passed,US-PHX01,c160:241:40,t0-gg1-b3-02-r241-us-west-02b,SN4700,swp4,c1260:011:39,2:B:1,QSFPDD-400G-DR4,,US-PHX01,c160:248:26,c160-r248-node-01-us-west-02b,gpu-h100-04,eth1,,,,QSFP-100G-DR1,LC-to-LC SMF,,,,,,,,,,,,,,
LLDP:  Passed,US-PHX01,c160:241:40,t0-gg1-b3-02-r241-us-west-02b,SN4700,swp4,c1260:011:39,2:B:2,QSFPDD-400G-DR4,,US-PHX01,c160:248:12,c160-r248-node-02-us-west-02b,gpu-h100-04,eth1,,,,QSFP-100G-DR1,LC-to-LC SMF,,,,,,,,,,,,,,
LLDP:  Passed,US-PHX01,c160:241:40,t0-gg1-b3-02-r241-us-west-02b,SN4700,swp4,c1260:011:39,2:B:3,QSFPDD-400G-DR4,,US-PHX01,c160:249:26,c160-r249-node-01-us-west-02b,gpu-h100-04,eth1,,,,QSFP-100G-DR1,LC-to-LC SMF,,,,,,,,,,,,,,
LLDP:  Passed,US-PHX01,c160:241:40,t0-gg1-b3-02-r241-us-west-02b,SN4700,swp4,c1260:011:39,2:B:4,QSFPDD-400G-DR4,,US-PHX01,c160:249:12,c160-r249-node-02-us-west-02b,gpu-h100-04,eth1,,,,QSFP-100G-DR1,LC-to-LC SMF,,,,,,,,,,,,,,
,,,,,,,,,,,,,,,,,,,,,,,,,,,,,,,,,
LLDP:  Passed,US-PHX01,c160:241:18,ipmi-gg1-b3-r241-us-west-02b,SN2201,swp1,,,,,US-PHX01,c160:242:26,c160-r242-node-01-us-west-02b,gpu-h100-04,ipmi,,,,,CAT6a,,,,,,,,,,,,,,
LLDP:  Passed,US-PHX01,c160:241:18,ipmi-gg1-b3-r241-us-west-02b,SN2201,swp2,,,,,US-PHX01,c160:242:12,c160-r242-node-02-us-west-02b,gpu-h100-04,ipmi,,,,,CAT6a,,,,,,,,,,,,,,
LLDP:  Passed,US-PHX01,c160:241:18,ipmi-gg1-b3-r241-us-west-02b,SN2201,swp3,,,,,US-PHX01,c160:243:26,c160-r243-node-01-us-west-02b,gpu-h100-04,ipmi,,,,,CAT6a,,,,,,,,,,,,,,
LLDP:  Passed,US-PHX01,c160:241:18,ipmi-gg1-b3-r241-us-west-02b,SN2201,swp4,,,,,US-PHX01,c160:243:12,c160-r243-node-02-us-west-02b,gpu-h100-04,ipmi,,,,,CAT6a,,,,,,,,,,,,,,
LLDP:  Passed,US-PHX01,c160:241:18,ipmi-gg1-b3-r241-us-west-02b,SN2201,swp5,,,,,US-PHX01,c160:244:26,c160-r244-node-01-us-west-02b,gpu-h100-04,ipmi,,,,,CAT6a,,,,,,,,,,,,,,
LLDP:  Passed,US-PHX01,c160:241:18,ipmi-gg1-b3-r241-us-west-02b,SN2201,swp6,,,,,US-PHX01,c160:244:12,c160-r244-node-02-us-west-02b,gpu-h100-04,ipmi,,,,,CAT6a,,,,,,,,,,,,,,
LLDP:  Passed,US-PHX01,c160:241:18,ipmi-gg1-b3-r241-us-west-02b,SN2201,swp7,,,,,US-PHX01,c160:245:26,c160-r245-node-01-us-west-02b,gpu-h100-04,ipmi,,,,,CAT6a,,,,,,,,,,,,,,
LLDP:  Passed,US-PHX01,c160:241:18,ipmi-gg1-b3-r241-us-west-02b,SN2201,swp8,,,,,US-PHX01,c160:245:12,c160-r245-node-02-us-west-02b,gpu-h100-04,ipmi,,,,,CAT6a,,,,,,,,,,,,,,
LLDP:  Passed,US-PHX01,c160:241:18,ipmi-gg1-b3-r241-us-west-02b,SN2201,swp9,,,,,US-PHX01,c160:246:26,c160-r246-node-01-us-west-02b,gpu-h100-04,ipmi,,,,,CAT6a,,,,,,,,,,,,,,
LLDP:  Passed,US-PHX01,c160:241:18,ipmi-gg1-b3-r241-us-west-02b,SN2201,swp10,,,,,US-PHX01,c160:246:12,c160-r246-node-02-us-west-02b,gpu-h100-04,ipmi,,,,,CAT6a,,,,,,,,,,,,,,
LLDP:  Passed,US-PHX01,c160:241:18,ipmi-gg1-b3-r241-us-west-02b,SN2201,swp11,,,,,US-PHX01,c160:247:26,c160-r247-node-01-us-west-02b,gpu-h100-04,ipmi,,,,,CAT6a,,,,,,,,,,,,,,
LLDP:  Passed,US-PHX01,c160:241:18,ipmi-gg1-b3-r241-us-west-02b,SN2201,swp12,,,,,US-PHX01,c160:247:12,c160-r247-node-02-us-west-02b,gpu-h100-04,ipmi,,,,,CAT6a,,,,,,,,,,,,,,
LLDP:  Passed,US-PHX01,c160:241:18,ipmi-gg1-b3-r241-us-west-02b,SN2201,swp13,,,,,US-PHX01,c160:248:26,c160-r248-node-01-us-west-02b,gpu-h100-04,ipmi,,,,,CAT6a,,,,,,,,,,,,,,
LLDP:  Passed,US-PHX01,c160:241:18,ipmi-gg1-b3-r241-us-west-02b,SN2201,swp14,,,,,US-PHX01,c160:248:12,c160-r248-node-02-us-west-02b,gpu-h100-04,ipmi,,,,,CAT6a,,,,,,,,,,,,,,
LLDP:  Passed,US-PHX01,c160:241:18,ipmi-gg1-b3-r241-us-west-02b,SN2201,swp15,,,,,US-PHX01,c160:249:26,c160-r249-node-01-us-west-02b,gpu-h100-04,ipmi,,,,,CAT6a,,,,,,,,,,,,,,
LLDP:  Passed,US-PHX01,c160:241:18,ipmi-gg1-b3-r241-us-west-02b,SN2201,swp16,,,,,US-PHX01,c160:249:12,c160-r249-node-02-us-west-02b,gpu-h100-04,ipmi,,,,,CAT6a,,,,,,,,,,,,,,
,,,,,,,,,,,,,,,,,,,,,,,,,,,,,,,,,
LLDP:  Passed,US-PHX01,c160:241:16,dpu-gg1-b3-r241-us-west-02b,SN2201,swp1,,,,,US-PHX01,c160:242:26,c160-r242-node-01-us-west-02b,gpu-h100-04,dpu,,,,,CAT6a,,,,,,,,,,,,,,
LLDP:  Passed,US-PHX01,c160:241:16,dpu-gg1-b3-r241-us-west-02b,SN2201,swp2,,,,,US-PHX01,c160:242:12,c160-r242-node-02-us-west-02b,gpu-h100-04,dpu,,,,,CAT6a,,,,,,,,,,,,,,
LLDP:  Passed,US-PHX01,c160:241:16,dpu-gg1-b3-r241-us-west-02b,SN2201,swp3,,,,,US-PHX01,c160:243:26,c160-r243-node-01-us-west-02b,gpu-h100-04,dpu,,,,,CAT6a,,,,,,,,,,,,,,
LLDP:  Passed,US-PHX01,c160:241:16,dpu-gg1-b3-r241-us-west-02b,SN2201,swp4,,,,,US-PHX01,c160:243:12,c160-r243-node-02-us-west-02b,gpu-h100-04,dpu,,,,,CAT6a,,,,,,,,,,,,,,
LLDP:  Passed,US-PHX01,c160:241:16,dpu-gg1-b3-r241-us-west-02b,SN2201,swp5,,,,,US-PHX01,c160:244:26,c160-r244-node-01-us-west-02b,gpu-h100-04,dpu,,,,,CAT6a,,,,,,,,,,,,,,
LLDP:  Passed,US-PHX01,c160:241:16,dpu-gg1-b3-r241-us-west-02b,SN2201,swp6,,,,,US-PHX01,c160:244:12,c160-r244-node-02-us-west-02b,gpu-h100-04,dpu,,,,,CAT6a,,,,,,,,,,,,,,
LLDP:  Passed,US-PHX01,c160:241:16,dpu-gg1-b3-r241-us-west-02b,SN2201,swp7,,,,,US-PHX01,c160:245:26,c160-r245-node-01-us-west-02b,gpu-h100-04,dpu,,,,,CAT6a,,,,,,,,,,,,,,
LLDP:  Passed,US-PHX01,c160:241:16,dpu-gg1-b3-r241-us-west-02b,SN2201,swp8,,,,,US-PHX01,c160:245:12,c160-r245-node-02-us-west-02b,gpu-h100-04,dpu,,,,,CAT6a,,,,,,,,,,,,,,
LLDP:  Passed,US-PHX01,c160:241:16,dpu-gg1-b3-r241-us-west-02b,SN2201,swp9,,,,,US-PHX01,c160:246:26,c160-r246-node-01-us-west-02b,gpu-h100-04,dpu,,,,,CAT6a,,,,,,,,,,,,,,
LLDP:  Passed,US-PHX01,c160:241:16,dpu-gg1-b3-r241-us-west-02b,SN2201,swp10,,,,,US-PHX01,c160:246:12,c160-r246-node-02-us-west-02b,gpu-h100-04,dpu,,,,,CAT6a,,,,,,,,,,,,,,
LLDP:  Passed,US-PHX01,c160:241:16,dpu-gg1-b3-r241-us-west-02b,SN2201,swp11,,,,,US-PHX01,c160:247:26,c160-r247-node-01-us-west-02b,gpu-h100-04,dpu,,,,,CAT6a,,,,,,,,,,,,,,
LLDP:  Passed,US-PHX01,c160:241:16,dpu-gg1-b3-r241-us-west-02b,SN2201,swp12,,,,,US-PHX01,c160:247:12,c160-r247-node-02-us-west-02b,gpu-h100-04,dpu,,,,,CAT6a,,,,,,,,,,,,,,
LLDP:  Passed,US-PHX01,c160:241:16,dpu-gg1-b3-r241-us-west-02b,SN2201,swp13,,,,,US-PHX01,c160:248:26,c160-r248-node-01-us-west-02b,gpu-h100-04,dpu,,,,,CAT6a,,,,,,,,,,,,,,
LLDP:  Passed,US-PHX01,c160:241:16,dpu-gg1-b3-r241-us-west-02b,SN2201,swp14,,,,,US-PHX01,c160:248:12,c160-r248-node-02-us-west-02b,gpu-h100-04,dpu,,,,,CAT6a,,,,,,,,,,,,,,
LLDP:  Passed,US-PHX01,c160:241:16,dpu-gg1-b3-r241-us-west-02b,SN2201,swp15,,,,,US-PHX01,c160:249:26,c160-r249-node-01-us-west-02b,gpu-h100-04,dpu,,,,,CAT6a,,,,,,,,,,,,,,
LLDP:  Passed,US-PHX01,c160:241:16,dpu-gg1-b3-r241-us-west-02b,SN2201,swp16,,,,,US-PHX01,c160:249:12,c160-r249-node-02-us-west-02b,gpu-h100-04,dpu,,,,,CAT6a,,,,,,,,,,,,,,
,,,,,,,,,,,,,,,,,,,,,,,,,,,,,,,,,
,,,,,,,,,,,,,,,,,,,,,,,,,,,,,,,,,
C160 :: ROW-17 :: H100's,,,,,,,,,,,,,,,,,,,,,,,,,,,,,,,,,
LLDP:  Passed,US-PHX01,c160:257:42,t0-gg1-c1-01-r257-us-west-02b,SN4700,swp1,c1260:011:41,1:A:1,QSFPDD-400G-DR4,,US-PHX01,c160:258:26,c160-r258-node-01-us-west-02b,gpu-h100-04,eth0,,,,QSFP-100G-DR1,LC-to-LC SMF,,,,,,,,,,,,,,
LLDP:  Passed,US-PHX01,c160:257:42,t0-gg1-c1-01-r257-us-west-02b,SN4700,swp1,c1260:011:41,1:A:2,QSFPDD-400G-DR4,,US-PHX01,c160:258:12,c160-r258-node-02-us-west-02b,gpu-h100-04,eth0,,,,QSFP-100G-DR1,LC-to-LC SMF,,,,,,,,,,,,,,
LLDP:  Passed,US-PHX01,c160:257:42,t0-gg1-c1-01-r257-us-west-02b,SN4700,swp1,c1260:011:41,1:A:3,QSFPDD-400G-DR4,,US-PHX01,c160:259:26,c160-r259-node-01-us-west-02b,gpu-h100-04,eth0,,,,QSFP-100G-DR1,LC-to-LC SMF,,,,,,,,,,,,,,
LLDP:  Passed,US-PHX01,c160:257:42,t0-gg1-c1-01-r257-us-west-02b,SN4700,swp1,c1260:011:41,1:A:4,QSFPDD-400G-DR4,,US-PHX01,c160:259:12,c160-r259-node-02-us-west-02b,gpu-h100-04,eth0,,,,QSFP-100G-DR1,LC-to-LC SMF,,,,,,,,,,,,,,
LLDP:  Passed,US-PHX01,c160:257:42,t0-gg1-c1-01-r257-us-west-02b,SN4700,swp2,c1260:011:41,1:B:1,QSFPDD-400G-DR4,,US-PHX01,c160:260:26,c160-r260-node-01-us-west-02b,gpu-h100-04,eth0,,,,QSFP-100G-DR1,LC-to-LC SMF,,,,,,,,,,,,,,
LLDP:  Passed,US-PHX01,c160:257:42,t0-gg1-c1-01-r257-us-west-02b,SN4700,swp2,c1260:011:41,1:B:2,QSFPDD-400G-DR4,,US-PHX01,c160:260:12,c160-r260-node-02-us-west-02b,gpu-h100-04,eth0,,,,QSFP-100G-DR1,LC-to-LC SMF,,,,,,,,,,,,,,
LLDP:  Passed,US-PHX01,c160:257:42,t0-gg1-c1-01-r257-us-west-02b,SN4700,swp2,c1260:011:41,1:B:3,QSFPDD-400G-DR4,,US-PHX01,c160:261:26,c160-r261-node-01-us-west-02b,gpu-h100-04,eth0,,,,QSFP-100G-DR1,LC-to-LC SMF,,,,,,,,,,,,,,
LLDP:  Passed,US-PHX01,c160:257:42,t0-gg1-c1-01-r257-us-west-02b,SN4700,swp2,c1260:011:41,1:B:4,QSFPDD-400G-DR4,,US-PHX01,c160:261:12,c160-r261-node-02-us-west-02b,gpu-h100-04,eth0,,,,QSFP-100G-DR1,LC-to-LC SMF,,,,,,,,,,,,,,
LLDP:  Passed,US-PHX01,c160:257:42,t0-gg1-c1-01-r257-us-west-02b,SN4700,swp3,c1260:011:41,2:A:1,QSFPDD-400G-DR4,,US-PHX01,c160:262:26,c160-r262-node-01-us-west-02b,gpu-h100-04,eth0,,,,QSFP-100G-DR1,LC-to-LC SMF,,,,,,,,,,,,,,
LLDP:  Failed,US-PHX01,c160:257:42,t0-gg1-c1-01-r257-us-west-02b,SN4700,swp3,c1260:011:41,2:A:2,QSFPDD-400G-DR4,,US-PHX01,c160:262:12,c160-r262-node-02-us-west-02b,gpu-h100-04,eth0,,,,QSFP-100G-DR1,LC-to-LC SMF,,,,,,,,,,,,,,
LLDP:  Passed,US-PHX01,c160:257:42,t0-gg1-c1-01-r257-us-west-02b,SN4700,swp3,c1260:011:41,2:A:3,QSFPDD-400G-DR4,,US-PHX01,c160:263:26,c160-r263-node-01-us-west-02b,gpu-h100-04,eth0,,,,QSFP-100G-DR1,LC-to-LC SMF,,,,,,,,,,,,,,
LLDP:  Passed,US-PHX01,c160:257:42,t0-gg1-c1-01-r257-us-west-02b,SN4700,swp3,c1260:011:41,2:A:4,QSFPDD-400G-DR4,,US-PHX01,c160:263:12,c160-r263-node-02-us-west-02b,gpu-h100-04,eth0,,,,QSFP-100G-DR1,LC-to-LC SMF,,,,,,,,,,,,,,
LLDP:  Failed,US-PHX01,c160:257:42,t0-gg1-c1-01-r257-us-west-02b,SN4700,swp4,c1260:011:41,2:B:1,QSFPDD-400G-DR4,,US-PHX01,c160:264:26,c160-r264-node-01-us-west-02b,gpu-h100-04,eth0,,,,QSFP-100G-DR1,LC-to-LC SMF,,,,,,,,,,,,,,
LLDP:  Failed,US-PHX01,c160:257:42,t0-gg1-c1-01-r257-us-west-02b,SN4700,swp4,c1260:011:41,2:B:2,QSFPDD-400G-DR4,,US-PHX01,c160:264:12,c160-r264-node-02-us-west-02b,gpu-h100-04,eth0,,,,QSFP-100G-DR1,LC-to-LC SMF,,,,,,,,,,,,,,
LLDP:  Failed,US-PHX01,c160:257:42,t0-gg1-c1-01-r257-us-west-02b,SN4700,swp4,c1260:011:41,2:B:3,QSFPDD-400G-DR4,,US-PHX01,c160:265:26,c160-r265-node-01-us-west-02b,gpu-h100-04,eth0,,,,QSFP-100G-DR1,LC-to-LC SMF,,,,,,,,,,,,,,
LLDP:  Failed,US-PHX01,c160:257:42,t0-gg1-c1-01-r257-us-west-02b,SN4700,swp4,c1260:011:41,2:B:4,QSFPDD-400G-DR4,,US-PHX01,c160:265:12,c160-r265-node-02-us-west-02b,gpu-h100-04,eth0,,,,QSFP-100G-DR1,LC-to-LC SMF,,,,,,,,,,,,,,
LLDP:  Passed,US-PHX01,c160:257:42,t0-gg1-c1-01-r257-us-west-02b,SN4700,swp5,c1260:011:41,3:A:1,QSFPDD-400G-DR4,,US-PHX01,c160:266:26,c160-r266-node-01-us-west-02b,gpu-h100-04,eth0,,,,QSFP-100G-DR1,LC-to-LC SMF,,,,,,,,,,,,,,
LLDP:  Passed,US-PHX01,c160:257:42,t0-gg1-c1-01-r257-us-west-02b,SN4700,swp5,c1260:011:41,3:A:2,QSFPDD-400G-DR4,,US-PHX01,c160:266:12,c160-r266-node-02-us-west-02b,gpu-h100-04,eth0,,,,QSFP-100G-DR1,LC-to-LC SMF,,,,,,,,,,,,,,
LLDP:  Passed,US-PHX01,c160:257:42,t0-gg1-c1-01-r257-us-west-02b,SN4700,swp5,c1260:011:41,3:A:3,QSFPDD-400G-DR4,,US-PHX01,c160:267:26,c160-r267-node-01-us-west-02b,gpu-h100-04,eth0,,,,QSFP-100G-DR1,LC-to-LC SMF,,,,,,,,,,,,,,
LLDP:  Passed,US-PHX01,c160:257:42,t0-gg1-c1-01-r257-us-west-02b,SN4700,swp5,c1260:011:41,3:A:4,QSFPDD-400G-DR4,,US-PHX01,c160:267:12,c160-r267-node-02-us-west-02b,gpu-h100-04,eth0,,,,QSFP-100G-DR1,LC-to-LC SMF,,,,,,,,,,,,,,
Cable Is Ran: Complete,US-PHX01,c160:257:42,t0-gg1-c1-01-r257-us-west-02b,SN4700,swp6,c1260:011:41,3:B:1,QSFPDD-400G-DR4,,,,,,,,,,QSFP-100G-DR1,LC-to-LC SMF,,,,,,,,,,,,,,
Cable Is Ran: Complete,US-PHX01,c160:257:42,t0-gg1-c1-01-r257-us-west-02b,SN4700,swp6,c1260:011:41,3:B:2,QSFPDD-400G-DR4,,,,,,,,,,QSFP-100G-DR1,LC-to-LC SMF,,,,,,,,,,,,,,
Cable Is Ran: Complete,US-PHX01,c160:257:42,t0-gg1-c1-01-r257-us-west-02b,SN4700,swp6,c1260:011:41,3:B:3,QSFPDD-400G-DR4,,,,,,,,,,,,,,,,,,,,,,,,,
Cable Is Ran: Complete,US-PHX01,c160:257:42,t0-gg1-c1-01-r257-us-west-02b,SN4700,swp6,c1260:011:41,3:B:4,QSFPDD-400G-DR4,,,,,,,,,,,,,,,,,,,,,,,,,
,,,,,,,,,,,,,,,,,,,,,,,,,,,,,,,,,
LLDP:  Passed,US-PHX01,c160:257:40,t0-gg1-c1-02-r257-us-west-02b,SN4700,swp1,c1260:011:39,1:A:1,QSFPDD-400G-DR4,,US-PHX01,c160:258:26,c160-r258-node-01-us-west-02b,gpu-h100-04,eth1,,,,QSFP-100G-DR1,LC-to-LC SMF,,,,,,,,,,,,,,
LLDP:  Passed,US-PHX01,c160:257:40,t0-gg1-c1-02-r257-us-west-02b,SN4700,swp1,c1260:011:39,1:A:2,QSFPDD-400G-DR4,,US-PHX01,c160:258:12,c160-r258-node-02-us-west-02b,gpu-h100-04,eth1,,,,QSFP-100G-DR1,LC-to-LC SMF,,,,,,,,,,,,,,
LLDP:  Passed,US-PHX01,c160:257:40,t0-gg1-c1-02-r257-us-west-02b,SN4700,swp1,c1260:011:39,1:A:3,QSFPDD-400G-DR4,,US-PHX01,c160:259:26,c160-r259-node-01-us-west-02b,gpu-h100-04,eth1,,,,QSFP-100G-DR1,LC-to-LC SMF,,,,,,,,,,,,,,
LLDP:  Passed,US-PHX01,c160:257:40,t0-gg1-c1-02-r257-us-west-02b,SN4700,swp1,c1260:011:39,1:A:4,QSFPDD-400G-DR4,,US-PHX01,c160:259:12,c160-r259-node-02-us-west-02b,gpu-h100-04,eth1,,,,QSFP-100G-DR1,LC-to-LC SMF,,,,,,,,,,,,,,
LLDP:  Passed,US-PHX01,c160:257:40,t0-gg1-c1-02-r257-us-west-02b,SN4700,swp2,c1260:011:39,1:B:1,QSFPDD-400G-DR4,,US-PHX01,c160:260:26,c160-r260-node-01-us-west-02b,gpu-h100-04,eth1,,,,QSFP-100G-DR1,LC-to-LC SMF,,,,,,,,,,,,,,
LLDP:  Passed,US-PHX01,c160:257:40,t0-gg1-c1-02-r257-us-west-02b,SN4700,swp2,c1260:011:39,1:B:2,QSFPDD-400G-DR4,,US-PHX01,c160:260:12,c160-r260-node-02-us-west-02b,gpu-h100-04,eth1,,,,QSFP-100G-DR1,LC-to-LC SMF,,,,,,,,,,,,,,
LLDP:  Passed,US-PHX01,c160:257:40,t0-gg1-c1-02-r257-us-west-02b,SN4700,swp2,c1260:011:39,1:B:3,QSFPDD-400G-DR4,,US-PHX01,c160:261:26,c160-r261-node-01-us-west-02b,gpu-h100-04,eth1,,,,QSFP-100G-DR1,LC-to-LC SMF,,,,,,,,,,,,,,
LLDP:  Passed,US-PHX01,c160:257:40,t0-gg1-c1-02-r257-us-west-02b,SN4700,swp2,c1260:011:39,1:B:4,QSFPDD-400G-DR4,,US-PHX01,c160:261:12,c160-r261-node-02-us-west-02b,gpu-h100-04,eth1,,,,QSFP-100G-DR1,LC-to-LC SMF,,,,,,,,,,,,,,
LLDP:  Passed,US-PHX01,c160:257:40,t0-gg1-c1-02-r257-us-west-02b,SN4700,swp3,c1260:011:39,2:A:1,QSFPDD-400G-DR4,,US-PHX01,c160:262:26,c160-r262-node-01-us-west-02b,gpu-h100-04,eth1,,,,QSFP-100G-DR1,LC-to-LC SMF,,,,,,,,,,,,,,
LLDP:  Passed,US-PHX01,c160:257:40,t0-gg1-c1-02-r257-us-west-02b,SN4700,swp3,c1260:011:39,2:A:2,QSFPDD-400G-DR4,,US-PHX01,c160:262:12,c160-r262-node-02-us-west-02b,gpu-h100-04,eth1,,,,QSFP-100G-DR1,LC-to-LC SMF,,,,,,,,,,,,,,
LLDP:  Passed,US-PHX01,c160:257:40,t0-gg1-c1-02-r257-us-west-02b,SN4700,swp3,c1260:011:39,2:A:3,QSFPDD-400G-DR4,,US-PHX01,c160:263:26,c160-r263-node-01-us-west-02b,gpu-h100-04,eth1,,,,QSFP-100G-DR1,LC-to-LC SMF,,,,,,,,,,,,,,
LLDP:  Passed,US-PHX01,c160:257:40,t0-gg1-c1-02-r257-us-west-02b,SN4700,swp3,c1260:011:39,2:A:4,QSFPDD-400G-DR4,,US-PHX01,c160:263:12,c160-r263-node-02-us-west-02b,gpu-h100-04,eth1,,,,QSFP-100G-DR1,LC-to-LC SMF,,,,,,,,,,,,,,
LLDP:  Passed,US-PHX01,c160:257:40,t0-gg1-c1-02-r257-us-west-02b,SN4700,swp4,c1260:011:39,2:B:1,QSFPDD-400G-DR4,,US-PHX01,c160:264:26,c160-r264-node-01-us-west-02b,gpu-h100-04,eth1,,,,QSFP-100G-DR1,LC-to-LC SMF,,,,,,,,,,,,,,
LLDP:  Passed,US-PHX01,c160:257:40,t0-gg1-c1-02-r257-us-west-02b,SN4700,swp4,c1260:011:39,2:B:2,QSFPDD-400G-DR4,,US-PHX01,c160:264:12,c160-r264-node-02-us-west-02b,gpu-h100-04,eth1,,,,QSFP-100G-DR1,LC-to-LC SMF,,,,,,,,,,,,,,
LLDP:  Passed,US-PHX01,c160:257:40,t0-gg1-c1-02-r257-us-west-02b,SN4700,swp4,c1260:011:39,2:B:3,QSFPDD-400G-DR4,,US-PHX01,c160:265:26,c160-r265-node-01-us-west-02b,gpu-h100-04,eth1,,,,QSFP-100G-DR1,LC-to-LC SMF,,,,,,,,,,,,,,
LLDP:  Passed,US-PHX01,c160:257:40,t0-gg1-c1-02-r257-us-west-02b,SN4700,swp4,c1260:011:39,2:B:4,QSFPDD-400G-DR4,,US-PHX01,c160:265:12,c160-r265-node-02-us-west-02b,gpu-h100-04,eth1,,,,QSFP-100G-DR1,LC-to-LC SMF,,,,,,,,,,,,,,
LLDP:  Passed,US-PHX01,c160:257:40,t0-gg1-c1-02-r257-us-west-02b,SN4700,swp5,c1260:011:39,3:A:1,QSFPDD-400G-DR4,,US-PHX01,c160:266:26,c160-r266-node-01-us-west-02b,gpu-h100-04,eth1,,,,QSFP-100G-DR1,LC-to-LC SMF,,,,,,,,,,,,,,
LLDP:  Passed,US-PHX01,c160:257:40,t0-gg1-c1-02-r257-us-west-02b,SN4700,swp5,c1260:011:39,3:A:2,QSFPDD-400G-DR4,,US-PHX01,c160:266:12,c160-r266-node-02-us-west-02b,gpu-h100-04,eth1,,,,QSFP-100G-DR1,LC-to-LC SMF,,,,,,,,,,,,,,
LLDP:  Passed,US-PHX01,c160:257:40,t0-gg1-c1-02-r257-us-west-02b,SN4700,swp5,c1260:011:39,3:A:3,QSFPDD-400G-DR4,,US-PHX01,c160:267:26,c160-r267-node-01-us-west-02b,gpu-h100-04,eth1,,,,QSFP-100G-DR1,LC-to-LC SMF,,,,,,,,,,,,,,
LLDP:  Passed,US-PHX01,c160:257:40,t0-gg1-c1-02-r257-us-west-02b,SN4700,swp5,c1260:011:39,3:A:4,QSFPDD-400G-DR4,,US-PHX01,c160:267:12,c160-r267-node-02-us-west-02b,gpu-h100-04,eth1,,,,QSFP-100G-DR1,LC-to-LC SMF,,,,,,,,,,,,,,
Cable Is Ran: Complete,US-PHX01,c160:257:40,t0-gg1-c1-02-r257-us-west-02b,SN4700,swp6,c1260:011:39,3:B:1,QSFPDD-400G-DR4,,,,,,,,,,QSFP-100G-DR1,LC-to-LC SMF,,,,,,,,,,,,,,
Cable Is Ran: Complete,US-PHX01,c160:257:40,t0-gg1-c1-02-r257-us-west-02b,SN4700,swp6,c1260:011:39,3:B:2,QSFPDD-400G-DR4,,,,,,,,,,QSFP-100G-DR1,LC-to-LC SMF,,,,,,,,,,,,,,
Cable Is Ran: Complete,US-PHX01,c160:257:40,t0-gg1-c1-02-r257-us-west-02b,SN4700,swp6,c1260:011:39,3:B:3,QSFPDD-400G-DR4,,,,,,,,,,,,,,,,,,,,,,,,,
Cable Is Ran: Complete,US-PHX01,c160:257:40,t0-gg1-c1-02-r257-us-west-02b,SN4700,swp6,c1260:011:39,3:B:4,QSFPDD-400G-DR4,,,,,,,,,,,,,,,,,,,,,,,,,
,,,,,,,,,,,,,,,,,,,,,,,,,,,,,,,,,
LLDP:  Passed,US-PHX01,c160:257:18,ipmi-gg1-c1-r257-us-west-02b,SN2201,swp1,,,,,US-PHX01,c160:258:26,c160-r258-node-01-us-west-02b,gpu-h100-04,ipmi,,,,,CAT6a,,,,,,,,,,,,,,
LLDP:  Passed,US-PHX01,c160:257:18,ipmi-gg1-c1-r257-us-west-02b,SN2201,swp2,,,,,US-PHX01,c160:258:12,c160-r258-node-02-us-west-02b,gpu-h100-04,ipmi,,,,,CAT6a,,,,,,,,,,,,,,
LLDP:  Passed,US-PHX01,c160:257:18,ipmi-gg1-c1-r257-us-west-02b,SN2201,swp3,,,,,US-PHX01,c160:259:26,c160-r259-node-01-us-west-02b,gpu-h100-04,ipmi,,,,,CAT6a,,,,,,,,,,,,,,
LLDP:  Passed,US-PHX01,c160:257:18,ipmi-gg1-c1-r257-us-west-02b,SN2201,swp4,,,,,US-PHX01,c160:259:12,c160-r259-node-02-us-west-02b,gpu-h100-04,ipmi,,,,,CAT6a,,,,,,,,,,,,,,
LLDP:  Passed,US-PHX01,c160:257:18,ipmi-gg1-c1-r257-us-west-02b,SN2201,swp5,,,,,US-PHX01,c160:260:26,c160-r260-node-01-us-west-02b,gpu-h100-04,ipmi,,,,,CAT6a,,,,,,,,,,,,,,
LLDP:  Passed,US-PHX01,c160:257:18,ipmi-gg1-c1-r257-us-west-02b,SN2201,swp6,,,,,US-PHX01,c160:260:12,c160-r260-node-02-us-west-02b,gpu-h100-04,ipmi,,,,,CAT6a,,,,,,,,,,,,,,
LLDP:  Passed,US-PHX01,c160:257:18,ipmi-gg1-c1-r257-us-west-02b,SN2201,swp7,,,,,US-PHX01,c160:261:26,c160-r261-node-01-us-west-02b,gpu-h100-04,ipmi,,,,,CAT6a,,,,,,,,,,,,,,
LLDP:  Passed,US-PHX01,c160:257:18,ipmi-gg1-c1-r257-us-west-02b,SN2201,swp8,,,,,US-PHX01,c160:261:12,c160-r261-node-02-us-west-02b,gpu-h100-04,ipmi,,,,,CAT6a,,,,,,,,,,,,,,
LLDP:  Passed,US-PHX01,c160:257:18,ipmi-gg1-c1-r257-us-west-02b,SN2201,swp9,,,,,US-PHX01,c160:262:26,c160-r262-node-01-us-west-02b,gpu-h100-04,ipmi,,,,,CAT6a,,,,,,,,,,,,,,
LLDP:  Passed,US-PHX01,c160:257:18,ipmi-gg1-c1-r257-us-west-02b,SN2201,swp10,,,,,US-PHX01,c160:262:12,c160-r262-node-02-us-west-02b,gpu-h100-04,ipmi,,,,,CAT6a,,,,,,,,,,,,,,
LLDP:  Passed,US-PHX01,c160:257:18,ipmi-gg1-c1-r257-us-west-02b,SN2201,swp11,,,,,US-PHX01,c160:263:26,c160-r263-node-01-us-west-02b,gpu-h100-04,ipmi,,,,,CAT6a,,,,,,,,,,,,,,
LLDP:  Passed,US-PHX01,c160:257:18,ipmi-gg1-c1-r257-us-west-02b,SN2201,swp12,,,,,US-PHX01,c160:263:12,c160-r263-node-02-us-west-02b,gpu-h100-04,ipmi,,,,,CAT6a,,,,,,,,,,,,,,
LLDP:  Passed,US-PHX01,c160:257:18,ipmi-gg1-c1-r257-us-west-02b,SN2201,swp13,,,,,US-PHX01,c160:264:26,c160-r264-node-01-us-west-02b,gpu-h100-04,ipmi,,,,,CAT6a,,,,,,,,,,,,,,
LLDP:  Passed,US-PHX01,c160:257:18,ipmi-gg1-c1-r257-us-west-02b,SN2201,swp14,,,,,US-PHX01,c160:264:12,c160-r264-node-02-us-west-02b,gpu-h100-04,ipmi,,,,,CAT6a,,,,,,,,,,,,,,
LLDP:  Passed,US-PHX01,c160:257:18,ipmi-gg1-c1-r257-us-west-02b,SN2201,swp15,,,,,US-PHX01,c160:265:26,c160-r265-node-01-us-west-02b,gpu-h100-04,ipmi,,,,,CAT6a,,,,,,,,,,,,,,
LLDP:  Passed,US-PHX01,c160:257:18,ipmi-gg1-c1-r257-us-west-02b,SN2201,swp16,,,,,US-PHX01,c160:265:12,c160-r265-node-02-us-west-02b,gpu-h100-04,ipmi,,,,,CAT6a,,,,,,,,,,,,,,
LLDP:  Passed,US-PHX01,c160:257:18,ipmi-gg1-c1-r257-us-west-02b,SN2201,swp17,,,,,US-PHX01,c160:266:26,c160-r266-node-01-us-west-02b,gpu-h100-04,ipmi,,,,,CAT6a,,,,,,,,,,,,,,
LLDP:  Passed,US-PHX01,c160:257:18,ipmi-gg1-c1-r257-us-west-02b,SN2201,swp18,,,,,US-PHX01,c160:266:12,c160-r266-node-02-us-west-02b,gpu-h100-04,ipmi,,,,,CAT6a,,,,,,,,,,,,,,
LLDP:  Passed,US-PHX01,c160:257:18,ipmi-gg1-c1-r257-us-west-02b,SN2201,swp19,,,,,US-PHX01,c160:267:26,c160-r267-node-01-us-west-02b,gpu-h100-04,ipmi,,,,,CAT6a,,,,,,,,,,,,,,
LLDP:  Passed,US-PHX01,c160:257:18,ipmi-gg1-c1-r257-us-west-02b,SN2201,swp20,,,,,US-PHX01,c160:267:12,c160-r267-node-02-us-west-02b,gpu-h100-04,ipmi,,,,,CAT6a,,,,,,,,,,,,,,
Cable Is Ran: Complete,US-PHX01,c160:257:18,ipmi-gg1-c1-r257-us-west-02b,SN2201,swp21,,,,,,,,,,,,,,CAT6a,,,,,,,,,,,,,,
Cable Is Ran: Complete,US-PHX01,c160:257:18,ipmi-gg1-c1-r257-us-west-02b,SN2201,swp22,,,,,,,,,,,,,,CAT6a,,,,,,,,,,,,,,
,,,,,,,,,,,,,,,,,,,,,,,,,,,,,,,,,
LLDP:  Passed,US-PHX01,c160:257:16,dpu-gg1-c1-r257-us-west-02b,SN2201,swp1,,,,,US-PHX01,c160:258:26,c160-r258-node-01-us-west-02b,gpu-h100-04,dpu,,,,,CAT6a,,,,,,,,,,,,,,
LLDP:  Passed,US-PHX01,c160:257:16,dpu-gg1-c1-r257-us-west-02b,SN2201,swp2,,,,,US-PHX01,c160:258:12,c160-r258-node-02-us-west-02b,gpu-h100-04,dpu,,,,,CAT6a,,,,,,,,,,,,,,
LLDP:  Passed,US-PHX01,c160:257:16,dpu-gg1-c1-r257-us-west-02b,SN2201,swp3,,,,,US-PHX01,c160:259:26,c160-r259-node-01-us-west-02b,gpu-h100-04,dpu,,,,,CAT6a,,,,,,,,,,,,,,
LLDP:  Passed,US-PHX01,c160:257:16,dpu-gg1-c1-r257-us-west-02b,SN2201,swp4,,,,,US-PHX01,c160:259:12,c160-r259-node-02-us-west-02b,gpu-h100-04,dpu,,,,,CAT6a,,,,,,,,,,,,,,
LLDP:  Passed,US-PHX01,c160:257:16,dpu-gg1-c1-r257-us-west-02b,SN2201,swp5,,,,,US-PHX01,c160:260:26,c160-r260-node-01-us-west-02b,gpu-h100-04,dpu,,,,,CAT6a,,,,,,,,,,,,,,
LLDP:  Passed,US-PHX01,c160:257:16,dpu-gg1-c1-r257-us-west-02b,SN2201,swp6,,,,,US-PHX01,c160:260:12,c160-r260-node-02-us-west-02b,gpu-h100-04,dpu,,,,,CAT6a,,,,,,,,,,,,,,
LLDP:  Passed,US-PHX01,c160:257:16,dpu-gg1-c1-r257-us-west-02b,SN2201,swp7,,,,,US-PHX01,c160:261:26,c160-r261-node-01-us-west-02b,gpu-h100-04,dpu,,,,,CAT6a,,,,,,,,,,,,,,
LLDP:  Passed,US-PHX01,c160:257:16,dpu-gg1-c1-r257-us-west-02b,SN2201,swp8,,,,,US-PHX01,c160:261:12,c160-r261-node-02-us-west-02b,gpu-h100-04,dpu,,,,,CAT6a,,,,,,,,,,,,,,
LLDP:  Passed,US-PHX01,c160:257:16,dpu-gg1-c1-r257-us-west-02b,SN2201,swp9,,,,,US-PHX01,c160:262:26,c160-r262-node-01-us-west-02b,gpu-h100-04,dpu,,,,,CAT6a,,,,,,,,,,,,,,
LLDP:  Passed,US-PHX01,c160:257:16,dpu-gg1-c1-r257-us-west-02b,SN2201,swp10,,,,,US-PHX01,c160:262:12,c160-r262-node-02-us-west-02b,gpu-h100-04,dpu,,,,,CAT6a,,,,,,,,,,,,,,
LLDP:  Passed,US-PHX01,c160:257:16,dpu-gg1-c1-r257-us-west-02b,SN2201,swp11,,,,,US-PHX01,c160:263:26,c160-r263-node-01-us-west-02b,gpu-h100-04,dpu,,,,,CAT6a,,,,,,,,,,,,,,
LLDP:  Passed,US-PHX01,c160:257:16,dpu-gg1-c1-r257-us-west-02b,SN2201,swp12,,,,,US-PHX01,c160:263:12,c160-r263-node-02-us-west-02b,gpu-h100-04,dpu,,,,,CAT6a,,,,,,,,,,,,,,
LLDP:  Passed,US-PHX01,c160:257:16,dpu-gg1-c1-r257-us-west-02b,SN2201,swp13,,,,,US-PHX01,c160:264:26,c160-r264-node-01-us-west-02b,gpu-h100-04,dpu,,,,,CAT6a,,,,,,,,,,,,,,
LLDP:  Passed,US-PHX01,c160:257:16,dpu-gg1-c1-r257-us-west-02b,SN2201,swp14,,,,,US-PHX01,c160:264:12,c160-r264-node-02-us-west-02b,gpu-h100-04,dpu,,,,,CAT6a,,,,,,,,,,,,,,
LLDP:  Passed,US-PHX01,c160:257:16,dpu-gg1-c1-r257-us-west-02b,SN2201,swp15,,,,,US-PHX01,c160:265:26,c160-r265-node-01-us-west-02b,gpu-h100-04,dpu,,,,,CAT6a,,,,,,,,,,,,,,
LLDP:  Passed,US-PHX01,c160:257:16,dpu-gg1-c1-r257-us-west-02b,SN2201,swp16,,,,,US-PHX01,c160:265:12,c160-r265-node-02-us-west-02b,gpu-h100-04,dpu,,,,,CAT6a,,,,,,,,,,,,,,
LLDP:  Passed,US-PHX01,c160:257:16,dpu-gg1-c1-r257-us-west-02b,SN2201,swp17,,,,,US-PHX01,c160:266:26,c160-r266-node-01-us-west-02b,gpu-h100-04,dpu,,,,,CAT6a,,,,,,,,,,,,,,
LLDP:  Passed,US-PHX01,c160:257:16,dpu-gg1-c1-r257-us-west-02b,SN2201,swp18,,,,,US-PHX01,c160:266:12,c160-r266-node-02-us-west-02b,gpu-h100-04,dpu,,,,,CAT6a,,,,,,,,,,,,,,
LLDP:  Passed,US-PHX01,c160:257:16,dpu-gg1-c1-r257-us-west-02b,SN2201,swp19,,,,,US-PHX01,c160:267:26,c160-r267-node-01-us-west-02b,gpu-h100-04,dpu,,,,,CAT6a,,,,,,,,,,,,,,
LLDP:  Passed,US-PHX01,c160:257:16,dpu-gg1-c1-r257-us-west-02b,SN2201,swp20,,,,,US-PHX01,c160:267:12,c160-r267-node-02-us-west-02b,gpu-h100-04,dpu,,,,,CAT6a,,,,,,,,,,,,,,
Cable Is Ran: Complete,US-PHX01,c160:257:16,dpu-gg1-c1-r257-us-west-02b,SN2201,swp21,,,,,,,,,,,,,,CAT6a,,,,,,,,,,,,,,
Cable Is Ran: Complete,US-PHX01,c160:257:16,dpu-gg1-c1-r257-us-west-02b,SN2201,swp22,,,,,,,,,,,,,,CAT6a,,,,,,,,,,,,,,
,,,,,,,,,,,,,,,,,,,,,,,,,,,,,,,,,
,,,,,,,,,,,,,,,,,,,,,,,,,,,,,,,,,
C160 :: ROW-18 :: H100's,,,,,,,,,,,,,,,,,,,,,,,,,,,,,,,,,
LLDP:  Passed,US-PHX01,c160:273:44,t0-gg1-c1-01-r273-us-west-02b,SN4700,swp1,c160:273:43,1:A:1,QSFPDD-400G-DR4,,US-PHX01,c160:274:26,c160-r274-node-01-us-west-02b,gpu-h100-04,eth0,,,,QSFP-100G-DR1,LC-to-LC SMF,,,,,,,,,,,,,,
LLDP:  Passed,US-PHX01,c160:273:44,t0-gg1-c1-01-r273-us-west-02b,SN4700,swp1,c160:273:43,1:A:2,QSFPDD-400G-DR4,,US-PHX01,c160:274:12,c160-r274-node-02-us-west-02b,gpu-h100-04,eth0,,,,QSFP-100G-DR1,LC-to-LC SMF,,,,,,,,,,,,,,
LLDP:  Passed,US-PHX01,c160:273:44,t0-gg1-c1-01-r273-us-west-02b,SN4700,swp1,c160:273:43,1:A:3,QSFPDD-400G-DR4,,US-PHX01,c160:275:26,c160-r275-node-01-us-west-02b,gpu-h100-04,eth0,,,,QSFP-100G-DR1,LC-to-LC SMF,,,,,,,,,,,,,,
LLDP:  Passed,US-PHX01,c160:273:44,t0-gg1-c1-01-r273-us-west-02b,SN4700,swp1,c160:273:43,1:A:4,QSFPDD-400G-DR4,,US-PHX01,c160:275:12,c160-r275-node-02-us-west-02b,gpu-h100-04,eth0,,,,QSFP-100G-DR1,LC-to-LC SMF,,,,,,,,,,,,,,
LLDP:  Passed,US-PHX01,c160:273:44,t0-gg1-c1-01-r273-us-west-02b,SN4700,swp2,c160:273:43,1:B:1,QSFPDD-400G-DR4,,US-PHX01,c160:276:26,c160-r276-node-01-us-west-02b,gpu-h100-04,eth0,,,,QSFP-100G-DR1,LC-to-LC SMF,,,,,,,,,,,,,,
LLDP:  Passed,US-PHX01,c160:273:44,t0-gg1-c1-01-r273-us-west-02b,SN4700,swp2,c160:273:43,1:B:2,QSFPDD-400G-DR4,,US-PHX01,c160:276:12,c160-r276-node-02-us-west-02b,gpu-h100-04,eth0,,,,QSFP-100G-DR1,LC-to-LC SMF,,,,,,,,,,,,,,
LLDP:  Passed,US-PHX01,c160:273:44,t0-gg1-c1-01-r273-us-west-02b,SN4700,swp2,c160:273:43,1:B:3,QSFPDD-400G-DR4,,US-PHX01,c160:277:26,c160-r277-node-01-us-west-02b,gpu-h100-04,eth0,,,,QSFP-100G-DR1,LC-to-LC SMF,,,,,,,,,,,,,,
LLDP:  Passed,US-PHX01,c160:273:44,t0-gg1-c1-01-r273-us-west-02b,SN4700,swp2,c160:273:43,1:B:4,QSFPDD-400G-DR4,,US-PHX01,c160:277:12,c160-r277-node-02-us-west-02b,gpu-h100-04,eth0,,,,QSFP-100G-DR1,LC-to-LC SMF,,,,,,,,,,,,,,
LLDP:  Failed,US-PHX01,c160:273:44,t0-gg1-c1-01-r273-us-west-02b,SN4700,swp3,c160:273:43,2:A:1,QSFPDD-400G-DR4,,US-PHX01,c160:278:26,c160-r278-node-01-us-west-02b,gpu-h100-04,eth0,,,,QSFP-100G-DR1,LC-to-LC SMF,,,,,,,,,,,,,,
LLDP:  Passed,US-PHX01,c160:273:44,t0-gg1-c1-01-r273-us-west-02b,SN4700,swp3,c160:273:43,2:A:2,QSFPDD-400G-DR4,,US-PHX01,c160:278:12,c160-r278-node-02-us-west-02b,gpu-h100-04,eth0,,,,QSFP-100G-DR1,LC-to-LC SMF,,,,,,,,,,,,,,
LLDP:  Passed,US-PHX01,c160:273:44,t0-gg1-c1-01-r273-us-west-02b,SN4700,swp3,c160:273:43,2:A:3,QSFPDD-400G-DR4,,US-PHX01,c160:279:26,c160-r279-node-01-us-west-02b,gpu-h100-04,eth0,,,,QSFP-100G-DR1,LC-to-LC SMF,,,,,,,,,,,,,,
LLDP:  Passed,US-PHX01,c160:273:44,t0-gg1-c1-01-r273-us-west-02b,SN4700,swp3,c160:273:43,2:A:4,QSFPDD-400G-DR4,,US-PHX01,c160:279:12,c160-r279-node-02-us-west-02b,gpu-h100-04,eth0,,,,QSFP-100G-DR1,LC-to-LC SMF,,,,,,,,,,,,,,
LLDP:  Passed,US-PHX01,c160:273:44,t0-gg1-c1-01-r273-us-west-02b,SN4700,swp4,c160:273:43,2:B:1,QSFPDD-400G-DR4,,US-PHX01,c160:280:26,c160-r280-node-01-us-west-02b,gpu-h100-04,eth0,,,,QSFP-100G-DR1,LC-to-LC SMF,,,,,,,,,,,,,,
LLDP:  Passed,US-PHX01,c160:273:44,t0-gg1-c1-01-r273-us-west-02b,SN4700,swp4,c160:273:43,2:B:2,QSFPDD-400G-DR4,,US-PHX01,c160:280:12,c160-r280-node-02-us-west-02b,gpu-h100-04,eth0,,,,QSFP-100G-DR1,LC-to-LC SMF,,,,,,,,,,,,,,
LLDP:  Passed,US-PHX01,c160:273:44,t0-gg1-c1-01-r273-us-west-02b,SN4700,swp4,c160:273:43,2:B:3,QSFPDD-400G-DR4,,US-PHX01,c160:281:26,c160-r281-node-01-us-west-02b,gpu-h100-04,eth0,,,,QSFP-100G-DR1,LC-to-LC SMF,,,,,,,,,,,,,,
LLDP:  Passed,US-PHX01,c160:273:44,t0-gg1-c1-01-r273-us-west-02b,SN4700,swp4,c160:273:43,2:B:4,QSFPDD-400G-DR4,,US-PHX01,c160:281:12,c160-r281-node-02-us-west-02b,gpu-h100-04,eth0,,,,QSFP-100G-DR1,LC-to-LC SMF,,,,,,,,,,,,,,
LLDP:  Passed,US-PHX01,c160:273:44,t0-gg1-c1-01-r273-us-west-02b,SN4700,swp5,c160:273:43,3:A:1,QSFPDD-400G-DR4,,US-PHX01,c160:282:26,c160-r282-node-01-us-west-02b,gpu-h100-04,eth0,,,,QSFP-100G-DR1,LC-to-LC SMF,,,,,,,,,,,,,,
LLDP:  Passed,US-PHX01,c160:273:44,t0-gg1-c1-01-r273-us-west-02b,SN4700,swp5,c160:273:43,3:A:2,QSFPDD-400G-DR4,,US-PHX01,c160:282:12,c160-r282-node-02-us-west-02b,gpu-h100-04,eth0,,,,QSFP-100G-DR1,LC-to-LC SMF,,,,,,,,,,,,,,
LLDP:  Passed,US-PHX01,c160:273:44,t0-gg1-c1-01-r273-us-west-02b,SN4700,swp5,c160:273:43,3:A:3,QSFPDD-400G-DR4,,US-PHX01,c160:283:26,c160-r283-node-01-us-west-02b,gpu-h100-04,eth0,,,,QSFP-100G-DR1,LC-to-LC SMF,,,,,,,,,,,,,,
LLDP:  Passed,US-PHX01,c160:273:44,t0-gg1-c1-01-r273-us-west-02b,SN4700,swp5,c160:273:43,3:A:4,QSFPDD-400G-DR4,,US-PHX01,c160:283:12,c160-r283-node-02-us-west-02b,gpu-h100-04,eth0,,,,QSFP-100G-DR1,LC-to-LC SMF,,,,,,,,,,,,,,
Cable Is Ran: Complete,US-PHX01,c160:273:44,t0-gg1-c1-01-r273-us-west-02b,SN4700,swp6,c160:273:43,3:B:1,QSFPDD-400G-DR4,,,,,,,,,,,,,,,,,,,,,,,,,
Cable Is Ran: Complete,US-PHX01,c160:273:44,t0-gg1-c1-01-r273-us-west-02b,SN4700,swp6,c160:273:43,3:B:2,QSFPDD-400G-DR4,,,,,,,,,,,,,,,,,,,,,,,,,
Cable Is Ran: Complete,US-PHX01,c160:273:44,t0-gg1-c1-01-r273-us-west-02b,SN4700,swp6,c160:273:43,3:B:3,QSFPDD-400G-DR4,,,,,,,,,,,,,,,,,,,,,,,,,
Cable Is Ran: Complete,US-PHX01,c160:273:44,t0-gg1-c1-01-r273-us-west-02b,SN4700,swp6,c160:273:43,3:B:4,QSFPDD-400G-DR4,,,,,,,,,,,,,,,,,,,,,,,,,
,,,,,,,,,,,,,,,,,,,,,,,,,,,,,,,,,
LLDP:  Passed,US-PHX01,c160:273:42,t0-gg1-c1-02-r273-us-west-02b,SN4700,swp1,c160:273:41,1:A:1,QSFPDD-400G-DR4,,US-PHX01,c160:274:26,c160-r274-node-01-us-west-02b,gpu-h100-04,eth1,,,,QSFP-100G-DR1,LC-to-LC SMF,,,,,,,,,,,,,,
LLDP:  Passed,US-PHX01,c160:273:42,t0-gg1-c1-02-r273-us-west-02b,SN4700,swp1,c160:273:41,1:A:2,QSFPDD-400G-DR4,,US-PHX01,c160:274:12,c160-r274-node-02-us-west-02b,gpu-h100-04,eth1,,,,QSFP-100G-DR1,LC-to-LC SMF,,,,,,,,,,,,,,
LLDP:  Passed,US-PHX01,c160:273:42,t0-gg1-c1-02-r273-us-west-02b,SN4700,swp1,c160:273:41,1:A:3,QSFPDD-400G-DR4,,US-PHX01,c160:275:26,c160-r275-node-01-us-west-02b,gpu-h100-04,eth1,,,,QSFP-100G-DR1,LC-to-LC SMF,,,,,,,,,,,,,,
LLDP:  Passed,US-PHX01,c160:273:42,t0-gg1-c1-02-r273-us-west-02b,SN4700,swp1,c160:273:41,1:A:4,QSFPDD-400G-DR4,,US-PHX01,c160:275:12,c160-r275-node-02-us-west-02b,gpu-h100-04,eth1,,,,QSFP-100G-DR1,LC-to-LC SMF,,,,,,,,,,,,,,
LLDP:  Passed,US-PHX01,c160:273:42,t0-gg1-c1-02-r273-us-west-02b,SN4700,swp2,c160:273:41,1:B:1,QSFPDD-400G-DR4,,US-PHX01,c160:276:26,c160-r276-node-01-us-west-02b,gpu-h100-04,eth1,,,,QSFP-100G-DR1,LC-to-LC SMF,,,,,,,,,,,,,,
LLDP:  Passed,US-PHX01,c160:273:42,t0-gg1-c1-02-r273-us-west-02b,SN4700,swp2,c160:273:41,1:B:2,QSFPDD-400G-DR4,,US-PHX01,c160:276:12,c160-r276-node-02-us-west-02b,gpu-h100-04,eth1,,,,QSFP-100G-DR1,LC-to-LC SMF,,,,,,,,,,,,,,
LLDP:  Passed,US-PHX01,c160:273:42,t0-gg1-c1-02-r273-us-west-02b,SN4700,swp2,c160:273:41,1:B:3,QSFPDD-400G-DR4,,US-PHX01,c160:277:26,c160-r277-node-01-us-west-02b,gpu-h100-04,eth1,,,,QSFP-100G-DR1,LC-to-LC SMF,,,,,,,,,,,,,,
LLDP:  Passed,US-PHX01,c160:273:42,t0-gg1-c1-02-r273-us-west-02b,SN4700,swp2,c160:273:41,1:B:4,QSFPDD-400G-DR4,,US-PHX01,c160:277:12,c160-r277-node-02-us-west-02b,gpu-h100-04,eth1,,,,QSFP-100G-DR1,LC-to-LC SMF,,,,,,,,,,,,,,
LLDP:  Passed,US-PHX01,c160:273:42,t0-gg1-c1-02-r273-us-west-02b,SN4700,swp3,c160:273:41,2:A:1,QSFPDD-400G-DR4,,US-PHX01,c160:278:26,c160-r278-node-01-us-west-02b,gpu-h100-04,eth1,,,,QSFP-100G-DR1,LC-to-LC SMF,,,,,,,,,,,,,,
LLDP:  Passed,US-PHX01,c160:273:42,t0-gg1-c1-02-r273-us-west-02b,SN4700,swp3,c160:273:41,2:A:2,QSFPDD-400G-DR4,,US-PHX01,c160:278:12,c160-r278-node-02-us-west-02b,gpu-h100-04,eth1,,,,QSFP-100G-DR1,LC-to-LC SMF,,,,,,,,,,,,,,
LLDP:  Passed,US-PHX01,c160:273:42,t0-gg1-c1-02-r273-us-west-02b,SN4700,swp3,c160:273:41,2:A:3,QSFPDD-400G-DR4,,US-PHX01,c160:279:26,c160-r279-node-01-us-west-02b,gpu-h100-04,eth1,,,,QSFP-100G-DR1,LC-to-LC SMF,,,,,,,,,,,,,,
LLDP:  Passed,US-PHX01,c160:273:42,t0-gg1-c1-02-r273-us-west-02b,SN4700,swp3,c160:273:41,2:A:4,QSFPDD-400G-DR4,,US-PHX01,c160:279:12,c160-r279-node-02-us-west-02b,gpu-h100-04,eth1,,,,QSFP-100G-DR1,LC-to-LC SMF,,,,,,,,,,,,,,
LLDP:  Passed,US-PHX01,c160:273:42,t0-gg1-c1-02-r273-us-west-02b,SN4700,swp4,c160:273:41,2:B:1,QSFPDD-400G-DR4,,US-PHX01,c160:280:26,c160-r280-node-01-us-west-02b,gpu-h100-04,eth1,,,,QSFP-100G-DR1,LC-to-LC SMF,,,,,,,,,,,,,,
LLDP:  Passed,US-PHX01,c160:273:42,t0-gg1-c1-02-r273-us-west-02b,SN4700,swp4,c160:273:41,2:B:2,QSFPDD-400G-DR4,,US-PHX01,c160:280:12,c160-r280-node-02-us-west-02b,gpu-h100-04,eth1,,,,QSFP-100G-DR1,LC-to-LC SMF,,,,,,,,,,,,,,
LLDP:  Passed,US-PHX01,c160:273:42,t0-gg1-c1-02-r273-us-west-02b,SN4700,swp4,c160:273:41,2:B:3,QSFPDD-400G-DR4,,US-PHX01,c160:281:26,c160-r281-node-01-us-west-02b,gpu-h100-04,eth1,,,,QSFP-100G-DR1,LC-to-LC SMF,,,,,,,,,,,,,,
LLDP:  Passed,US-PHX01,c160:273:42,t0-gg1-c1-02-r273-us-west-02b,SN4700,swp4,c160:273:41,2:B:4,QSFPDD-400G-DR4,,US-PHX01,c160:281:12,c160-r281-node-02-us-west-02b,gpu-h100-04,eth1,,,,QSFP-100G-DR1,LC-to-LC SMF,,,,,,,,,,,,,,
LLDP:  Passed,US-PHX01,c160:273:42,t0-gg1-c1-02-r273-us-west-02b,SN4700,swp5,c160:273:41,3:A:1,QSFPDD-400G-DR4,,US-PHX01,c160:282:26,c160-r282-node-01-us-west-02b,gpu-h100-04,eth1,,,,QSFP-100G-DR1,LC-to-LC SMF,,,,,,,,,,,,,,
LLDP:  Passed,US-PHX01,c160:273:42,t0-gg1-c1-02-r273-us-west-02b,SN4700,swp5,c160:273:41,3:A:2,QSFPDD-400G-DR4,,US-PHX01,c160:282:12,c160-r282-node-02-us-west-02b,gpu-h100-04,eth1,,,,QSFP-100G-DR1,LC-to-LC SMF,,,,,,,,,,,,,,
LLDP:  Passed,US-PHX01,c160:273:42,t0-gg1-c1-02-r273-us-west-02b,SN4700,swp5,c160:273:41,3:A:3,QSFPDD-400G-DR4,,US-PHX01,c160:283:26,c160-r283-node-01-us-west-02b,gpu-h100-04,eth1,,,,QSFP-100G-DR1,LC-to-LC SMF,,,,,,,,,,,,,,
LLDP:  Passed,US-PHX01,c160:273:42,t0-gg1-c1-02-r273-us-west-02b,SN4700,swp5,c160:273:41,3:A:4,QSFPDD-400G-DR4,,US-PHX01,c160:283:12,c160-r283-node-02-us-west-02b,gpu-h100-04,eth1,,,,QSFP-100G-DR1,LC-to-LC SMF,,,,,,,,,,,,,,
Cable Is Ran: Complete,US-PHX01,c160:273:42,t0-gg1-c1-02-r273-us-west-02b,SN4700,swp6,c160:273:41,3:B:1,QSFPDD-400G-DR4,,,,,,,,,,,,,,,,,,,,,,,,,
Cable Is Ran: Complete,US-PHX01,c160:273:42,t0-gg1-c1-02-r273-us-west-02b,SN4700,swp6,c160:273:41,3:B:2,QSFPDD-400G-DR4,,,,,,,,,,,,,,,,,,,,,,,,,
Cable Is Ran: Complete,US-PHX01,c160:273:42,t0-gg1-c1-02-r273-us-west-02b,SN4700,swp6,c160:273:41,3:B:3,QSFPDD-400G-DR4,,,,,,,,,,,,,,,,,,,,,,,,,
Cable Is Ran: Complete,US-PHX01,c160:273:42,t0-gg1-c1-02-r273-us-west-02b,SN4700,swp6,c160:273:41,3:B:4,QSFPDD-400G-DR4,,,,,,,,,,,,,,,,,,,,,,,,,
,,,,,,,,,,,,,,,,,,,,,,,,,,,,,,,,,
LLDP:  Passed,US-PHX01,c160:273:39,ipmi-gg1-c1-r273-us-west-02b,SN2201,swp1,,,,,US-PHX01,c160:274:26,c160-r274-node-01-us-west-02b,gpu-h100-04,ipmi,,,,,CAT6a,,,,,,,,,,,,,,
LLDP:  Passed,US-PHX01,c160:273:39,ipmi-gg1-c1-r273-us-west-02b,SN2201,swp2,,,,,US-PHX01,c160:274:12,c160-r274-node-02-us-west-02b,gpu-h100-04,ipmi,,,,,CAT6a,,,,,,,,,,,,,,
LLDP:  Passed,US-PHX01,c160:273:39,ipmi-gg1-c1-r273-us-west-02b,SN2201,swp3,,,,,US-PHX01,c160:275:26,c160-r275-node-01-us-west-02b,gpu-h100-04,ipmi,,,,,CAT6a,,,,,,,,,,,,,,
LLDP:  Passed,US-PHX01,c160:273:39,ipmi-gg1-c1-r273-us-west-02b,SN2201,swp4,,,,,US-PHX01,c160:275:12,c160-r275-node-02-us-west-02b,gpu-h100-04,ipmi,,,,,CAT6a,,,,,,,,,,,,,,
LLDP:  Passed,US-PHX01,c160:273:39,ipmi-gg1-c1-r273-us-west-02b,SN2201,swp5,,,,,US-PHX01,c160:276:26,c160-r276-node-01-us-west-02b,gpu-h100-04,ipmi,,,,,CAT6a,,,,,,,,,,,,,,
LLDP:  Passed,US-PHX01,c160:273:39,ipmi-gg1-c1-r273-us-west-02b,SN2201,swp6,,,,,US-PHX01,c160:276:12,c160-r276-node-02-us-west-02b,gpu-h100-04,ipmi,,,,,CAT6a,,,,,,,,,,,,,,
LLDP:  Passed,US-PHX01,c160:273:39,ipmi-gg1-c1-r273-us-west-02b,SN2201,swp7,,,,,US-PHX01,c160:277:26,c160-r277-node-01-us-west-02b,gpu-h100-04,ipmi,,,,,CAT6a,,,,,,,,,,,,,,
LLDP:  Passed,US-PHX01,c160:273:39,ipmi-gg1-c1-r273-us-west-02b,SN2201,swp8,,,,,US-PHX01,c160:277:12,c160-r277-node-02-us-west-02b,gpu-h100-04,ipmi,,,,,CAT6a,,,,,,,,,,,,,,
LLDP:  Passed,US-PHX01,c160:273:39,ipmi-gg1-c1-r273-us-west-02b,SN2201,swp9,,,,,US-PHX01,c160:278:26,c160-r278-node-01-us-west-02b,gpu-h100-04,ipmi,,,,,CAT6a,,,,,,,,,,,,,,
LLDP:  Passed,US-PHX01,c160:273:39,ipmi-gg1-c1-r273-us-west-02b,SN2201,swp10,,,,,US-PHX01,c160:278:12,c160-r278-node-02-us-west-02b,gpu-h100-04,ipmi,,,,,CAT6a,,,,,,,,,,,,,,
LLDP:  Passed,US-PHX01,c160:273:39,ipmi-gg1-c1-r273-us-west-02b,SN2201,swp11,,,,,US-PHX01,c160:279:26,c160-r279-node-01-us-west-02b,gpu-h100-04,ipmi,,,,,CAT6a,,,,,,,,,,,,,,
LLDP:  Passed,US-PHX01,c160:273:39,ipmi-gg1-c1-r273-us-west-02b,SN2201,swp12,,,,,US-PHX01,c160:279:12,c160-r279-node-02-us-west-02b,gpu-h100-04,ipmi,,,,,CAT6a,,,,,,,,,,,,,,
LLDP:  Passed,US-PHX01,c160:273:39,ipmi-gg1-c1-r273-us-west-02b,SN2201,swp13,,,,,US-PHX01,c160:280:26,c160-r280-node-01-us-west-02b,gpu-h100-04,ipmi,,,,,CAT6a,,,,,,,,,,,,,,
LLDP:  Passed,US-PHX01,c160:273:39,ipmi-gg1-c1-r273-us-west-02b,SN2201,swp14,,,,,US-PHX01,c160:280:12,c160-r280-node-02-us-west-02b,gpu-h100-04,ipmi,,,,,CAT6a,,,,,,,,,,,,,,
LLDP:  Passed,US-PHX01,c160:273:39,ipmi-gg1-c1-r273-us-west-02b,SN2201,swp15,,,,,US-PHX01,c160:281:26,c160-r281-node-01-us-west-02b,gpu-h100-04,ipmi,,,,,CAT6a,,,,,,,,,,,,,,
LLDP:  Passed,US-PHX01,c160:273:39,ipmi-gg1-c1-r273-us-west-02b,SN2201,swp16,,,,,US-PHX01,c160:281:12,c160-r281-node-02-us-west-02b,gpu-h100-04,ipmi,,,,,CAT6a,,,,,,,,,,,,,,
LLDP:  Passed,US-PHX01,c160:273:39,ipmi-gg1-c1-r273-us-west-02b,SN2201,swp17,,,,,US-PHX01,c160:282:26,c160-r282-node-01-us-west-02b,gpu-h100-04,ipmi,,,,,CAT6a,,,,,,,,,,,,,,
LLDP:  Passed,US-PHX01,c160:273:39,ipmi-gg1-c1-r273-us-west-02b,SN2201,swp18,,,,,US-PHX01,c160:282:12,c160-r282-node-02-us-west-02b,gpu-h100-04,ipmi,,,,,CAT6a,,,,,,,,,,,,,,
LLDP:  Passed,US-PHX01,c160:273:39,ipmi-gg1-c1-r273-us-west-02b,SN2201,swp19,,,,,US-PHX01,c160:283:26,c160-r283-node-01-us-west-02b,gpu-h100-04,ipmi,,,,,CAT6a,,,,,,,,,,,,,,
LLDP:  Passed,US-PHX01,c160:273:39,ipmi-gg1-c1-r273-us-west-02b,SN2201,swp20,,,,,US-PHX01,c160:283:12,c160-r283-node-02-us-west-02b,gpu-h100-04,ipmi,,,,,CAT6a,,,,,,,,,,,,,,
Cable Is Ran: Complete,US-PHX01,c160:273:39,ipmi-gg1-c1-r273-us-west-02b,SN2201,swp21,,,,,,,,,ipmi,,,,,CAT6a,,,,,,,,,,,,,,
Cable Is Ran: Complete,US-PHX01,c160:273:39,ipmi-gg1-c1-r273-us-west-02b,SN2201,swp22,,,,,,,,,ipmi,,,,,CAT6a,,,,,,,,,,,,,,
,,,,,,,,,,,,,,,,,,,,,,,,,,,,,,,,,
LLDP:  Passed,US-PHX01,c160:273:37,dpu-gg1-c1-r273-us-west-02b,SN2201,swp1,,,,,US-PHX01,c160:274:26,c160-r274-node-01-us-west-02b,gpu-h100-04,dpu,,,,,CAT6a,,,,,,,,,,,,,,
LLDP:  Passed,US-PHX01,c160:273:37,dpu-gg1-c1-r273-us-west-02b,SN2201,swp2,,,,,US-PHX01,c160:274:12,c160-r274-node-02-us-west-02b,gpu-h100-04,dpu,,,,,CAT6a,,,,,,,,,,,,,,
LLDP:  Passed,US-PHX01,c160:273:37,dpu-gg1-c1-r273-us-west-02b,SN2201,swp3,,,,,US-PHX01,c160:275:26,c160-r275-node-01-us-west-02b,gpu-h100-04,dpu,,,,,CAT6a,,,,,,,,,,,,,,
LLDP:  Passed,US-PHX01,c160:273:37,dpu-gg1-c1-r273-us-west-02b,SN2201,swp4,,,,,US-PHX01,c160:275:12,c160-r275-node-02-us-west-02b,gpu-h100-04,dpu,,,,,CAT6a,,,,,,,,,,,,,,
LLDP:  Passed,US-PHX01,c160:273:37,dpu-gg1-c1-r273-us-west-02b,SN2201,swp5,,,,,US-PHX01,c160:276:26,c160-r276-node-01-us-west-02b,gpu-h100-04,dpu,,,,,CAT6a,,,,,,,,,,,,,,
LLDP:  Passed,US-PHX01,c160:273:37,dpu-gg1-c1-r273-us-west-02b,SN2201,swp6,,,,,US-PHX01,c160:276:12,c160-r276-node-02-us-west-02b,gpu-h100-04,dpu,,,,,CAT6a,,,,,,,,,,,,,,
LLDP:  Passed,US-PHX01,c160:273:37,dpu-gg1-c1-r273-us-west-02b,SN2201,swp7,,,,,US-PHX01,c160:277:26,c160-r277-node-01-us-west-02b,gpu-h100-04,dpu,,,,,CAT6a,,,,,,,,,,,,,,
LLDP:  Passed,US-PHX01,c160:273:37,dpu-gg1-c1-r273-us-west-02b,SN2201,swp8,,,,,US-PHX01,c160:277:12,c160-r277-node-02-us-west-02b,gpu-h100-04,dpu,,,,,CAT6a,,,,,,,,,,,,,,
LLDP:  Passed,US-PHX01,c160:273:37,dpu-gg1-c1-r273-us-west-02b,SN2201,swp9,,,,,US-PHX01,c160:278:26,c160-r278-node-01-us-west-02b,gpu-h100-04,dpu,,,,,CAT6a,,,,,,,,,,,,,,
LLDP:  Passed,US-PHX01,c160:273:37,dpu-gg1-c1-r273-us-west-02b,SN2201,swp10,,,,,US-PHX01,c160:278:12,c160-r278-node-02-us-west-02b,gpu-h100-04,dpu,,,,,CAT6a,,,,,,,,,,,,,,
LLDP:  Passed,US-PHX01,c160:273:37,dpu-gg1-c1-r273-us-west-02b,SN2201,swp11,,,,,US-PHX01,c160:279:26,c160-r279-node-01-us-west-02b,gpu-h100-04,dpu,,,,,CAT6a,,,,,,,,,,,,,,
LLDP:  Passed,US-PHX01,c160:273:37,dpu-gg1-c1-r273-us-west-02b,SN2201,swp12,,,,,US-PHX01,c160:279:12,c160-r279-node-02-us-west-02b,gpu-h100-04,dpu,,,,,CAT6a,,,,,,,,,,,,,,
LLDP:  Passed,US-PHX01,c160:273:37,dpu-gg1-c1-r273-us-west-02b,SN2201,swp13,,,,,US-PHX01,c160:280:26,c160-r280-node-01-us-west-02b,gpu-h100-04,dpu,,,,,CAT6a,,,,,,,,,,,,,,
LLDP:  Passed,US-PHX01,c160:273:37,dpu-gg1-c1-r273-us-west-02b,SN2201,swp14,,,,,US-PHX01,c160:280:12,c160-r280-node-02-us-west-02b,gpu-h100-04,dpu,,,,,CAT6a,,,,,,,,,,,,,,
LLDP:  Passed,US-PHX01,c160:273:37,dpu-gg1-c1-r273-us-west-02b,SN2201,swp15,,,,,US-PHX01,c160:281:26,c160-r281-node-01-us-west-02b,gpu-h100-04,dpu,,,,,CAT6a,,,,,,,,,,,,,,
LLDP:  Passed,US-PHX01,c160:273:37,dpu-gg1-c1-r273-us-west-02b,SN2201,swp16,,,,,US-PHX01,c160:281:12,c160-r281-node-02-us-west-02b,gpu-h100-04,dpu,,,,,CAT6a,,,,,,,,,,,,,,
LLDP:  Passed,US-PHX01,c160:273:37,dpu-gg1-c1-r273-us-west-02b,SN2201,swp17,,,,,US-PHX01,c160:282:26,c160-r282-node-01-us-west-02b,gpu-h100-04,dpu,,,,,CAT6a,,,,,,,,,,,,,,
LLDP:  Passed,US-PHX01,c160:273:37,dpu-gg1-c1-r273-us-west-02b,SN2201,swp18,,,,,US-PHX01,c160:282:12,c160-r282-node-02-us-west-02b,gpu-h100-04,dpu,,,,,CAT6a,,,,,,,,,,,,,,
LLDP:  Passed,US-PHX01,c160:273:37,dpu-gg1-c1-r273-us-west-02b,SN2201,swp19,,,,,US-PHX01,c160:283:26,c160-r283-node-01-us-west-02b,gpu-h100-04,dpu,,,,,CAT6a,,,,,,,,,,,,,,
LLDP:  Passed,US-PHX01,c160:273:37,dpu-gg1-c1-r273-us-west-02b,SN2201,swp20,,,,,US-PHX01,c160:283:12,c160-r283-node-02-us-west-02b,gpu-h100-04,dpu,,,,,CAT6a,,,,,,,,,,,,,,
Cable Is Ran: Complete,US-PHX01,c160:273:37,dpu-gg1-c1-r273-us-west-02b,SN2201,swp21,,,,,,,,,dpu,,,,,CAT6a,,,,,,,,,,,,,,
Cable Is Ran: Complete,US-PHX01,c160:273:37,dpu-gg1-c1-r273-us-west-02b,SN2201,swp22,,,,,,,,,dpu,,,,,CAT6a,,,,,,,,,,,,,,
,,,,,,,,,,,,,,,,,,,,,,,,,,,,,,,,,
,,,,,,,,,,,,,,,,,,,,,,,,,,,,,,,,,
C160 :: ROW-19 :: H100's,,,,,,,,,,,,,,,,,,,,,,,,,,,,,,,,,
LLDP:  Failed,US-PHX01,c160:289:42,t0-gg1-c2-01-r289-us-west-02b,SN4700,swp1,c1260:011:41,1:A:1,QSFPDD-400G-DR4,,US-PHX01,c160:290:26,c160-r290-node-01-us-west-02b,gpu-h100-04,eth0,,,,QSFP-100G-DR1,LC-to-LC SMF,,,,,,,,,,,,,,
LLDP:  Failed,US-PHX01,c160:289:42,t0-gg1-c2-01-r289-us-west-02b,SN4700,swp1,c1260:011:41,1:A:2,QSFPDD-400G-DR4,,US-PHX01,c160:290:12,c160-r290-node-02-us-west-02b,gpu-h100-04,eth0,,,,QSFP-100G-DR1,LC-to-LC SMF,,,,,,,,,,,,,,
LLDP:  Passed,US-PHX01,c160:289:42,t0-gg1-c2-01-r289-us-west-02b,SN4700,swp1,c1260:011:41,1:A:3,QSFPDD-400G-DR4,,US-PHX01,c160:291:26,c160-r291-node-01-us-west-02b,gpu-h100-04,eth0,,,,QSFP-100G-DR1,LC-to-LC SMF,,,,,,,,,,,,,,
LLDP:  Passed,US-PHX01,c160:289:42,t0-gg1-c2-01-r289-us-west-02b,SN4700,swp1,c1260:011:41,1:A:4,QSFPDD-400G-DR4,,US-PHX01,c160:291:12,c160-r291-node-02-us-west-02b,gpu-h100-04,eth0,,,,QSFP-100G-DR1,LC-to-LC SMF,,,,,,,,,,,,,,
LLDP:  Passed,US-PHX01,c160:289:42,t0-gg1-c2-01-r289-us-west-02b,SN4700,swp2,c1260:011:41,1:B:1,QSFPDD-400G-DR4,,US-PHX01,c160:292:26,c160-r292-node-01-us-west-02b,gpu-h100-04,eth0,,,,QSFP-100G-DR1,LC-to-LC SMF,,,,,,,,,,,,,,
LLDP:  Passed,US-PHX01,c160:289:42,t0-gg1-c2-01-r289-us-west-02b,SN4700,swp2,c1260:011:41,1:B:2,QSFPDD-400G-DR4,,US-PHX01,c160:292:12,c160-r292-node-02-us-west-02b,gpu-h100-04,eth0,,,,QSFP-100G-DR1,LC-to-LC SMF,,,,,,,,,,,,,,
LLDP:  Passed,US-PHX01,c160:289:42,t0-gg1-c2-01-r289-us-west-02b,SN4700,swp2,c1260:011:41,1:B:3,QSFPDD-400G-DR4,,US-PHX01,c160:293:26,c160-r293-node-01-us-west-02b,gpu-h100-04,eth0,,,,QSFP-100G-DR1,LC-to-LC SMF,,,,,,,,,,,,,,
LLDP:  Passed,US-PHX01,c160:289:42,t0-gg1-c2-01-r289-us-west-02b,SN4700,swp2,c1260:011:41,1:B:4,QSFPDD-400G-DR4,,US-PHX01,c160:293:12,c160-r293-node-02-us-west-02b,gpu-h100-04,eth0,,,,QSFP-100G-DR1,LC-to-LC SMF,,,,,,,,,,,,,,
LLDP:  Passed,US-PHX01,c160:289:42,t0-gg1-c2-01-r289-us-west-02b,SN4700,swp3,c1260:011:41,2:A:1,QSFPDD-400G-DR4,,US-PHX01,c160:294:26,c160-r294-node-01-us-west-02b,gpu-h100-04,eth0,,,,QSFP-100G-DR1,LC-to-LC SMF,,,,,,,,,,,,,,
LLDP:  Passed,US-PHX01,c160:289:42,t0-gg1-c2-01-r289-us-west-02b,SN4700,swp3,c1260:011:41,2:A:2,QSFPDD-400G-DR4,,US-PHX01,c160:294:12,c160-r294-node-02-us-west-02b,gpu-h100-04,eth0,,,,QSFP-100G-DR1,LC-to-LC SMF,,,,,,,,,,,,,,
LLDP:  Passed,US-PHX01,c160:289:42,t0-gg1-c2-01-r289-us-west-02b,SN4700,swp3,c1260:011:41,2:A:3,QSFPDD-400G-DR4,,US-PHX01,c160:295:26,c160-r295-node-01-us-west-02b,gpu-h100-04,eth0,,,,QSFP-100G-DR1,LC-to-LC SMF,,,,,,,,,,,,,,
LLDP:  Passed,US-PHX01,c160:289:42,t0-gg1-c2-01-r289-us-west-02b,SN4700,swp3,c1260:011:41,2:A:4,QSFPDD-400G-DR4,,US-PHX01,c160:295:12,c160-r295-node-02-us-west-02b,gpu-h100-04,eth0,,,,QSFP-100G-DR1,LC-to-LC SMF,,,,,,,,,,,,,,
LLDP:  Passed,US-PHX01,c160:289:42,t0-gg1-c2-01-r289-us-west-02b,SN4700,swp4,c1260:011:41,2:B:1,QSFPDD-400G-DR4,,US-PHX01,c160:296:26,c160-r296-node-01-us-west-02b,gpu-h100-04,eth0,,,,QSFP-100G-DR1,LC-to-LC SMF,,,,,,,,,,,,,,
LLDP:  Passed,US-PHX01,c160:289:42,t0-gg1-c2-01-r289-us-west-02b,SN4700,swp4,c1260:011:41,2:B:2,QSFPDD-400G-DR4,,US-PHX01,c160:296:12,c160-r296-node-02-us-west-02b,gpu-h100-04,eth0,,,,QSFP-100G-DR1,LC-to-LC SMF,,,,,,,,,,,,,,
LLDP:  Passed,US-PHX01,c160:289:42,t0-gg1-c2-01-r289-us-west-02b,SN4700,swp4,c1260:011:41,2:B:3,QSFPDD-400G-DR4,,US-PHX01,c160:297:26,c160-r297-node-01-us-west-02b,gpu-h100-04,eth0,,,,QSFP-100G-DR1,LC-to-LC SMF,,,,,,,,,,,,,,
LLDP:  Passed,US-PHX01,c160:289:42,t0-gg1-c2-01-r289-us-west-02b,SN4700,swp4,c1260:011:41,2:B:4,QSFPDD-400G-DR4,,US-PHX01,c160:297:12,c160-r297-node-02-us-west-02b,gpu-h100-04,eth0,,,,QSFP-100G-DR1,LC-to-LC SMF,,,,,,,,,,,,,,
LLDP:  Passed,US-PHX01,c160:289:42,t0-gg1-c2-01-r289-us-west-02b,SN4700,swp5,c1260:011:41,3:A:1,QSFPDD-400G-DR4,,US-PHX01,c160:298:26,c160-r298-node-01-us-west-02b,gpu-h100-04,eth0,,,,QSFP-100G-DR1,LC-to-LC SMF,,,,,,,,,,,,,,
LLDP:  Passed,US-PHX01,c160:289:42,t0-gg1-c2-01-r289-us-west-02b,SN4700,swp5,c1260:011:41,3:A:2,QSFPDD-400G-DR4,,US-PHX01,c160:298:12,c160-r298-node-02-us-west-02b,gpu-h100-04,eth0,,,,QSFP-100G-DR1,LC-to-LC SMF,,,,,,,,,,,,,,
LLDP:  Failed,US-PHX01,c160:289:42,t0-gg1-c2-01-r289-us-west-02b,SN4700,swp5,c1260:011:41,3:A:3,QSFPDD-400G-DR4,,US-PHX01,c160:299:26,c160-r299-node-01-us-west-02b,gpu-h100-04,eth0,,,,QSFP-100G-DR1,LC-to-LC SMF,,,,,,,,,,,,,,
LLDP:  Passed,US-PHX01,c160:289:42,t0-gg1-c2-01-r289-us-west-02b,SN4700,swp5,c1260:011:41,3:A:4,QSFPDD-400G-DR4,,US-PHX01,c160:299:12,c160-r299-node-02-us-west-02b,gpu-h100-04,eth0,,,,QSFP-100G-DR1,LC-to-LC SMF,,,,,,,,,,,,,,
,,,,,,,,,,,,,,,,,,,,,,,,,,,,,,,,,
,,,,,,,,,,,,,,,,,,,,,,,,,,,,,,,,,
LLDP:  Passed,US-PHX01,c160:289:40,t0-gg1-c2-02-r289-us-west-02b,SN4700,swp1,c1260:011:39,1:A:1,QSFPDD-400G-DR4,,US-PHX01,c160:290:26,c160-r290-node-01-us-west-02b,gpu-h100-04,eth1,,,,QSFP-100G-DR1,LC-to-LC SMF,,,,,,,,,,,,,,
LLDP:  Failed,US-PHX01,c160:289:40,t0-gg1-c2-02-r289-us-west-02b,SN4700,swp1,c1260:011:39,1:A:2,QSFPDD-400G-DR4,,US-PHX01,c160:290:12,c160-r290-node-02-us-west-02b,gpu-h100-04,eth1,,,,QSFP-100G-DR1,LC-to-LC SMF,,,,,,,,,,,,,,
LLDP:  Passed,US-PHX01,c160:289:40,t0-gg1-c2-02-r289-us-west-02b,SN4700,swp1,c1260:011:39,1:A:3,QSFPDD-400G-DR4,,US-PHX01,c160:291:26,c160-r291-node-01-us-west-02b,gpu-h100-04,eth1,,,,QSFP-100G-DR1,LC-to-LC SMF,,,,,,,,,,,,,,
LLDP:  Passed,US-PHX01,c160:289:40,t0-gg1-c2-02-r289-us-west-02b,SN4700,swp1,c1260:011:39,1:A:4,QSFPDD-400G-DR4,,US-PHX01,c160:291:12,c160-r291-node-02-us-west-02b,gpu-h100-04,eth1,,,,QSFP-100G-DR1,LC-to-LC SMF,,,,,,,,,,,,,,
LLDP:  Passed,US-PHX01,c160:289:40,t0-gg1-c2-02-r289-us-west-02b,SN4700,swp2,c1260:011:39,1:B:1,QSFPDD-400G-DR4,,US-PHX01,c160:292:26,c160-r292-node-01-us-west-02b,gpu-h100-04,eth1,,,,QSFP-100G-DR1,LC-to-LC SMF,,,,,,,,,,,,,,
LLDP:  Passed,US-PHX01,c160:289:40,t0-gg1-c2-02-r289-us-west-02b,SN4700,swp2,c1260:011:39,1:B:2,QSFPDD-400G-DR4,,US-PHX01,c160:292:12,c160-r292-node-02-us-west-02b,gpu-h100-04,eth1,,,,QSFP-100G-DR1,LC-to-LC SMF,,,,,,,,,,,,,,
LLDP:  Passed,US-PHX01,c160:289:40,t0-gg1-c2-02-r289-us-west-02b,SN4700,swp2,c1260:011:39,1:B:3,QSFPDD-400G-DR4,,US-PHX01,c160:293:26,c160-r293-node-01-us-west-02b,gpu-h100-04,eth1,,,,QSFP-100G-DR1,LC-to-LC SMF,,,,,,,,,,,,,,
LLDP:  Passed,US-PHX01,c160:289:40,t0-gg1-c2-02-r289-us-west-02b,SN4700,swp2,c1260:011:39,1:B:4,QSFPDD-400G-DR4,,US-PHX01,c160:293:12,c160-r293-node-02-us-west-02b,gpu-h100-04,eth1,,,,QSFP-100G-DR1,LC-to-LC SMF,,,,,,,,,,,,,,
LLDP:  Passed,US-PHX01,c160:289:40,t0-gg1-c2-02-r289-us-west-02b,SN4700,swp3,c1260:011:39,2:A:1,QSFPDD-400G-DR4,,US-PHX01,c160:294:26,c160-r294-node-01-us-west-02b,gpu-h100-04,eth1,,,,QSFP-100G-DR1,LC-to-LC SMF,,,,,,,,,,,,,,
LLDP:  Passed,US-PHX01,c160:289:40,t0-gg1-c2-02-r289-us-west-02b,SN4700,swp3,c1260:011:39,2:A:2,QSFPDD-400G-DR4,,US-PHX01,c160:294:12,c160-r294-node-02-us-west-02b,gpu-h100-04,eth1,,,,QSFP-100G-DR1,LC-to-LC SMF,,,,,,,,,,,,,,
LLDP:  Passed,US-PHX01,c160:289:40,t0-gg1-c2-02-r289-us-west-02b,SN4700,swp3,c1260:011:39,2:A:3,QSFPDD-400G-DR4,,US-PHX01,c160:295:26,c160-r295-node-01-us-west-02b,gpu-h100-04,eth1,,,,QSFP-100G-DR1,LC-to-LC SMF,,,,,,,,,,,,,,
LLDP:  Passed,US-PHX01,c160:289:40,t0-gg1-c2-02-r289-us-west-02b,SN4700,swp3,c1260:011:39,2:A:4,QSFPDD-400G-DR4,,US-PHX01,c160:295:12,c160-r295-node-02-us-west-02b,gpu-h100-04,eth1,,,,QSFP-100G-DR1,LC-to-LC SMF,,,,,,,,,,,,,,
LLDP:  Passed,US-PHX01,c160:289:40,t0-gg1-c2-02-r289-us-west-02b,SN4700,swp4,c1260:011:39,2:B:1,QSFPDD-400G-DR4,,US-PHX01,c160:296:26,c160-r296-node-01-us-west-02b,gpu-h100-04,eth1,,,,QSFP-100G-DR1,LC-to-LC SMF,,,,,,,,,,,,,,
LLDP:  Passed,US-PHX01,c160:289:40,t0-gg1-c2-02-r289-us-west-02b,SN4700,swp4,c1260:011:39,2:B:2,QSFPDD-400G-DR4,,US-PHX01,c160:296:12,c160-r296-node-02-us-west-02b,gpu-h100-04,eth1,,,,QSFP-100G-DR1,LC-to-LC SMF,,,,,,,,,,,,,,
LLDP:  Passed,US-PHX01,c160:289:40,t0-gg1-c2-02-r289-us-west-02b,SN4700,swp4,c1260:011:39,2:B:3,QSFPDD-400G-DR4,,US-PHX01,c160:297:26,c160-r297-node-01-us-west-02b,gpu-h100-04,eth1,,,,QSFP-100G-DR1,LC-to-LC SMF,,,,,,,,,,,,,,
LLDP:  Passed,US-PHX01,c160:289:40,t0-gg1-c2-02-r289-us-west-02b,SN4700,swp4,c1260:011:39,2:B:4,QSFPDD-400G-DR4,,US-PHX01,c160:297:12,c160-r297-node-02-us-west-02b,gpu-h100-04,eth1,,,,QSFP-100G-DR1,LC-to-LC SMF,,,,,,,,,,,,,,
LLDP:  Passed,US-PHX01,c160:289:40,t0-gg1-c2-02-r289-us-west-02b,SN4700,swp5,c1260:011:39,3:A:1,QSFPDD-400G-DR4,,US-PHX01,c160:298:26,c160-r298-node-01-us-west-02b,gpu-h100-04,eth1,,,,QSFP-100G-DR1,LC-to-LC SMF,,,,,,,,,,,,,,
LLDP:  Passed,US-PHX01,c160:289:40,t0-gg1-c2-02-r289-us-west-02b,SN4700,swp5,c1260:011:39,3:A:2,QSFPDD-400G-DR4,,US-PHX01,c160:298:12,c160-r298-node-02-us-west-02b,gpu-h100-04,eth1,,,,QSFP-100G-DR1,LC-to-LC SMF,,,,,,,,,,,,,,
LLDP:  Passed,US-PHX01,c160:289:40,t0-gg1-c2-02-r289-us-west-02b,SN4700,swp5,c1260:011:39,3:A:3,QSFPDD-400G-DR4,,US-PHX01,c160:299:26,c160-r299-node-01-us-west-02b,gpu-h100-04,eth1,,,,QSFP-100G-DR1,LC-to-LC SMF,,,,,,,,,,,,,,
LLDP:  Passed,US-PHX01,c160:289:40,t0-gg1-c2-02-r289-us-west-02b,SN4700,swp5,c1260:011:39,3:A:4,QSFPDD-400G-DR4,,US-PHX01,c160:299:12,c160-r299-node-02-us-west-02b,gpu-h100-04,eth1,,,,QSFP-100G-DR1,LC-to-LC SMF,,,,,,,,,,,,,,
,,,,,,,,,,,,,,,,,,,,,,,,,,,,,,,,,
,,,,,,,,,,,,,,,,,,,,,,,,,,,,,,,,,
LLDP:  Passed,US-PHX01,c160:289:18,ipmi-gg1-c2-r289-us-west-02b,SN2201,swp1,,,,,US-PHX01,c160:290:26,c160-r290-node-01-us-west-02b,gpu-h100-04,ipmi,,,,,CAT6a,,,,,,,,,,,,,,
LLDP:  Passed,US-PHX01,c160:289:18,ipmi-gg1-c2-r289-us-west-02b,SN2201,swp2,,,,,US-PHX01,c160:290:12,c160-r290-node-02-us-west-02b,gpu-h100-04,ipmi,,,,,CAT6a,,,,,,,,,,,,,,
LLDP:  Passed,US-PHX01,c160:289:18,ipmi-gg1-c2-r289-us-west-02b,SN2201,swp3,,,,,US-PHX01,c160:291:26,c160-r291-node-01-us-west-02b,gpu-h100-04,ipmi,,,,,CAT6a,,,,,,,,,,,,,,
LLDP:  Passed,US-PHX01,c160:289:18,ipmi-gg1-c2-r289-us-west-02b,SN2201,swp4,,,,,US-PHX01,c160:291:12,c160-r291-node-02-us-west-02b,gpu-h100-04,ipmi,,,,,CAT6a,,,,,,,,,,,,,,
LLDP:  Passed,US-PHX01,c160:289:18,ipmi-gg1-c2-r289-us-west-02b,SN2201,swp5,,,,,US-PHX01,c160:292:26,c160-r292-node-01-us-west-02b,gpu-h100-04,ipmi,,,,,CAT6a,,,,,,,,,,,,,,
LLDP:  Passed,US-PHX01,c160:289:18,ipmi-gg1-c2-r289-us-west-02b,SN2201,swp6,,,,,US-PHX01,c160:292:12,c160-r292-node-02-us-west-02b,gpu-h100-04,ipmi,,,,,CAT6a,,,,,,,,,,,,,,
LLDP:  Passed,US-PHX01,c160:289:18,ipmi-gg1-c2-r289-us-west-02b,SN2201,swp7,,,,,US-PHX01,c160:293:26,c160-r293-node-01-us-west-02b,gpu-h100-04,ipmi,,,,,CAT6a,,,,,,,,,,,,,,
LLDP:  Passed,US-PHX01,c160:289:18,ipmi-gg1-c2-r289-us-west-02b,SN2201,swp8,,,,,US-PHX01,c160:293:12,c160-r293-node-02-us-west-02b,gpu-h100-04,ipmi,,,,,CAT6a,,,,,,,,,,,,,,
LLDP:  Passed,US-PHX01,c160:289:18,ipmi-gg1-c2-r289-us-west-02b,SN2201,swp9,,,,,US-PHX01,c160:294:26,c160-r294-node-01-us-west-02b,gpu-h100-04,ipmi,,,,,CAT6a,,,,,,,,,,,,,,
LLDP:  Passed,US-PHX01,c160:289:18,ipmi-gg1-c2-r289-us-west-02b,SN2201,swp10,,,,,US-PHX01,c160:294:12,c160-r294-node-02-us-west-02b,gpu-h100-04,ipmi,,,,,CAT6a,,,,,,,,,,,,,,
LLDP:  Passed,US-PHX01,c160:289:18,ipmi-gg1-c2-r289-us-west-02b,SN2201,swp11,,,,,US-PHX01,c160:295:26,c160-r295-node-01-us-west-02b,gpu-h100-04,ipmi,,,,,CAT6a,,,,,,,,,,,,,,
LLDP:  Passed,US-PHX01,c160:289:18,ipmi-gg1-c2-r289-us-west-02b,SN2201,swp12,,,,,US-PHX01,c160:295:12,c160-r295-node-02-us-west-02b,gpu-h100-04,ipmi,,,,,CAT6a,,,,,,,,,,,,,,
LLDP:  Passed,US-PHX01,c160:289:18,ipmi-gg1-c2-r289-us-west-02b,SN2201,swp13,,,,,US-PHX01,c160:296:26,c160-r296-node-01-us-west-02b,gpu-h100-04,ipmi,,,,,CAT6a,,,,,,,,,,,,,,
LLDP:  Passed,US-PHX01,c160:289:18,ipmi-gg1-c2-r289-us-west-02b,SN2201,swp14,,,,,US-PHX01,c160:296:12,c160-r296-node-02-us-west-02b,gpu-h100-04,ipmi,,,,,CAT6a,,,,,,,,,,,,,,
LLDP:  Passed,US-PHX01,c160:289:18,ipmi-gg1-c2-r289-us-west-02b,SN2201,swp15,,,,,US-PHX01,c160:297:26,c160-r297-node-01-us-west-02b,gpu-h100-04,ipmi,,,,,CAT6a,,,,,,,,,,,,,,
LLDP:  Passed,US-PHX01,c160:289:18,ipmi-gg1-c2-r289-us-west-02b,SN2201,swp16,,,,,US-PHX01,c160:297:12,c160-r297-node-02-us-west-02b,gpu-h100-04,ipmi,,,,,CAT6a,,,,,,,,,,,,,,
LLDP:  Passed,US-PHX01,c160:289:18,ipmi-gg1-c2-r289-us-west-02b,SN2201,swp17,,,,,US-PHX01,c160:298:26,c160-r298-node-01-us-west-02b,gpu-h100-04,ipmi,,,,,CAT6a,,,,,,,,,,,,,,
LLDP:  Passed,US-PHX01,c160:289:18,ipmi-gg1-c2-r289-us-west-02b,SN2201,swp18,,,,,US-PHX01,c160:298:12,c160-r298-node-02-us-west-02b,gpu-h100-04,ipmi,,,,,CAT6a,,,,,,,,,,,,,,
LLDP:  Passed,US-PHX01,c160:289:18,ipmi-gg1-c2-r289-us-west-02b,SN2201,swp19,,,,,US-PHX01,c160:299:26,c160-r299-node-01-us-west-02b,gpu-h100-04,ipmi,,,,,CAT6a,,,,,,,,,,,,,,
LLDP:  Passed,US-PHX01,c160:289:18,ipmi-gg1-c2-r289-us-west-02b,SN2201,swp20,,,,,US-PHX01,c160:299:12,c160-r299-node-02-us-west-02b,gpu-h100-04,ipmi,,,,,CAT6a,,,,,,,,,,,,,,
,,,,,,,,,,,,,,,,,,,,,,,,,,,,,,,,,
,,,,,,,,,,,,,,,,,,,,,,,,,,,,,,,,,
,,,,,,,,,,,,,,,,,,,,,,,,,,,,,,,,,
LLDP:  Passed,US-PHX01,c160:289:16,dpu-gg1-c2-r289-us-west-02b,SN2201,swp1,,,,,US-PHX01,c160:290:26,c160-r290-node-01-us-west-02b,gpu-h100-04,dpu,,,,,CAT6a,,,,,,,,,,,,,,
LLDP:  Failed,US-PHX01,c160:289:16,dpu-gg1-c2-r289-us-west-02b,SN2201,swp2,,,,,US-PHX01,c160:290:12,c160-r290-node-02-us-west-02b,gpu-h100-04,dpu,,,,,CAT6a,,,,,,,,,,,,,,
LLDP:  Passed,US-PHX01,c160:289:16,dpu-gg1-c2-r289-us-west-02b,SN2201,swp3,,,,,US-PHX01,c160:291:26,c160-r291-node-01-us-west-02b,gpu-h100-04,dpu,,,,,CAT6a,,,,,,,,,,,,,,
LLDP:  Passed,US-PHX01,c160:289:16,dpu-gg1-c2-r289-us-west-02b,SN2201,swp4,,,,,US-PHX01,c160:291:12,c160-r291-node-02-us-west-02b,gpu-h100-04,dpu,,,,,CAT6a,,,,,,,,,,,,,,
LLDP:  Passed,US-PHX01,c160:289:16,dpu-gg1-c2-r289-us-west-02b,SN2201,swp5,,,,,US-PHX01,c160:292:26,c160-r292-node-01-us-west-02b,gpu-h100-04,dpu,,,,,CAT6a,,,,,,,,,,,,,,
LLDP:  Passed,US-PHX01,c160:289:16,dpu-gg1-c2-r289-us-west-02b,SN2201,swp6,,,,,US-PHX01,c160:292:12,c160-r292-node-02-us-west-02b,gpu-h100-04,dpu,,,,,CAT6a,,,,,,,,,,,,,,
LLDP:  Passed,US-PHX01,c160:289:16,dpu-gg1-c2-r289-us-west-02b,SN2201,swp7,,,,,US-PHX01,c160:293:26,c160-r293-node-01-us-west-02b,gpu-h100-04,dpu,,,,,CAT6a,,,,,,,,,,,,,,
LLDP:  Passed,US-PHX01,c160:289:16,dpu-gg1-c2-r289-us-west-02b,SN2201,swp8,,,,,US-PHX01,c160:293:12,c160-r293-node-02-us-west-02b,gpu-h100-04,dpu,,,,,CAT6a,,,,,,,,,,,,,,
LLDP:  Passed,US-PHX01,c160:289:16,dpu-gg1-c2-r289-us-west-02b,SN2201,swp9,,,,,US-PHX01,c160:294:26,c160-r294-node-01-us-west-02b,gpu-h100-04,dpu,,,,,CAT6a,,,,,,,,,,,,,,
LLDP:  Passed,US-PHX01,c160:289:16,dpu-gg1-c2-r289-us-west-02b,SN2201,swp10,,,,,US-PHX01,c160:294:12,c160-r294-node-02-us-west-02b,gpu-h100-04,dpu,,,,,CAT6a,,,,,,,,,,,,,,
LLDP:  Passed,US-PHX01,c160:289:16,dpu-gg1-c2-r289-us-west-02b,SN2201,swp11,,,,,US-PHX01,c160:295:26,c160-r295-node-01-us-west-02b,gpu-h100-04,dpu,,,,,CAT6a,,,,,,,,,,,,,,
LLDP:  Passed,US-PHX01,c160:289:16,dpu-gg1-c2-r289-us-west-02b,SN2201,swp12,,,,,US-PHX01,c160:295:12,c160-r295-node-02-us-west-02b,gpu-h100-04,dpu,,,,,CAT6a,,,,,,,,,,,,,,
LLDP:  Passed,US-PHX01,c160:289:16,dpu-gg1-c2-r289-us-west-02b,SN2201,swp13,,,,,US-PHX01,c160:296:26,c160-r296-node-01-us-west-02b,gpu-h100-04,dpu,,,,,CAT6a,,,,,,,,,,,,,,
LLDP:  Passed,US-PHX01,c160:289:16,dpu-gg1-c2-r289-us-west-02b,SN2201,swp14,,,,,US-PHX01,c160:296:12,c160-r296-node-02-us-west-02b,gpu-h100-04,dpu,,,,,CAT6a,,,,,,,,,,,,,,
LLDP:  Passed,US-PHX01,c160:289:16,dpu-gg1-c2-r289-us-west-02b,SN2201,swp15,,,,,US-PHX01,c160:297:26,c160-r297-node-01-us-west-02b,gpu-h100-04,dpu,,,,,CAT6a,,,,,,,,,,,,,,
LLDP:  Passed,US-PHX01,c160:289:16,dpu-gg1-c2-r289-us-west-02b,SN2201,swp16,,,,,US-PHX01,c160:297:12,c160-r297-node-02-us-west-02b,gpu-h100-04,dpu,,,,,CAT6a,,,,,,,,,,,,,,
LLDP:  Passed,US-PHX01,c160:289:16,dpu-gg1-c2-r289-us-west-02b,SN2201,swp17,,,,,US-PHX01,c160:298:26,c160-r298-node-01-us-west-02b,gpu-h100-04,dpu,,,,,CAT6a,,,,,,,,,,,,,,
LLDP:  Passed,US-PHX01,c160:289:16,dpu-gg1-c2-r289-us-west-02b,SN2201,swp18,,,,,US-PHX01,c160:298:12,c160-r298-node-02-us-west-02b,gpu-h100-04,dpu,,,,,CAT6a,,,,,,,,,,,,,,
LLDP:  Passed,US-PHX01,c160:289:16,dpu-gg1-c2-r289-us-west-02b,SN2201,swp19,,,,,US-PHX01,c160:299:26,c160-r299-node-01-us-west-02b,gpu-h100-04,dpu,,,,,CAT6a,,,,,,,,,,,,,,
LLDP:  Passed,US-PHX01,c160:289:16,dpu-gg1-c2-r289-us-west-02b,SN2201,swp20,,,,,US-PHX01,c160:299:12,c160-r299-node-02-us-west-02b,gpu-h100-04,dpu,,,,,CAT6a,,,,,,,,,,,,,,
,,,,,,,,,,,,,,,,,,,,,,,,,,,,,,,,,
,,,,,,,,,,,,,,,,,,,,,,,,,,,,,,,,,
,,,,,,,,,,,,,,,,,,,,,,,,,,,,,,,,,
C160 :: ROW-20 :: H100's,,,,,,,,,,,,,,,,,,,,,,,,,,,,,,,,,
LLDP:  Passed,US-PHX01,c160:305:44,t0-gg1-c2-01-r305-us-west-02b,SN4700,swp1,c160:305:43,1:A:1,QSFPDD-400G-DR4,,US-PHX01,c160:306:26,c160-r306-node-01-us-west-02b,gpu-h100-04,eth0,,,,QSFP-100G-DR1,LC-to-LC SMF,,,,,,,,,,,,,,
LLDP:  Passed,US-PHX01,c160:305:44,t0-gg1-c2-01-r305-us-west-02b,SN4700,swp1,c160:305:43,1:A:2,QSFPDD-400G-DR4,,US-PHX01,c160:306:12,c160-r306-node-02-us-west-02b,gpu-h100-04,eth0,,,,QSFP-100G-DR1,LC-to-LC SMF,,,,,,,,,,,,,,
LLDP:  Passed,US-PHX01,c160:305:44,t0-gg1-c2-01-r305-us-west-02b,SN4700,swp1,c160:305:43,1:A:3,QSFPDD-400G-DR4,,US-PHX01,c160:307:26,c160-r307-node-01-us-west-02b,gpu-h100-04,eth0,,,,QSFP-100G-DR1,LC-to-LC SMF,,,,,,,,,,,,,,
LLDP:  Passed,US-PHX01,c160:305:44,t0-gg1-c2-01-r305-us-west-02b,SN4700,swp1,c160:305:43,1:A:4,QSFPDD-400G-DR4,,US-PHX01,c160:307:12,c160-r307-node-02-us-west-02b,gpu-h100-04,eth0,,,,QSFP-100G-DR1,LC-to-LC SMF,,,,,,,,,,,,,,
LLDP:  Passed,US-PHX01,c160:305:44,t0-gg1-c2-01-r305-us-west-02b,SN4700,swp2,c160:305:43,1:B:1,QSFPDD-400G-DR4,,US-PHX01,c160:308:26,c160-r308-node-01-us-west-02b,gpu-h100-04,eth0,,,,QSFP-100G-DR1,LC-to-LC SMF,,,,,,,,,,,,,,
LLDP:  Passed,US-PHX01,c160:305:44,t0-gg1-c2-01-r305-us-west-02b,SN4700,swp2,c160:305:43,1:B:2,QSFPDD-400G-DR4,,US-PHX01,c160:308:12,c160-r308-node-02-us-west-02b,gpu-h100-04,eth0,,,,QSFP-100G-DR1,LC-to-LC SMF,,,,,,,,,,,,,,
LLDP:  Failed,US-PHX01,c160:305:44,t0-gg1-c2-01-r305-us-west-02b,SN4700,swp2,c160:305:43,1:B:3,QSFPDD-400G-DR4,,US-PHX01,c160:309:26,c160-r309-node-01-us-west-02b,gpu-h100-04,eth0,,,,QSFP-100G-DR1,LC-to-LC SMF,,,,,,,,,,,,,,
LLDP:  Passed,US-PHX01,c160:305:44,t0-gg1-c2-01-r305-us-west-02b,SN4700,swp2,c160:305:43,1:B:4,QSFPDD-400G-DR4,,US-PHX01,c160:309:12,c160-r309-node-02-us-west-02b,gpu-h100-04,eth0,,,,QSFP-100G-DR1,LC-to-LC SMF,,,,,,,,,,,,,,
LLDP:  Passed,US-PHX01,c160:305:44,t0-gg1-c2-01-r305-us-west-02b,SN4700,swp3,c160:305:43,2:A:1,QSFPDD-400G-DR4,,US-PHX01,c160:310:26,c160-r310-node-01-us-west-02b,gpu-h100-04,eth0,,,,QSFP-100G-DR1,LC-to-LC SMF,,,,,,,,,,,,,,
LLDP:  Passed,US-PHX01,c160:305:44,t0-gg1-c2-01-r305-us-west-02b,SN4700,swp3,c160:305:43,2:A:2,QSFPDD-400G-DR4,,US-PHX01,c160:310:12,c160-r310-node-02-us-west-02b,gpu-h100-04,eth0,,,,QSFP-100G-DR1,LC-to-LC SMF,,,,,,,,,,,,,,
LLDP:  Passed,US-PHX01,c160:305:44,t0-gg1-c2-01-r305-us-west-02b,SN4700,swp3,c160:305:43,2:A:3,QSFPDD-400G-DR4,,US-PHX01,c160:311:26,c160-r311-node-01-us-west-02b,gpu-h100-04,eth0,,,,QSFP-100G-DR1,LC-to-LC SMF,,,,,,,,,,,,,,
LLDP:  Failed,US-PHX01,c160:305:44,t0-gg1-c2-01-r305-us-west-02b,SN4700,swp3,c160:305:43,2:A:4,QSFPDD-400G-DR4,,US-PHX01,c160:311:12,c160-r311-node-02-us-west-02b,gpu-h100-04,eth0,,,,QSFP-100G-DR1,LC-to-LC SMF,,,,,,,,,,,,,,
LLDP:  Passed,US-PHX01,c160:305:44,t0-gg1-c2-01-r305-us-west-02b,SN4700,swp4,c160:305:43,2:B:1,QSFPDD-400G-DR4,,US-PHX01,c160:312:26,c160-r312-node-01-us-west-02b,gpu-h100-04,eth0,,,,QSFP-100G-DR1,LC-to-LC SMF,,,,,,,,,,,,,,
LLDP:  Passed,US-PHX01,c160:305:44,t0-gg1-c2-01-r305-us-west-02b,SN4700,swp4,c160:305:43,2:B:2,QSFPDD-400G-DR4,,US-PHX01,c160:312:12,c160-r312-node-02-us-west-02b,gpu-h100-04,eth0,,,,QSFP-100G-DR1,LC-to-LC SMF,,,,,,,,,,,,,,
LLDP:  Passed,US-PHX01,c160:305:44,t0-gg1-c2-01-r305-us-west-02b,SN4700,swp4,c160:305:43,2:B:3,QSFPDD-400G-DR4,,US-PHX01,c160:313:26,c160-r313-node-01-us-west-02b,gpu-h100-04,eth0,,,,QSFP-100G-DR1,LC-to-LC SMF,,,,,,,,,,,,,,
LLDP:  Passed,US-PHX01,c160:305:44,t0-gg1-c2-01-r305-us-west-02b,SN4700,swp4,c160:305:43,2:B:4,QSFPDD-400G-DR4,,US-PHX01,c160:313:12,c160-r313-node-02-us-west-02b,gpu-h100-04,eth0,,,,QSFP-100G-DR1,LC-to-LC SMF,,,,,,,,,,,,,,
LLDP:  Passed,US-PHX01,c160:305:44,t0-gg1-c2-01-r305-us-west-02b,SN4700,swp5,c160:305:43,3:A:1,QSFPDD-400G-DR4,,US-PHX01,c160:314:26,c160-r314-node-01-us-west-02b,gpu-h100-04,eth0,,,,QSFP-100G-DR1,LC-to-LC SMF,,,,,,,,,,,,,,
LLDP:  Passed,US-PHX01,c160:305:44,t0-gg1-c2-01-r305-us-west-02b,SN4700,swp5,c160:305:43,3:A:2,QSFPDD-400G-DR4,,US-PHX01,c160:314:12,c160-r314-node-02-us-west-02b,gpu-h100-04,eth0,,,,QSFP-100G-DR1,LC-to-LC SMF,,,,,,,,,,,,,,
LLDP:  Passed,US-PHX01,c160:305:44,t0-gg1-c2-01-r305-us-west-02b,SN4700,swp5,c160:305:43,3:A:3,QSFPDD-400G-DR4,,US-PHX01,c160:315:26,c160-r315-node-01-us-west-02b,gpu-h100-04,eth0,,,,QSFP-100G-DR1,LC-to-LC SMF,,,,,,,,,,,,,,
LLDP:  Passed,US-PHX01,c160:305:44,t0-gg1-c2-01-r305-us-west-02b,SN4700,swp5,c160:305:43,3:A:4,QSFPDD-400G-DR4,,US-PHX01,c160:315:12,c160-r315-node-02-us-west-02b,gpu-h100-04,eth0,,,,QSFP-100G-DR1,LC-to-LC SMF,,,,,,,,,,,,,,
LLDP:  Passed,US-PHX01,c160:305:44,t0-gg1-c2-01-r305-us-west-02b,SN4700,swp6,c160:305:43,3:B:1,QSFPDD-400G-DR4,,US-PHX01,c160:316:24,c160-r316-node-01-us-west-02b,GPU-H100-01,eth0,,,,QSFP-100G-DR1,LC-to-LC SMF,,,,,,,,,,,,,,
,,,,,,,,,,,,,,,,,,,,,,,,,,,,,,,,,
,,,,,,,,,,,,,,,,,,,,,,,,,,,,,,,,,
,,,,,,,,,,,,,,,,,,,,,,,,,,,,,,,,,
,,,,,,,,,,,,,,,,,,,,,,,,,,,,,,,,,
,,,,,,,,,,,,,,,,,,,,,,,,,,,,,,,,,
,,,,,,,,,,,,,,,,,,,,,,,,,,,,,,,,,
LLDP:  Passed,US-PHX01,c160:305:42,t0-gg1-c2-02-r305-us-west-02b,SN4700,swp1,c160:305:41,1:A:1,QSFPDD-400G-DR4,,US-PHX01,c160:306:26,c160-r306-node-01-us-west-02b,gpu-h100-04,eth1,,,,QSFP-100G-DR1,LC-to-LC SMF,,,,,,,,,,,,,,
LLDP:  Passed,US-PHX01,c160:305:42,t0-gg1-c2-02-r305-us-west-02b,SN4700,swp1,c160:305:41,1:A:2,QSFPDD-400G-DR4,,US-PHX01,c160:306:12,c160-r306-node-02-us-west-02b,gpu-h100-04,eth1,,,,QSFP-100G-DR1,LC-to-LC SMF,,,,,,,,,,,,,,
LLDP:  Passed,US-PHX01,c160:305:42,t0-gg1-c2-02-r305-us-west-02b,SN4700,swp1,c160:305:41,1:A:3,QSFPDD-400G-DR4,,US-PHX01,c160:307:26,c160-r307-node-01-us-west-02b,gpu-h100-04,eth1,,,,QSFP-100G-DR1,LC-to-LC SMF,,,,,,,,,,,,,,
LLDP:  Passed,US-PHX01,c160:305:42,t0-gg1-c2-02-r305-us-west-02b,SN4700,swp1,c160:305:41,1:A:4,QSFPDD-400G-DR4,,US-PHX01,c160:307:12,c160-r307-node-02-us-west-02b,gpu-h100-04,eth1,,,,QSFP-100G-DR1,LC-to-LC SMF,,,,,,,,,,,,,,
LLDP:  Failed,US-PHX01,c160:305:42,t0-gg1-c2-02-r305-us-west-02b,SN4700,swp2,c160:305:41,1:B:1,QSFPDD-400G-DR4,,US-PHX01,c160:308:26,c160-r308-node-01-us-west-02b,gpu-h100-04,eth1,,,,QSFP-100G-DR1,LC-to-LC SMF,,,,,,,,,,,,,,
LLDP:  Failed,US-PHX01,c160:305:42,t0-gg1-c2-02-r305-us-west-02b,SN4700,swp2,c160:305:41,1:B:2,QSFPDD-400G-DR4,,US-PHX01,c160:308:12,c160-r308-node-02-us-west-02b,gpu-h100-04,eth1,,,,QSFP-100G-DR1,LC-to-LC SMF,,,,,,,,,,,,,,
LLDP:  Failed,US-PHX01,c160:305:42,t0-gg1-c2-02-r305-us-west-02b,SN4700,swp2,c160:305:41,1:B:3,QSFPDD-400G-DR4,,US-PHX01,c160:309:26,c160-r309-node-01-us-west-02b,gpu-h100-04,eth1,,,,QSFP-100G-DR1,LC-to-LC SMF,,,,,,,,,,,,,,
LLDP:  Failed,US-PHX01,c160:305:42,t0-gg1-c2-02-r305-us-west-02b,SN4700,swp2,c160:305:41,1:B:4,QSFPDD-400G-DR4,,US-PHX01,c160:309:12,c160-r309-node-02-us-west-02b,gpu-h100-04,eth1,,,,QSFP-100G-DR1,LC-to-LC SMF,,,,,,,,,,,,,,
LLDP:  Passed,US-PHX01,c160:305:42,t0-gg1-c2-02-r305-us-west-02b,SN4700,swp3,c160:305:41,2:A:1,QSFPDD-400G-DR4,,US-PHX01,c160:310:26,c160-r310-node-01-us-west-02b,gpu-h100-04,eth1,,,,QSFP-100G-DR1,LC-to-LC SMF,,,,,,,,,,,,,,
LLDP:  Passed,US-PHX01,c160:305:42,t0-gg1-c2-02-r305-us-west-02b,SN4700,swp3,c160:305:41,2:A:2,QSFPDD-400G-DR4,,US-PHX01,c160:310:12,c160-r310-node-02-us-west-02b,gpu-h100-04,eth1,,,,QSFP-100G-DR1,LC-to-LC SMF,,,,,,,,,,,,,,
LLDP:  Passed,US-PHX01,c160:305:42,t0-gg1-c2-02-r305-us-west-02b,SN4700,swp3,c160:305:41,2:A:3,QSFPDD-400G-DR4,,US-PHX01,c160:311:26,c160-r311-node-01-us-west-02b,gpu-h100-04,eth1,,,,QSFP-100G-DR1,LC-to-LC SMF,,,,,,,,,,,,,,
LLDP:  Failed,US-PHX01,c160:305:42,t0-gg1-c2-02-r305-us-west-02b,SN4700,swp3,c160:305:41,2:A:4,QSFPDD-400G-DR4,,US-PHX01,c160:311:12,c160-r311-node-02-us-west-02b,gpu-h100-04,eth1,,,,QSFP-100G-DR1,LC-to-LC SMF,,,,,,,,,,,,,,
LLDP:  Passed,US-PHX01,c160:305:42,t0-gg1-c2-02-r305-us-west-02b,SN4700,swp4,c160:305:41,2:B:1,QSFPDD-400G-DR4,,US-PHX01,c160:312:26,c160-r312-node-01-us-west-02b,gpu-h100-04,eth1,,,,QSFP-100G-DR1,LC-to-LC SMF,,,,,,,,,,,,,,
LLDP:  Passed,US-PHX01,c160:305:42,t0-gg1-c2-02-r305-us-west-02b,SN4700,swp4,c160:305:41,2:B:2,QSFPDD-400G-DR4,,US-PHX01,c160:312:12,c160-r312-node-02-us-west-02b,gpu-h100-04,eth1,,,,QSFP-100G-DR1,LC-to-LC SMF,,,,,,,,,,,,,,
LLDP:  Passed,US-PHX01,c160:305:42,t0-gg1-c2-02-r305-us-west-02b,SN4700,swp4,c160:305:41,2:B:3,QSFPDD-400G-DR4,,US-PHX01,c160:313:26,c160-r313-node-01-us-west-02b,gpu-h100-04,eth1,,,,QSFP-100G-DR1,LC-to-LC SMF,,,,,,,,,,,,,,
LLDP:  Passed,US-PHX01,c160:305:42,t0-gg1-c2-02-r305-us-west-02b,SN4700,swp4,c160:305:41,2:B:4,QSFPDD-400G-DR4,,US-PHX01,c160:313:12,c160-r313-node-02-us-west-02b,gpu-h100-04,eth1,,,,QSFP-100G-DR1,LC-to-LC SMF,,,,,,,,,,,,,,
LLDP:  Passed,US-PHX01,c160:305:42,t0-gg1-c2-02-r305-us-west-02b,SN4700,swp5,c160:305:41,3:A:1,QSFPDD-400G-DR4,,US-PHX01,c160:314:26,c160-r314-node-01-us-west-02b,gpu-h100-04,eth1,,,,QSFP-100G-DR1,LC-to-LC SMF,,,,,,,,,,,,,,
LLDP:  Passed,US-PHX01,c160:305:42,t0-gg1-c2-02-r305-us-west-02b,SN4700,swp5,c160:305:41,3:A:2,QSFPDD-400G-DR4,,US-PHX01,c160:314:12,c160-r314-node-02-us-west-02b,gpu-h100-04,eth1,,,,QSFP-100G-DR1,LC-to-LC SMF,,,,,,,,,,,,,,
LLDP:  Passed,US-PHX01,c160:305:42,t0-gg1-c2-02-r305-us-west-02b,SN4700,swp5,c160:305:41,3:A:3,QSFPDD-400G-DR4,,US-PHX01,c160:315:26,c160-r315-node-01-us-west-02b,gpu-h100-04,eth1,,,,QSFP-100G-DR1,LC-to-LC SMF,,,,,,,,,,,,,,
LLDP:  Passed,US-PHX01,c160:305:42,t0-gg1-c2-02-r305-us-west-02b,SN4700,swp5,c160:305:41,3:A:4,QSFPDD-400G-DR4,,US-PHX01,c160:315:12,c160-r315-node-02-us-west-02b,gpu-h100-04,eth1,,,,QSFP-100G-DR1,LC-to-LC SMF,,,,,,,,,,,,,,
LLDP:  Passed,US-PHX01,c160:305:42,t0-gg1-c2-02-r305-us-west-02b,SN4700,swp6,c160:305:41,3:B:1,QSFPDD-400G-DR4,,US-PHX01,c160:316:24,c160-r316-node-01-us-west-02b,GPU-H100-01,eth1,,,,QSFP-100G-DR1,LC-to-LC SMF,,,,,,,,,,,,,,
,,,,,,,,,,,,,,,,,,,,,,,,,,,,,,,,,
,,,,,,,,,,,,,,,,,,,,,,,,,,,,,,,,,
,,,,,,,,,,,,,,,,,,,,,,,,,,,,,,,,,
,,,,,,,,,,,,,,,,,,,,,,,,,,,,,,,,,
,,,,,,,,,,,,,,,,,,,,,,,,,,,,,,,,,
,,,,,,,,,,,,,,,,,,,,,,,,,,,,,,,,,
LLDP:  Passed,US-PHX01,c160:305:39,ipmi-gg1-c2-r305-us-west-02b,SN2201,swp1,,,,,US-PHX01,c160:306:26,c160-r306-node-01-us-west-02b,gpu-h100-04,ipmi,,,,,CAT6a,,,,,,,,,,,,,,
LLDP:  Passed,US-PHX01,c160:305:39,ipmi-gg1-c2-r305-us-west-02b,SN2201,swp2,,,,,US-PHX01,c160:306:12,c160-r306-node-02-us-west-02b,gpu-h100-04,ipmi,,,,,CAT6a,,,,,,,,,,,,,,
LLDP:  Passed,US-PHX01,c160:305:39,ipmi-gg1-c2-r305-us-west-02b,SN2201,swp3,,,,,US-PHX01,c160:307:26,c160-r307-node-01-us-west-02b,gpu-h100-04,ipmi,,,,,CAT6a,,,,,,,,,,,,,,
LLDP:  Passed,US-PHX01,c160:305:39,ipmi-gg1-c2-r305-us-west-02b,SN2201,swp4,,,,,US-PHX01,c160:307:12,c160-r307-node-02-us-west-02b,gpu-h100-04,ipmi,,,,,CAT6a,,,,,,,,,,,,,,
LLDP:  Passed,US-PHX01,c160:305:39,ipmi-gg1-c2-r305-us-west-02b,SN2201,swp5,,,,,US-PHX01,c160:308:26,c160-r308-node-01-us-west-02b,gpu-h100-04,ipmi,,,,,CAT6a,,,,,,,,,,,,,,
LLDP:  Passed,US-PHX01,c160:305:39,ipmi-gg1-c2-r305-us-west-02b,SN2201,swp6,,,,,US-PHX01,c160:308:12,c160-r308-node-02-us-west-02b,gpu-h100-04,ipmi,,,,,CAT6a,,,,,,,,,,,,,,
LLDP:  Passed,US-PHX01,c160:305:39,ipmi-gg1-c2-r305-us-west-02b,SN2201,swp7,,,,,US-PHX01,c160:309:26,c160-r309-node-01-us-west-02b,gpu-h100-04,ipmi,,,,,CAT6a,,,,,,,,,,,,,,
LLDP:  Passed,US-PHX01,c160:305:39,ipmi-gg1-c2-r305-us-west-02b,SN2201,swp8,,,,,US-PHX01,c160:309:12,c160-r309-node-02-us-west-02b,gpu-h100-04,ipmi,,,,,CAT6a,,,,,,,,,,,,,,
LLDP:  Passed,US-PHX01,c160:305:39,ipmi-gg1-c2-r305-us-west-02b,SN2201,swp9,,,,,US-PHX01,c160:310:26,c160-r310-node-01-us-west-02b,gpu-h100-04,ipmi,,,,,CAT6a,,,,,,,,,,,,,,
LLDP:  Passed,US-PHX01,c160:305:39,ipmi-gg1-c2-r305-us-west-02b,SN2201,swp10,,,,,US-PHX01,c160:310:12,c160-r310-node-02-us-west-02b,gpu-h100-04,ipmi,,,,,CAT6a,,,,,,,,,,,,,,
LLDP:  Passed,US-PHX01,c160:305:39,ipmi-gg1-c2-r305-us-west-02b,SN2201,swp11,,,,,US-PHX01,c160:311:26,c160-r311-node-01-us-west-02b,gpu-h100-04,ipmi,,,,,CAT6a,,,,,,,,,,,,,,
LLDP:  Passed,US-PHX01,c160:305:39,ipmi-gg1-c2-r305-us-west-02b,SN2201,swp12,,,,,US-PHX01,c160:311:12,c160-r311-node-02-us-west-02b,gpu-h100-04,ipmi,,,,,CAT6a,,,,,,,,,,,,,,
LLDP:  Passed,US-PHX01,c160:305:39,ipmi-gg1-c2-r305-us-west-02b,SN2201,swp13,,,,,US-PHX01,c160:312:26,c160-r312-node-01-us-west-02b,gpu-h100-04,ipmi,,,,,CAT6a,,,,,,,,,,,,,,
LLDP:  Passed,US-PHX01,c160:305:39,ipmi-gg1-c2-r305-us-west-02b,SN2201,swp14,,,,,US-PHX01,c160:312:12,c160-r312-node-02-us-west-02b,gpu-h100-04,ipmi,,,,,CAT6a,,,,,,,,,,,,,,
LLDP:  Passed,US-PHX01,c160:305:39,ipmi-gg1-c2-r305-us-west-02b,SN2201,swp15,,,,,US-PHX01,c160:313:26,c160-r313-node-01-us-west-02b,gpu-h100-04,ipmi,,,,,CAT6a,,,,,,,,,,,,,,
LLDP:  Passed,US-PHX01,c160:305:39,ipmi-gg1-c2-r305-us-west-02b,SN2201,swp16,,,,,US-PHX01,c160:313:12,c160-r313-node-02-us-west-02b,gpu-h100-04,ipmi,,,,,CAT6a,,,,,,,,,,,,,,
LLDP:  Passed,US-PHX01,c160:305:39,ipmi-gg1-c2-r305-us-west-02b,SN2201,swp17,,,,,US-PHX01,c160:314:26,c160-r314-node-01-us-west-02b,gpu-h100-04,ipmi,,,,,CAT6a,,,,,,,,,,,,,,
LLDP:  Passed,US-PHX01,c160:305:39,ipmi-gg1-c2-r305-us-west-02b,SN2201,swp18,,,,,US-PHX01,c160:314:12,c160-r314-node-02-us-west-02b,gpu-h100-04,ipmi,,,,,CAT6a,,,,,,,,,,,,,,
LLDP:  Passed,US-PHX01,c160:305:39,ipmi-gg1-c2-r305-us-west-02b,SN2201,swp19,,,,,US-PHX01,c160:315:26,c160-r315-node-01-us-west-02b,gpu-h100-04,ipmi,,,,,CAT6a,,,,,,,,,,,,,,
LLDP:  Passed,US-PHX01,c160:305:39,ipmi-gg1-c2-r305-us-west-02b,SN2201,swp20,,,,,US-PHX01,c160:315:12,c160-r315-node-02-us-west-02b,gpu-h100-04,ipmi,,,,,CAT6a,,,,,,,,,,,,,,
LLDP:  Passed,US-PHX01,c160:305:39,ipmi-gg1-c2-r305-us-west-02b,SN2201,swp21,,,,,US-PHX01,c160:316:24,c160-r316-node-01-us-west-02b,GPU-H100-01,ipmi,,,,,CAT6a,,,,,,,,,,,,,,
,,,,,,,,,,,,,,,,,,,,,,,,,,,,,,,,,
,,,,,,,,,,,,,,,,,,,,,,,,,,,,,,,,,
,,,,,,,,,,,,,,,,,,,,,,,,,,,,,,,,,
,,,,,,,,,,,,,,,,,,,,,,,,,,,,,,,,,
,,,,,,,,,,,,,,,,,,,,,,,,,,,,,,,,,
,,,,,,,,,,,,,,,,,,,,,,,,,,,,,,,,,
LLDP:  Passed,US-PHX01,c160:305:37,dpu-gg1-c2-r305-us-west-02b,SN2201,swp1,,,,,US-PHX01,c160:306:26,c160-r306-node-01-us-west-02b,gpu-h100-04,dpu,,,,,CAT6a,,,,,,,,,,,,,,
LLDP:  Passed,US-PHX01,c160:305:37,dpu-gg1-c2-r305-us-west-02b,SN2201,swp2,,,,,US-PHX01,c160:306:12,c160-r306-node-02-us-west-02b,gpu-h100-04,dpu,,,,,CAT6a,,,,,,,,,,,,,,
LLDP:  Passed,US-PHX01,c160:305:37,dpu-gg1-c2-r305-us-west-02b,SN2201,swp3,,,,,US-PHX01,c160:307:26,c160-r307-node-01-us-west-02b,gpu-h100-04,dpu,,,,,CAT6a,,,,,,,,,,,,,,
LLDP:  Passed,US-PHX01,c160:305:37,dpu-gg1-c2-r305-us-west-02b,SN2201,swp4,,,,,US-PHX01,c160:307:12,c160-r307-node-02-us-west-02b,gpu-h100-04,dpu,,,,,CAT6a,,,,,,,,,,,,,,
LLDP:  Passed,US-PHX01,c160:305:37,dpu-gg1-c2-r305-us-west-02b,SN2201,swp5,,,,,US-PHX01,c160:308:26,c160-r308-node-01-us-west-02b,gpu-h100-04,dpu,,,,,CAT6a,,,,,,,,,,,,,,
LLDP:  Passed,US-PHX01,c160:305:37,dpu-gg1-c2-r305-us-west-02b,SN2201,swp6,,,,,US-PHX01,c160:308:12,c160-r308-node-02-us-west-02b,gpu-h100-04,dpu,,,,,CAT6a,,,,,,,,,,,,,,
LLDP:  Failed,US-PHX01,c160:305:37,dpu-gg1-c2-r305-us-west-02b,SN2201,swp7,,,,,US-PHX01,c160:309:26,c160-r309-node-01-us-west-02b,gpu-h100-04,dpu,,,,,CAT6a,,,,,,,,,,,,,,
LLDP:  Passed,US-PHX01,c160:305:37,dpu-gg1-c2-r305-us-west-02b,SN2201,swp8,,,,,US-PHX01,c160:309:12,c160-r309-node-02-us-west-02b,gpu-h100-04,dpu,,,,,CAT6a,,,,,,,,,,,,,,
LLDP:  Passed,US-PHX01,c160:305:37,dpu-gg1-c2-r305-us-west-02b,SN2201,swp9,,,,,US-PHX01,c160:310:26,c160-r310-node-01-us-west-02b,gpu-h100-04,dpu,,,,,CAT6a,,,,,,,,,,,,,,
LLDP:  Passed,US-PHX01,c160:305:37,dpu-gg1-c2-r305-us-west-02b,SN2201,swp10,,,,,US-PHX01,c160:310:12,c160-r310-node-02-us-west-02b,gpu-h100-04,dpu,,,,,CAT6a,,,,,,,,,,,,,,
LLDP:  Passed,US-PHX01,c160:305:37,dpu-gg1-c2-r305-us-west-02b,SN2201,swp11,,,,,US-PHX01,c160:311:26,c160-r311-node-01-us-west-02b,gpu-h100-04,dpu,,,,,CAT6a,,,,,,,,,,,,,,
LLDP:  Failed,US-PHX01,c160:305:37,dpu-gg1-c2-r305-us-west-02b,SN2201,swp12,,,,,US-PHX01,c160:311:12,c160-r311-node-02-us-west-02b,gpu-h100-04,dpu,,,,,CAT6a,,,,,,,,,,,,,,
LLDP:  Passed,US-PHX01,c160:305:37,dpu-gg1-c2-r305-us-west-02b,SN2201,swp13,,,,,US-PHX01,c160:312:26,c160-r312-node-01-us-west-02b,gpu-h100-04,dpu,,,,,CAT6a,,,,,,,,,,,,,,
LLDP:  Passed,US-PHX01,c160:305:37,dpu-gg1-c2-r305-us-west-02b,SN2201,swp14,,,,,US-PHX01,c160:312:12,c160-r312-node-02-us-west-02b,gpu-h100-04,dpu,,,,,CAT6a,,,,,,,,,,,,,,
LLDP:  Passed,US-PHX01,c160:305:37,dpu-gg1-c2-r305-us-west-02b,SN2201,swp15,,,,,US-PHX01,c160:313:26,c160-r313-node-01-us-west-02b,gpu-h100-04,dpu,,,,,CAT6a,,,,,,,,,,,,,,
LLDP:  Passed,US-PHX01,c160:305:37,dpu-gg1-c2-r305-us-west-02b,SN2201,swp16,,,,,US-PHX01,c160:313:12,c160-r313-node-02-us-west-02b,gpu-h100-04,dpu,,,,,CAT6a,,,,,,,,,,,,,,
LLDP:  Passed,US-PHX01,c160:305:37,dpu-gg1-c2-r305-us-west-02b,SN2201,swp17,,,,,US-PHX01,c160:314:26,c160-r314-node-01-us-west-02b,gpu-h100-04,dpu,,,,,CAT6a,,,,,,,,,,,,,,
LLDP:  Passed,US-PHX01,c160:305:37,dpu-gg1-c2-r305-us-west-02b,SN2201,swp18,,,,,US-PHX01,c160:314:12,c160-r314-node-02-us-west-02b,gpu-h100-04,dpu,,,,,CAT6a,,,,,,,,,,,,,,
LLDP:  Passed,US-PHX01,c160:305:37,dpu-gg1-c2-r305-us-west-02b,SN2201,swp19,,,,,US-PHX01,c160:315:26,c160-r315-node-01-us-west-02b,gpu-h100-04,dpu,,,,,CAT6a,,,,,,,,,,,,,,
LLDP:  Passed,US-PHX01,c160:305:37,dpu-gg1-c2-r305-us-west-02b,SN2201,swp20,,,,,US-PHX01,c160:315:12,c160-r315-node-02-us-west-02b,gpu-h100-04,dpu,,,,,CAT6a,,,,,,,,,,,,,,
LLDP:  Passed,US-PHX01,c160:305:37,dpu-gg1-c2-r305-us-west-02b,SN2201,swp21,,,,,US-PHX01,c160:316:24,c160-r316-node-01-us-west-02b,GPU-H100-01,dpu,,,,,CAT6a,,,,,,,,,,,,,,
,,,,,,,,,,,,,,,,,,,,,,,,,,,,,,,,,
,,,,,,,,,,,,,,,,,,,,,,,,,,,,,,,,,
,,,,,,,,,,,,,,,,,,,,,,,,,,,,,,,,,
,,,,,,,,,,,,,,,,,,,,,,,,,,,,,,,,,
,,,,,,,,,,,,,,,,,,,,,,,,,,,,,,,,,
,,,,,,,,,,,,,,,,,,,,,,,,,,,,,,,,,
,,,,,,,,,,,,,,,,,,,,,,,,,,,,,,,,,
,,,,,,,,,,,,,,,,,,,,,,,,,,,,,,,,,
C160 :: ROW-21 :: H100's,,,,,,,,,,,,,,,,,,,,,,,,,,,,,,,,,
LLDP:  Failed,US-PHX01,c160:321:44,t0-gg1-c2-01-r321-us-west-02b,SN4700,swp1,c160:321:43,1:A:1,QSFPDD-400G-DR4,,US-PHX01,c160:322:26,c160-r322-node-01-us-west-02b,gpu-h100-04,eth0,,,,QSFP-100G-DR1,LC-to-LC SMF,,,,,,,,,,,,,,
LLDP:  Failed,US-PHX01,c160:321:44,t0-gg1-c2-01-r321-us-west-02b,SN4700,swp1,c160:321:43,1:A:2,QSFPDD-400G-DR4,,US-PHX01,c160:322:12,c160-r322-node-02-us-west-02b,gpu-h100-04,eth0,,,,QSFP-100G-DR1,LC-to-LC SMF,,,,,,,,,,,,,,
LLDP:  Failed,US-PHX01,c160:321:44,t0-gg1-c2-01-r321-us-west-02b,SN4700,swp1,c160:321:43,1:A:3,QSFPDD-400G-DR4,,US-PHX01,c160:323:26,c160-r323-node-01-us-west-02b,gpu-h100-04,eth0,,,,QSFP-100G-DR1,LC-to-LC SMF,,,,,,,,,,,,,,
LLDP:  Failed,US-PHX01,c160:321:44,t0-gg1-c2-01-r321-us-west-02b,SN4700,swp1,c160:321:43,1:A:4,QSFPDD-400G-DR4,,US-PHX01,c160:323:12,c160-r323-node-02-us-west-02b,gpu-h100-04,eth0,,,,QSFP-100G-DR1,LC-to-LC SMF,,,,,,,,,,,,,,
LLDP:  Failed,US-PHX01,c160:321:44,t0-gg1-c2-01-r321-us-west-02b,SN4700,swp2,c160:321:43,1:B:1,QSFPDD-400G-DR4,,US-PHX01,c160:324:26,c160-r324-node-01-us-west-02b,gpu-h100-04,eth0,,,,QSFP-100G-DR1,LC-to-LC SMF,,,,,,,,,,,,,,
LLDP:  Failed,US-PHX01,c160:321:44,t0-gg1-c2-01-r321-us-west-02b,SN4700,swp2,c160:321:43,1:B:2,QSFPDD-400G-DR4,,US-PHX01,c160:324:12,c160-r324-node-02-us-west-02b,gpu-h100-04,eth0,,,,QSFP-100G-DR1,LC-to-LC SMF,,,,,,,,,,,,,,
LLDP:  Passed,US-PHX01,c160:321:44,t0-gg1-c2-01-r321-us-west-02b,SN4700,swp2,c160:321:43,1:B:3,QSFPDD-400G-DR4,,US-PHX01,c160:325:26,c160-r325-node-01-us-west-02b,gpu-h100-04,eth0,,,,QSFP-100G-DR1,LC-to-LC SMF,,,,,,,,,,,,,,
LLDP:  Passed,US-PHX01,c160:321:44,t0-gg1-c2-01-r321-us-west-02b,SN4700,swp2,c160:321:43,1:B:4,QSFPDD-400G-DR4,,US-PHX01,c160:325:12,c160-r325-node-02-us-west-02b,gpu-h100-04,eth0,,,,QSFP-100G-DR1,LC-to-LC SMF,,,,,,,,,,,,,,
LLDP:  Passed,US-PHX01,c160:321:44,t0-gg1-c2-01-r321-us-west-02b,SN4700,swp3,c160:321:43,2:A:1,QSFPDD-400G-DR4,,US-PHX01,c160:326:26,c160-r326-node-01-us-west-02b,gpu-h100-04,eth0,,,,QSFP-100G-DR1,LC-to-LC SMF,,,,,,,,,,,,,,
LLDP:  Passed,US-PHX01,c160:321:44,t0-gg1-c2-01-r321-us-west-02b,SN4700,swp3,c160:321:43,2:A:2,QSFPDD-400G-DR4,,US-PHX01,c160:326:12,c160-r326-node-02-us-west-02b,gpu-h100-04,eth0,,,,QSFP-100G-DR1,LC-to-LC SMF,,,,,,,,,,,,,,
LLDP:  Passed,US-PHX01,c160:321:44,t0-gg1-c2-01-r321-us-west-02b,SN4700,swp3,c160:321:43,2:A:3,QSFPDD-400G-DR4,,US-PHX01,c160:327:26,c160-r327-node-01-us-west-02b,gpu-h100-04,eth0,,,,QSFP-100G-DR1,LC-to-LC SMF,,,,,,,,,,,,,,
LLDP:  Passed,US-PHX01,c160:321:44,t0-gg1-c2-01-r321-us-west-02b,SN4700,swp3,c160:321:43,2:A:4,QSFPDD-400G-DR4,,US-PHX01,c160:327:12,c160-r327-node-02-us-west-02b,gpu-h100-04,eth0,,,,QSFP-100G-DR1,LC-to-LC SMF,,,,,,,,,,,,,,
LLDP:  Passed,US-PHX01,c160:321:44,t0-gg1-c2-01-r321-us-west-02b,SN4700,swp4,c160:321:43,2:B:1,QSFPDD-400G-DR4,,US-PHX01,c160:328:26,c160-r328-node-01-us-west-02b,gpu-h100-04,eth0,,,,QSFP-100G-DR1,LC-to-LC SMF,,,,,,,,,,,,,,
LLDP:  Passed,US-PHX01,c160:321:44,t0-gg1-c2-01-r321-us-west-02b,SN4700,swp4,c160:321:43,2:B:2,QSFPDD-400G-DR4,,US-PHX01,c160:328:12,c160-r328-node-02-us-west-02b,gpu-h100-04,eth0,,,,QSFP-100G-DR1,LC-to-LC SMF,,,,,,,,,,,,,,
LLDP:  Passed,US-PHX01,c160:321:44,t0-gg1-c2-01-r321-us-west-02b,SN4700,swp4,c160:321:43,2:B:3,QSFPDD-400G-DR4,,US-PHX01,c160:329:26,c160-r329-node-01-us-west-02b,gpu-h100-04,eth0,,,,QSFP-100G-DR1,LC-to-LC SMF,,,,,,,,,,,,,,
LLDP:  Passed,US-PHX01,c160:321:44,t0-gg1-c2-01-r321-us-west-02b,SN4700,swp4,c160:321:43,2:B:4,QSFPDD-400G-DR4,,US-PHX01,c160:329:12,c160-r329-node-02-us-west-02b,gpu-h100-04,eth0,,,,QSFP-100G-DR1,LC-to-LC SMF,,,,,,,,,,,,,,
LLDP:  Passed,US-PHX01,c160:321:44,t0-gg1-c2-01-r321-us-west-02b,SN4700,swp5,c160:321:43,3:A:1,QSFPDD-400G-DR4,,US-PHX01,c160:330:26,c160-r330-node-01-us-west-02b,gpu-h100-04,eth0,,,,QSFP-100G-DR1,LC-to-LC SMF,,,,,,,,,,,,,,
LLDP:  Passed,US-PHX01,c160:321:44,t0-gg1-c2-01-r321-us-west-02b,SN4700,swp5,c160:321:43,3:A:2,QSFPDD-400G-DR4,,US-PHX01,c160:330:12,c160-r330-node-02-us-west-02b,gpu-h100-04,eth0,,,,QSFP-100G-DR1,LC-to-LC SMF,,,,,,,,,,,,,,
LLDP:  Passed,US-PHX01,c160:321:44,t0-gg1-c2-01-r321-us-west-02b,SN4700,swp5,c160:321:43,3:A:3,QSFPDD-400G-DR4,,US-PHX01,c160:331:26,c160-r331-node-01-us-west-02b,gpu-h100-04,eth0,,,,QSFP-100G-DR1,LC-to-LC SMF,,,,,,,,,,,,,,
LLDP:  Passed,US-PHX01,c160:321:44,t0-gg1-c2-01-r321-us-west-02b,SN4700,swp5,c160:321:43,3:A:4,QSFPDD-400G-DR4,,US-PHX01,c160:331:12,c160-r331-node-02-us-west-02b,gpu-h100-04,eth0,,,,QSFP-100G-DR1,LC-to-LC SMF,,,,,,,,,,,,,,
,,,,,,,,,,,,,,,,,,,,,,,,,,,,,,,,,
,,,,,,,,,,,,,,,,,,,,,,,,,,,,,,,,,
,,,,,,,,,,,,,,,,,,,,,,,,,,,,,,,,,
,,,,,,,,,,,,,,,,,,,,,,,,,,,,,,,,,
LLDP:  Failed,US-PHX01,c160:321:42,t0-gg1-c2-02-r321-us-west-02b,SN4700,swp1,c160:321:41,1:A:1,QSFPDD-400G-DR4,,US-PHX01,c160:322:26,c160-r322-node-01-us-west-02b,gpu-h100-04,eth1,,,,QSFP-100G-DR1,LC-to-LC SMF,,,,,,,,,,,,,,
LLDP:  Failed,US-PHX01,c160:321:42,t0-gg1-c2-02-r321-us-west-02b,SN4700,swp1,c160:321:41,1:A:2,QSFPDD-400G-DR4,,US-PHX01,c160:322:12,c160-r322-node-02-us-west-02b,gpu-h100-04,eth1,,,,QSFP-100G-DR1,LC-to-LC SMF,,,,,,,,,,,,,,
LLDP:  Failed,US-PHX01,c160:321:42,t0-gg1-c2-02-r321-us-west-02b,SN4700,swp1,c160:321:41,1:A:3,QSFPDD-400G-DR4,,US-PHX01,c160:323:26,c160-r323-node-01-us-west-02b,gpu-h100-04,eth1,,,,QSFP-100G-DR1,LC-to-LC SMF,,,,,,,,,,,,,,
LLDP:  Failed,US-PHX01,c160:321:42,t0-gg1-c2-02-r321-us-west-02b,SN4700,swp1,c160:321:41,1:A:4,QSFPDD-400G-DR4,,US-PHX01,c160:323:12,c160-r323-node-02-us-west-02b,gpu-h100-04,eth1,,,,QSFP-100G-DR1,LC-to-LC SMF,,,,,,,,,,,,,,
LLDP:  Failed,US-PHX01,c160:321:42,t0-gg1-c2-02-r321-us-west-02b,SN4700,swp2,c160:321:41,1:B:1,QSFPDD-400G-DR4,,US-PHX01,c160:324:26,c160-r324-node-01-us-west-02b,gpu-h100-04,eth1,,,,QSFP-100G-DR1,LC-to-LC SMF,,,,,,,,,,,,,,
LLDP:  Failed,US-PHX01,c160:321:42,t0-gg1-c2-02-r321-us-west-02b,SN4700,swp2,c160:321:41,1:B:2,QSFPDD-400G-DR4,,US-PHX01,c160:324:12,c160-r324-node-02-us-west-02b,gpu-h100-04,eth1,,,,QSFP-100G-DR1,LC-to-LC SMF,,,,,,,,,,,,,,
LLDP:  Passed,US-PHX01,c160:321:42,t0-gg1-c2-02-r321-us-west-02b,SN4700,swp2,c160:321:41,1:B:3,QSFPDD-400G-DR4,,US-PHX01,c160:325:26,c160-r325-node-01-us-west-02b,gpu-h100-04,eth1,,,,QSFP-100G-DR1,LC-to-LC SMF,,,,,,,,,,,,,,
LLDP:  Passed,US-PHX01,c160:321:42,t0-gg1-c2-02-r321-us-west-02b,SN4700,swp2,c160:321:41,1:B:4,QSFPDD-400G-DR4,,US-PHX01,c160:325:12,c160-r325-node-02-us-west-02b,gpu-h100-04,eth1,,,,QSFP-100G-DR1,LC-to-LC SMF,,,,,,,,,,,,,,
LLDP:  Passed,US-PHX01,c160:321:42,t0-gg1-c2-02-r321-us-west-02b,SN4700,swp3,c160:321:41,2:A:1,QSFPDD-400G-DR4,,US-PHX01,c160:326:26,c160-r326-node-01-us-west-02b,gpu-h100-04,eth1,,,,QSFP-100G-DR1,LC-to-LC SMF,,,,,,,,,,,,,,
LLDP:  Passed,US-PHX01,c160:321:42,t0-gg1-c2-02-r321-us-west-02b,SN4700,swp3,c160:321:41,2:A:2,QSFPDD-400G-DR4,,US-PHX01,c160:326:12,c160-r326-node-02-us-west-02b,gpu-h100-04,eth1,,,,QSFP-100G-DR1,LC-to-LC SMF,,,,,,,,,,,,,,
LLDP:  Failed,US-PHX01,c160:321:42,t0-gg1-c2-02-r321-us-west-02b,SN4700,swp3,c160:321:41,2:A:3,QSFPDD-400G-DR4,,US-PHX01,c160:327:26,c160-r327-node-01-us-west-02b,gpu-h100-04,eth1,,,,QSFP-100G-DR1,LC-to-LC SMF,,,,,,,,,,,,,,
LLDP:  Failed,US-PHX01,c160:321:42,t0-gg1-c2-02-r321-us-west-02b,SN4700,swp3,c160:321:41,2:A:4,QSFPDD-400G-DR4,,US-PHX01,c160:327:12,c160-r327-node-02-us-west-02b,gpu-h100-04,eth1,,,,QSFP-100G-DR1,LC-to-LC SMF,,,,,,,,,,,,,,
LLDP:  Passed,US-PHX01,c160:321:42,t0-gg1-c2-02-r321-us-west-02b,SN4700,swp4,c160:321:41,2:B:1,QSFPDD-400G-DR4,,US-PHX01,c160:328:26,c160-r328-node-01-us-west-02b,gpu-h100-04,eth1,,,,QSFP-100G-DR1,LC-to-LC SMF,,,,,,,,,,,,,,
LLDP:  Passed,US-PHX01,c160:321:42,t0-gg1-c2-02-r321-us-west-02b,SN4700,swp4,c160:321:41,2:B:2,QSFPDD-400G-DR4,,US-PHX01,c160:328:12,c160-r328-node-02-us-west-02b,gpu-h100-04,eth1,,,,QSFP-100G-DR1,LC-to-LC SMF,,,,,,,,,,,,,,
LLDP:  Failed,US-PHX01,c160:321:42,t0-gg1-c2-02-r321-us-west-02b,SN4700,swp4,c160:321:41,2:B:3,QSFPDD-400G-DR4,,US-PHX01,c160:329:26,c160-r329-node-01-us-west-02b,gpu-h100-04,eth1,,,,QSFP-100G-DR1,LC-to-LC SMF,,,,,,,,,,,,,,
LLDP:  Passed,US-PHX01,c160:321:42,t0-gg1-c2-02-r321-us-west-02b,SN4700,swp4,c160:321:41,2:B:4,QSFPDD-400G-DR4,,US-PHX01,c160:329:12,c160-r329-node-02-us-west-02b,gpu-h100-04,eth1,,,,QSFP-100G-DR1,LC-to-LC SMF,,,,,,,,,,,,,,
LLDP:  Passed,US-PHX01,c160:321:42,t0-gg1-c2-02-r321-us-west-02b,SN4700,swp5,c160:321:41,3:A:1,QSFPDD-400G-DR4,,US-PHX01,c160:330:26,c160-r330-node-01-us-west-02b,gpu-h100-04,eth1,,,,QSFP-100G-DR1,LC-to-LC SMF,,,,,,,,,,,,,,
LLDP:  Passed,US-PHX01,c160:321:42,t0-gg1-c2-02-r321-us-west-02b,SN4700,swp5,c160:321:41,3:A:2,QSFPDD-400G-DR4,,US-PHX01,c160:330:12,c160-r330-node-02-us-west-02b,gpu-h100-04,eth1,,,,QSFP-100G-DR1,LC-to-LC SMF,,,,,,,,,,,,,,
LLDP:  Passed,US-PHX01,c160:321:42,t0-gg1-c2-02-r321-us-west-02b,SN4700,swp5,c160:321:41,3:A:3,QSFPDD-400G-DR4,,US-PHX01,c160:331:26,c160-r331-node-01-us-west-02b,gpu-h100-04,eth1,,,,QSFP-100G-DR1,LC-to-LC SMF,,,,,,,,,,,,,,
LLDP:  Passed,US-PHX01,c160:321:42,t0-gg1-c2-02-r321-us-west-02b,SN4700,swp5,c160:321:41,3:A:4,QSFPDD-400G-DR4,,US-PHX01,c160:331:12,c160-r331-node-02-us-west-02b,gpu-h100-04,eth1,,,,QSFP-100G-DR1,LC-to-LC SMF,,,,,,,,,,,,,,
,,,,,,,,,,,,,,,,,,,,,,,,,,,,,,,,,
,,,,,,,,,,,,,,,,,,,,,,,,,,,,,,,,,
,,,,,,,,,,,,,,,,,,,,,,,,,,,,,,,,,
,,,,,,,,,,,,,,,,,,,,,,,,,,,,,,,,,
LLDP:  Passed,US-PHX01,c160:321:39,ipmi-gg1-c2-r321-us-west-02b,SN2201,swp1,,,,,US-PHX01,c160:322:26,c160-r322-node-01-us-west-02b,gpu-h100-04,ipmi,,,,,CAT6a,,,,,,,,,,,,,,
LLDP:  Passed,US-PHX01,c160:321:39,ipmi-gg1-c2-r321-us-west-02b,SN2201,swp2,,,,,US-PHX01,c160:322:12,c160-r322-node-02-us-west-02b,gpu-h100-04,ipmi,,,,,CAT6a,,,,,,,,,,,,,,
LLDP:  Passed,US-PHX01,c160:321:39,ipmi-gg1-c2-r321-us-west-02b,SN2201,swp3,,,,,US-PHX01,c160:323:26,c160-r323-node-01-us-west-02b,gpu-h100-04,ipmi,,,,,CAT6a,,,,,,,,,,,,,,
LLDP:  Passed,US-PHX01,c160:321:39,ipmi-gg1-c2-r321-us-west-02b,SN2201,swp4,,,,,US-PHX01,c160:323:12,c160-r323-node-02-us-west-02b,gpu-h100-04,ipmi,,,,,CAT6a,,,,,,,,,,,,,,
LLDP:  Passed,US-PHX01,c160:321:39,ipmi-gg1-c2-r321-us-west-02b,SN2201,swp5,,,,,US-PHX01,c160:324:26,c160-r324-node-01-us-west-02b,gpu-h100-04,ipmi,,,,,CAT6a,,,,,,,,,,,,,,
LLDP:  Passed,US-PHX01,c160:321:39,ipmi-gg1-c2-r321-us-west-02b,SN2201,swp6,,,,,US-PHX01,c160:324:12,c160-r324-node-02-us-west-02b,gpu-h100-04,ipmi,,,,,CAT6a,,,,,,,,,,,,,,
LLDP:  Passed,US-PHX01,c160:321:39,ipmi-gg1-c2-r321-us-west-02b,SN2201,swp7,,,,,US-PHX01,c160:325:26,c160-r325-node-01-us-west-02b,gpu-h100-04,ipmi,,,,,CAT6a,,,,,,,,,,,,,,
LLDP:  Passed,US-PHX01,c160:321:39,ipmi-gg1-c2-r321-us-west-02b,SN2201,swp8,,,,,US-PHX01,c160:325:12,c160-r325-node-02-us-west-02b,gpu-h100-04,ipmi,,,,,CAT6a,,,,,,,,,,,,,,
LLDP:  Passed,US-PHX01,c160:321:39,ipmi-gg1-c2-r321-us-west-02b,SN2201,swp9,,,,,US-PHX01,c160:326:26,c160-r326-node-01-us-west-02b,gpu-h100-04,ipmi,,,,,CAT6a,,,,,,,,,,,,,,
LLDP:  Passed,US-PHX01,c160:321:39,ipmi-gg1-c2-r321-us-west-02b,SN2201,swp10,,,,,US-PHX01,c160:326:12,c160-r326-node-02-us-west-02b,gpu-h100-04,ipmi,,,,,CAT6a,,,,,,,,,,,,,,
LLDP:  Passed,US-PHX01,c160:321:39,ipmi-gg1-c2-r321-us-west-02b,SN2201,swp11,,,,,US-PHX01,c160:327:26,c160-r327-node-01-us-west-02b,gpu-h100-04,ipmi,,,,,CAT6a,,,,,,,,,,,,,,
LLDP:  Passed,US-PHX01,c160:321:39,ipmi-gg1-c2-r321-us-west-02b,SN2201,swp12,,,,,US-PHX01,c160:327:12,c160-r327-node-02-us-west-02b,gpu-h100-04,ipmi,,,,,CAT6a,,,,,,,,,,,,,,
LLDP:  Passed,US-PHX01,c160:321:39,ipmi-gg1-c2-r321-us-west-02b,SN2201,swp13,,,,,US-PHX01,c160:328:26,c160-r328-node-01-us-west-02b,gpu-h100-04,ipmi,,,,,CAT6a,,,,,,,,,,,,,,
LLDP:  Passed,US-PHX01,c160:321:39,ipmi-gg1-c2-r321-us-west-02b,SN2201,swp14,,,,,US-PHX01,c160:328:12,c160-r328-node-02-us-west-02b,gpu-h100-04,ipmi,,,,,CAT6a,,,,,,,,,,,,,,
LLDP:  Passed,US-PHX01,c160:321:39,ipmi-gg1-c2-r321-us-west-02b,SN2201,swp15,,,,,US-PHX01,c160:329:26,c160-r329-node-01-us-west-02b,gpu-h100-04,ipmi,,,,,CAT6a,,,,,,,,,,,,,,
LLDP:  Passed,US-PHX01,c160:321:39,ipmi-gg1-c2-r321-us-west-02b,SN2201,swp16,,,,,US-PHX01,c160:329:12,c160-r329-node-02-us-west-02b,gpu-h100-04,ipmi,,,,,CAT6a,,,,,,,,,,,,,,
LLDP:  Passed,US-PHX01,c160:321:39,ipmi-gg1-c2-r321-us-west-02b,SN2201,swp17,,,,,US-PHX01,c160:330:26,c160-r330-node-01-us-west-02b,gpu-h100-04,ipmi,,,,,CAT6a,,,,,,,,,,,,,,
LLDP:  Passed,US-PHX01,c160:321:39,ipmi-gg1-c2-r321-us-west-02b,SN2201,swp18,,,,,US-PHX01,c160:330:12,c160-r330-node-02-us-west-02b,gpu-h100-04,ipmi,,,,,CAT6a,,,,,,,,,,,,,,
LLDP:  Passed,US-PHX01,c160:321:39,ipmi-gg1-c2-r321-us-west-02b,SN2201,swp19,,,,,US-PHX01,c160:331:26,c160-r331-node-01-us-west-02b,gpu-h100-04,ipmi,,,,,CAT6a,,,,,,,,,,,,,,
LLDP:  Passed,US-PHX01,c160:321:39,ipmi-gg1-c2-r321-us-west-02b,SN2201,swp20,,,,,US-PHX01,c160:331:12,c160-r331-node-02-us-west-02b,gpu-h100-04,ipmi,,,,,CAT6a,,,,,,,,,,,,,,
,,,,,,,,,,,,,,,,,,,,,,,,,,,,,,,,,
,,,,,,,,,,,,,,,,,,,,,,,,,,,,,,,,,
,,,,,,,,,,,,,,,,,,,,,,,,,,,,,,,,,
,,,,,,,,,,,,,,,,,,,,,,,,,,,,,,,,,
LLDP:  Passed,US-PHX01,c160:321:37,dpu-gg1-c2-r321-us-west-02b,SN2201,swp1,,,,,US-PHX01,c160:322:26,c160-r322-node-01-us-west-02b,gpu-h100-04,dpu,,,,,CAT6a,,,,,,,,,,,,,,
LLDP:  Passed,US-PHX01,c160:321:37,dpu-gg1-c2-r321-us-west-02b,SN2201,swp2,,,,,US-PHX01,c160:322:12,c160-r322-node-02-us-west-02b,gpu-h100-04,dpu,,,,,CAT6a,,,,,,,,,,,,,,
LLDP:  Passed,US-PHX01,c160:321:37,dpu-gg1-c2-r321-us-west-02b,SN2201,swp3,,,,,US-PHX01,c160:323:26,c160-r323-node-01-us-west-02b,gpu-h100-04,dpu,,,,,CAT6a,,,,,,,,,,,,,,
LLDP:  Passed,US-PHX01,c160:321:37,dpu-gg1-c2-r321-us-west-02b,SN2201,swp4,,,,,US-PHX01,c160:323:12,c160-r323-node-02-us-west-02b,gpu-h100-04,dpu,,,,,CAT6a,,,,,,,,,,,,,,
LLDP:  Passed,US-PHX01,c160:321:37,dpu-gg1-c2-r321-us-west-02b,SN2201,swp5,,,,,US-PHX01,c160:324:26,c160-r324-node-01-us-west-02b,gpu-h100-04,dpu,,,,,CAT6a,,,,,,,,,,,,,,
LLDP:  Passed,US-PHX01,c160:321:37,dpu-gg1-c2-r321-us-west-02b,SN2201,swp6,,,,,US-PHX01,c160:324:12,c160-r324-node-02-us-west-02b,gpu-h100-04,dpu,,,,,CAT6a,,,,,,,,,,,,,,
LLDP:  Passed,US-PHX01,c160:321:37,dpu-gg1-c2-r321-us-west-02b,SN2201,swp7,,,,,US-PHX01,c160:325:26,c160-r325-node-01-us-west-02b,gpu-h100-04,dpu,,,,,CAT6a,,,,,,,,,,,,,,
LLDP:  Passed,US-PHX01,c160:321:37,dpu-gg1-c2-r321-us-west-02b,SN2201,swp8,,,,,US-PHX01,c160:325:12,c160-r325-node-02-us-west-02b,gpu-h100-04,dpu,,,,,CAT6a,,,,,,,,,,,,,,
LLDP:  Passed,US-PHX01,c160:321:37,dpu-gg1-c2-r321-us-west-02b,SN2201,swp9,,,,,US-PHX01,c160:326:26,c160-r326-node-01-us-west-02b,gpu-h100-04,dpu,,,,,CAT6a,,,,,,,,,,,,,,
LLDP:  Passed,US-PHX01,c160:321:37,dpu-gg1-c2-r321-us-west-02b,SN2201,swp10,,,,,US-PHX01,c160:326:12,c160-r326-node-02-us-west-02b,gpu-h100-04,dpu,,,,,CAT6a,,,,,,,,,,,,,,
LLDP:  Passed,US-PHX01,c160:321:37,dpu-gg1-c2-r321-us-west-02b,SN2201,swp11,,,,,US-PHX01,c160:327:26,c160-r327-node-01-us-west-02b,gpu-h100-04,dpu,,,,,CAT6a,,,,,,,,,,,,,,
LLDP:  Failed,US-PHX01,c160:321:37,dpu-gg1-c2-r321-us-west-02b,SN2201,swp12,,,,,US-PHX01,c160:327:12,c160-r327-node-02-us-west-02b,gpu-h100-04,dpu,,,,,CAT6a,,,,,,,,,,,,,,
LLDP:  Passed,US-PHX01,c160:321:37,dpu-gg1-c2-r321-us-west-02b,SN2201,swp13,,,,,US-PHX01,c160:328:26,c160-r328-node-01-us-west-02b,gpu-h100-04,dpu,,,,,CAT6a,,,,,,,,,,,,,,
LLDP:  Passed,US-PHX01,c160:321:37,dpu-gg1-c2-r321-us-west-02b,SN2201,swp14,,,,,US-PHX01,c160:328:12,c160-r328-node-02-us-west-02b,gpu-h100-04,dpu,,,,,CAT6a,,,,,,,,,,,,,,
LLDP:  Passed,US-PHX01,c160:321:37,dpu-gg1-c2-r321-us-west-02b,SN2201,swp15,,,,,US-PHX01,c160:329:26,c160-r329-node-01-us-west-02b,gpu-h100-04,dpu,,,,,CAT6a,,,,,,,,,,,,,,
LLDP:  Passed,US-PHX01,c160:321:37,dpu-gg1-c2-r321-us-west-02b,SN2201,swp16,,,,,US-PHX01,c160:329:12,c160-r329-node-02-us-west-02b,gpu-h100-04,dpu,,,,,CAT6a,,,,,,,,,,,,,,
LLDP:  Passed,US-PHX01,c160:321:37,dpu-gg1-c2-r321-us-west-02b,SN2201,swp17,,,,,US-PHX01,c160:330:26,c160-r330-node-01-us-west-02b,gpu-h100-04,dpu,,,,,CAT6a,,,,,,,,,,,,,,
LLDP:  Passed,US-PHX01,c160:321:37,dpu-gg1-c2-r321-us-west-02b,SN2201,swp18,,,,,US-PHX01,c160:330:12,c160-r330-node-02-us-west-02b,gpu-h100-04,dpu,,,,,CAT6a,,,,,,,,,,,,,,
LLDP:  Passed,US-PHX01,c160:321:37,dpu-gg1-c2-r321-us-west-02b,SN2201,swp19,,,,,US-PHX01,c160:331:26,c160-r331-node-01-us-west-02b,gpu-h100-04,dpu,,,,,CAT6a,,,,,,,,,,,,,,
LLDP:  Passed,US-PHX01,c160:321:37,dpu-gg1-c2-r321-us-west-02b,SN2201,swp20,,,,,US-PHX01,c160:331:12,c160-r331-node-02-us-west-02b,gpu-h100-04,dpu,,,,,CAT6a,,,,,,,,,,,,,,
,,,,,,,,,,,,,,,,,,,,,,,,,,,,,,,,,
,,,,,,,,,,,,,,,,,,,,,,,,,,,,,,,,,
,,,,,,,,,,,,,,,,,,,,,,,,,,,,,,,,,
,,,,,,,,,,,,,,,,,,,,,,,,,,,,,,,,,
C160 :: ROW-22 :: H100's,,,,,,,,,,,,,,,,,,,,,,,,,,,,,,,,,
LLDP:  Passed,US-PHX01,c160:337:44,t0-gg1-c2-01-r337-us-west-02b,SN4700,swp1,c160:337:43,1:A:1,QSFPDD-400G-DR4,,US-PHX01,c160:338:26,c160-r338-node-01-us-west-02b,gpu-h100-04,eth0,,,,QSFP-100G-DR1,LC-to-LC SMF,,,,,,,,,,,,,,
LLDP:  Passed,US-PHX01,c160:337:44,t0-gg1-c2-01-r337-us-west-02b,SN4700,swp1,c160:337:43,1:A:2,QSFPDD-400G-DR4,,US-PHX01,c160:338:12,c160-r338-node-02-us-west-02b,gpu-h100-04,eth0,,,,QSFP-100G-DR1,LC-to-LC SMF,,,,,,,,,,,,,,
LLDP:  Passed,US-PHX01,c160:337:44,t0-gg1-c2-01-r337-us-west-02b,SN4700,swp1,c160:337:43,1:A:3,QSFPDD-400G-DR4,,US-PHX01,c160:339:26,c160-r339-node-01-us-west-02b,gpu-h100-04,eth0,,,,QSFP-100G-DR1,LC-to-LC SMF,,,,,,,,,,,,,,
LLDP:  Passed,US-PHX01,c160:337:44,t0-gg1-c2-01-r337-us-west-02b,SN4700,swp1,c160:337:43,1:A:4,QSFPDD-400G-DR4,,US-PHX01,c160:339:12,c160-r339-node-02-us-west-02b,gpu-h100-04,eth0,,,,QSFP-100G-DR1,LC-to-LC SMF,,,,,,,,,,,,,,
LLDP:  Passed,US-PHX01,c160:337:44,t0-gg1-c2-01-r337-us-west-02b,SN4700,swp2,c160:337:43,1:B:1,QSFPDD-400G-DR4,,US-PHX01,c160:340:26,c160-r340-node-01-us-west-02b,gpu-h100-04,eth0,,,,QSFP-100G-DR1,LC-to-LC SMF,,,,,,,,,,,,,,
LLDP:  Passed,US-PHX01,c160:337:44,t0-gg1-c2-01-r337-us-west-02b,SN4700,swp2,c160:337:43,1:B:2,QSFPDD-400G-DR4,,US-PHX01,c160:340:12,c160-r340-node-02-us-west-02b,gpu-h100-04,eth0,,,,QSFP-100G-DR1,LC-to-LC SMF,,,,,,,,,,,,,,
LLDP:  Passed,US-PHX01,c160:337:44,t0-gg1-c2-01-r337-us-west-02b,SN4700,swp2,c160:337:43,1:B:3,QSFPDD-400G-DR4,,US-PHX01,c160:341:26,c160-r341-node-01-us-west-02b,gpu-h100-04,eth0,,,,QSFP-100G-DR1,LC-to-LC SMF,,,,,,,,,,,,,,
LLDP:  Passed,US-PHX01,c160:337:44,t0-gg1-c2-01-r337-us-west-02b,SN4700,swp2,c160:337:43,1:B:4,QSFPDD-400G-DR4,,US-PHX01,c160:341:12,c160-r341-node-02-us-west-02b,gpu-h100-04,eth0,,,,QSFP-100G-DR1,LC-to-LC SMF,,,,,,,,,,,,,,
LLDP:  Passed,US-PHX01,c160:337:44,t0-gg1-c2-01-r337-us-west-02b,SN4700,swp3,c160:337:43,2:A:1,QSFPDD-400G-DR4,,US-PHX01,c160:342:26,c160-r342-node-01-us-west-02b,gpu-h100-04,eth0,,,,QSFP-100G-DR1,LC-to-LC SMF,,,,,,,,,,,,,,
LLDP:  Passed,US-PHX01,c160:337:44,t0-gg1-c2-01-r337-us-west-02b,SN4700,swp3,c160:337:43,2:A:2,QSFPDD-400G-DR4,,US-PHX01,c160:342:12,c160-r342-node-02-us-west-02b,gpu-h100-04,eth0,,,,QSFP-100G-DR1,LC-to-LC SMF,,,,,,,,,,,,,,
LLDP:  Passed,US-PHX01,c160:337:44,t0-gg1-c2-01-r337-us-west-02b,SN4700,swp3,c160:337:43,2:A:3,QSFPDD-400G-DR4,,US-PHX01,c160:343:26,c160-r343-node-01-us-west-02b,gpu-h100-04,eth0,,,,QSFP-100G-DR1,LC-to-LC SMF,,,,,,,,,,,,,,
LLDP:  Passed,US-PHX01,c160:337:44,t0-gg1-c2-01-r337-us-west-02b,SN4700,swp3,c160:337:43,2:A:4,QSFPDD-400G-DR4,,US-PHX01,c160:343:12,c160-r343-node-02-us-west-02b,gpu-h100-04,eth0,,,,QSFP-100G-DR1,LC-to-LC SMF,,,,,,,,,,,,,,
LLDP:  Passed,US-PHX01,c160:337:44,t0-gg1-c2-01-r337-us-west-02b,SN4700,swp4,c160:337:43,2:B:1,QSFPDD-400G-DR4,,US-PHX01,c160:344:26,c160-r344-node-01-us-west-02b,gpu-h100-04,eth0,,,,QSFP-100G-DR1,LC-to-LC SMF,,,,,,,,,,,,,,
LLDP:  Failed,US-PHX01,c160:337:44,t0-gg1-c2-01-r337-us-west-02b,SN4700,swp4,c160:337:43,2:B:2,QSFPDD-400G-DR4,,US-PHX01,c160:344:12,c160-r344-node-02-us-west-02b,gpu-h100-04,eth0,,,,QSFP-100G-DR1,LC-to-LC SMF,,,,,,,,,,,,,,
LLDP:  Passed,US-PHX01,c160:337:44,t0-gg1-c2-01-r337-us-west-02b,SN4700,swp4,c160:337:43,2:B:3,QSFPDD-400G-DR4,,US-PHX01,c160:345:26,c160-r345-node-01-us-west-02b,gpu-h100-04,eth0,,,,QSFP-100G-DR1,LC-to-LC SMF,,,,,,,,,,,,,,
LLDP:  Passed,US-PHX01,c160:337:44,t0-gg1-c2-01-r337-us-west-02b,SN4700,swp4,c160:337:43,2:B:4,QSFPDD-400G-DR4,,US-PHX01,c160:345:12,c160-r345-node-02-us-west-02b,gpu-h100-04,eth0,,,,QSFP-100G-DR1,LC-to-LC SMF,,,,,,,,,,,,,,
LLDP:  Passed,US-PHX01,c160:337:44,t0-gg1-c2-01-r337-us-west-02b,SN4700,swp5,c160:337:43,3:A:1,QSFPDD-400G-DR4,,US-PHX01,c160:346:26,c160-r346-node-01-us-west-02b,gpu-h100-04,eth0,,,,QSFP-100G-DR1,LC-to-LC SMF,,,,,,,,,,,,,,
LLDP:  Failed,US-PHX01,c160:337:44,t0-gg1-c2-01-r337-us-west-02b,SN4700,swp5,c160:337:43,3:A:2,QSFPDD-400G-DR4,,US-PHX01,c160:346:12,c160-r346-node-02-us-west-02b,gpu-h100-04,eth0,,,,QSFP-100G-DR1,LC-to-LC SMF,,,,,,,,,,,,,,
LLDP:  Passed,US-PHX01,c160:337:44,t0-gg1-c2-01-r337-us-west-02b,SN4700,swp5,c160:337:43,3:A:3,QSFPDD-400G-DR4,,US-PHX01,c160:347:26,c160-r347-node-01-us-west-02b,gpu-h100-04,eth0,,,,QSFP-100G-DR1,LC-to-LC SMF,,,,,,,,,,,,,,
LLDP:  Failed,US-PHX01,c160:337:44,t0-gg1-c2-01-r337-us-west-02b,SN4700,swp5,c160:337:43,3:A:4,QSFPDD-400G-DR4,,US-PHX01,c160:347:12,c160-r347-node-02-us-west-02b,gpu-h100-04,eth0,,,,QSFP-100G-DR1,LC-to-LC SMF,,,,,,,,,,,,,,
Cable Is Ran: Complete,US-PHX01,c160:337:44,t0-gg1-c2-01-r337-us-west-02b,SN4700,swp6,c160:337:43,3:B:1,QSFPDD-400G-DR4,,US-PHX01,c160:348:26,c160-r348-node-01-us-west-02b,gpu-h100-04,eth0,,,,QSFP-100G-DR1,LC-to-LC SMF,,,,,,,,,,,,,,
Cable Is Ran: Complete,US-PHX01,c160:337:44,t0-gg1-c2-01-r337-us-west-02b,SN4700,swp6,c160:337:43,3:B:2,QSFPDD-400G-DR4,,US-PHX01,c160:348:12,c160-r348-node-02-us-west-02b,gpu-h100-04,eth0,,,,QSFP-100G-DR1,LC-to-LC SMF,,,,,,,,,,,,,,
Cable Is Ran: Complete,US-PHX01,c160:337:44,t0-gg1-c2-01-r337-us-west-02b,SN4700,swp6,c160:337:43,3:B:3,QSFPDD-400G-DR4,,US-PHX01,c160:349:26,c160-r349-node-01-us-west-02b,gpu-h100-04,eth0,,,,QSFP-100G-DR1,LC-to-LC SMF,,,,,,,,,,,,,,
Cable Is Ran: Complete,US-PHX01,c160:337:44,t0-gg1-c2-01-r337-us-west-02b,SN4700,swp6,c160:337:43,3:B:4,QSFPDD-400G-DR4,,US-PHX01,c160:349:12,c160-r349-node-02-us-west-02b,gpu-h100-04,eth0,,,,QSFP-100G-DR1,LC-to-LC SMF,,,,,,,,,,,,,,
,,,,,,,,,,,,,,,,,,,,,,,,,,,,,,,,,
,,,,,,,,,,,,,,,,,,,,,,,,,,,,,,,,,
,,,,,,,,,,,,,,,,,,,,,,,,,,,,,,,,,
,,,,,,,,,,,,,,,,,,,,,,,,,,,,,,,,,
,,,,,,,,,,,,,,,,,,,,,,,,,,,,,,,,,
,,,,,,,,,,,,,,,,,,,,,,,,,,,,,,,,,
,,,,,,,,,,,,,,,,,,,,,,,,,,,,,,,,,
,,,,,,,,,,,,,,,,,,,,,,,,,,,,,,,,,
LLDP:  Passed,US-PHX01,c160:337:42,t0-gg1-c2-02-r337-us-west-02b,SN4700,swp1,c160:337:41,1:A:1,QSFPDD-400G-DR4,,US-PHX01,c160:338:26,c160-r338-node-01-us-west-02b,gpu-h100-04,eth1,,,,QSFP-100G-DR1,LC-to-LC SMF,,,,,,,,,,,,,,
LLDP:  Passed,US-PHX01,c160:337:42,t0-gg1-c2-02-r337-us-west-02b,SN4700,swp1,c160:337:41,1:A:2,QSFPDD-400G-DR4,,US-PHX01,c160:338:12,c160-r338-node-02-us-west-02b,gpu-h100-04,eth1,,,,QSFP-100G-DR1,LC-to-LC SMF,,,,,,,,,,,,,,
LLDP:  Passed,US-PHX01,c160:337:42,t0-gg1-c2-02-r337-us-west-02b,SN4700,swp1,c160:337:41,1:A:3,QSFPDD-400G-DR4,,US-PHX01,c160:339:26,c160-r339-node-01-us-west-02b,gpu-h100-04,eth1,,,,QSFP-100G-DR1,LC-to-LC SMF,,,,,,,,,,,,,,
LLDP:  Passed,US-PHX01,c160:337:42,t0-gg1-c2-02-r337-us-west-02b,SN4700,swp1,c160:337:41,1:A:4,QSFPDD-400G-DR4,,US-PHX01,c160:339:12,c160-r339-node-02-us-west-02b,gpu-h100-04,eth1,,,,QSFP-100G-DR1,LC-to-LC SMF,,,,,,,,,,,,,,
LLDP:  Passed,US-PHX01,c160:337:42,t0-gg1-c2-02-r337-us-west-02b,SN4700,swp2,c160:337:41,1:B:1,QSFPDD-400G-DR4,,US-PHX01,c160:340:26,c160-r340-node-01-us-west-02b,gpu-h100-04,eth1,,,,QSFP-100G-DR1,LC-to-LC SMF,,,,,,,,,,,,,,
LLDP:  Passed,US-PHX01,c160:337:42,t0-gg1-c2-02-r337-us-west-02b,SN4700,swp2,c160:337:41,1:B:2,QSFPDD-400G-DR4,,US-PHX01,c160:340:12,c160-r340-node-02-us-west-02b,gpu-h100-04,eth1,,,,QSFP-100G-DR1,LC-to-LC SMF,,,,,,,,,,,,,,
LLDP:  Passed,US-PHX01,c160:337:42,t0-gg1-c2-02-r337-us-west-02b,SN4700,swp2,c160:337:41,1:B:3,QSFPDD-400G-DR4,,US-PHX01,c160:341:26,c160-r341-node-01-us-west-02b,gpu-h100-04,eth1,,,,QSFP-100G-DR1,LC-to-LC SMF,,,,,,,,,,,,,,
LLDP:  Passed,US-PHX01,c160:337:42,t0-gg1-c2-02-r337-us-west-02b,SN4700,swp2,c160:337:41,1:B:4,QSFPDD-400G-DR4,,US-PHX01,c160:341:12,c160-r341-node-02-us-west-02b,gpu-h100-04,eth1,,,,QSFP-100G-DR1,LC-to-LC SMF,,,,,,,,,,,,,,
LLDP:  Passed,US-PHX01,c160:337:42,t0-gg1-c2-02-r337-us-west-02b,SN4700,swp3,c160:337:41,2:A:1,QSFPDD-400G-DR4,,US-PHX01,c160:342:26,c160-r342-node-01-us-west-02b,gpu-h100-04,eth1,,,,QSFP-100G-DR1,LC-to-LC SMF,,,,,,,,,,,,,,
LLDP:  Passed,US-PHX01,c160:337:42,t0-gg1-c2-02-r337-us-west-02b,SN4700,swp3,c160:337:41,2:A:2,QSFPDD-400G-DR4,,US-PHX01,c160:342:12,c160-r342-node-02-us-west-02b,gpu-h100-04,eth1,,,,QSFP-100G-DR1,LC-to-LC SMF,,,,,,,,,,,,,,
LLDP:  Passed,US-PHX01,c160:337:42,t0-gg1-c2-02-r337-us-west-02b,SN4700,swp3,c160:337:41,2:A:3,QSFPDD-400G-DR4,,US-PHX01,c160:343:26,c160-r343-node-01-us-west-02b,gpu-h100-04,eth1,,,,QSFP-100G-DR1,LC-to-LC SMF,,,,,,,,,,,,,,
LLDP:  Passed,US-PHX01,c160:337:42,t0-gg1-c2-02-r337-us-west-02b,SN4700,swp3,c160:337:41,2:A:4,QSFPDD-400G-DR4,,US-PHX01,c160:343:12,c160-r343-node-02-us-west-02b,gpu-h100-04,eth1,,,,QSFP-100G-DR1,LC-to-LC SMF,,,,,,,,,,,,,,
LLDP:  Passed,US-PHX01,c160:337:42,t0-gg1-c2-02-r337-us-west-02b,SN4700,swp4,c160:337:41,2:B:1,QSFPDD-400G-DR4,,US-PHX01,c160:344:26,c160-r344-node-01-us-west-02b,gpu-h100-04,eth1,,,,QSFP-100G-DR1,LC-to-LC SMF,,,,,,,,,,,,,,
LLDP:  Failed,US-PHX01,c160:337:42,t0-gg1-c2-02-r337-us-west-02b,SN4700,swp4,c160:337:41,2:B:2,QSFPDD-400G-DR4,,US-PHX01,c160:344:12,c160-r344-node-02-us-west-02b,gpu-h100-04,eth1,,,,QSFP-100G-DR1,LC-to-LC SMF,,,,,,,,,,,,,,
LLDP:  Passed,US-PHX01,c160:337:42,t0-gg1-c2-02-r337-us-west-02b,SN4700,swp4,c160:337:41,2:B:3,QSFPDD-400G-DR4,,US-PHX01,c160:345:26,c160-r345-node-01-us-west-02b,gpu-h100-04,eth1,,,,QSFP-100G-DR1,LC-to-LC SMF,,,,,,,,,,,,,,
LLDP:  Passed,US-PHX01,c160:337:42,t0-gg1-c2-02-r337-us-west-02b,SN4700,swp4,c160:337:41,2:B:4,QSFPDD-400G-DR4,,US-PHX01,c160:345:12,c160-r345-node-02-us-west-02b,gpu-h100-04,eth1,,,,QSFP-100G-DR1,LC-to-LC SMF,,,,,,,,,,,,,,
LLDP:  Passed,US-PHX01,c160:337:42,t0-gg1-c2-02-r337-us-west-02b,SN4700,swp5,c160:337:41,3:A:1,QSFPDD-400G-DR4,,US-PHX01,c160:346:26,c160-r346-node-01-us-west-02b,gpu-h100-04,eth1,,,,QSFP-100G-DR1,LC-to-LC SMF,,,,,,,,,,,,,,
LLDP:  Failed,US-PHX01,c160:337:42,t0-gg1-c2-02-r337-us-west-02b,SN4700,swp5,c160:337:41,3:A:2,QSFPDD-400G-DR4,,US-PHX01,c160:346:12,c160-r346-node-02-us-west-02b,gpu-h100-04,eth1,,,,QSFP-100G-DR1,LC-to-LC SMF,,,,,,,,,,,,,,
LLDP:  Passed,US-PHX01,c160:337:42,t0-gg1-c2-02-r337-us-west-02b,SN4700,swp5,c160:337:41,3:A:3,QSFPDD-400G-DR4,,US-PHX01,c160:347:26,c160-r347-node-01-us-west-02b,gpu-h100-04,eth1,,,,QSFP-100G-DR1,LC-to-LC SMF,,,,,,,,,,,,,,
LLDP:  Failed,US-PHX01,c160:337:42,t0-gg1-c2-02-r337-us-west-02b,SN4700,swp5,c160:337:41,3:A:4,QSFPDD-400G-DR4,,US-PHX01,c160:347:12,c160-r347-node-02-us-west-02b,gpu-h100-04,eth1,,,,QSFP-100G-DR1,LC-to-LC SMF,,,,,,,,,,,,,,
Cable Is Ran: Complete,US-PHX01,c160:337:42,t0-gg1-c2-02-r337-us-west-02b,SN4700,swp6,c160:337:41,3:B:1,QSFPDD-400G-DR4,,US-PHX01,c160:348:26,c160-r348-node-01-us-west-02b,gpu-h100-04,eth1,,,,QSFP-100G-DR1,LC-to-LC SMF,,,,,,,,,,,,,,
Cable Is Ran: Complete,US-PHX01,c160:337:42,t0-gg1-c2-02-r337-us-west-02b,SN4700,swp6,c160:337:41,3:B:2,QSFPDD-400G-DR4,,US-PHX01,c160:348:12,c160-r348-node-02-us-west-02b,gpu-h100-04,eth1,,,,QSFP-100G-DR1,LC-to-LC SMF,,,,,,,,,,,,,,
Cable Is Ran: Complete,US-PHX01,c160:337:42,t0-gg1-c2-02-r337-us-west-02b,SN4700,swp6,c160:337:41,3:B:3,QSFPDD-400G-DR4,,US-PHX01,c160:349:26,c160-r349-node-01-us-west-02b,gpu-h100-04,eth1,,,,QSFP-100G-DR1,LC-to-LC SMF,,,,,,,,,,,,,,
Cable Is Ran: Complete,US-PHX01,c160:337:42,t0-gg1-c2-02-r337-us-west-02b,SN4700,swp6,c160:337:41,3:B:4,QSFPDD-400G-DR4,,US-PHX01,c160:349:12,c160-r349-node-02-us-west-02b,gpu-h100-04,eth1,,,,QSFP-100G-DR1,LC-to-LC SMF,,,,,,,,,,,,,,
,,,,,,,,,,,,,,,,,,,,,,,,,,,,,,,,,
,,,,,,,,,,,,,,,,,,,,,,,,,,,,,,,,,
,,,,,,,,,,,,,,,,,,,,,,,,,,,,,,,,,
,,,,,,,,,,,,,,,,,,,,,,,,,,,,,,,,,
,,,,,,,,,,,,,,,,,,,,,,,,,,,,,,,,,
,,,,,,,,,,,,,,,,,,,,,,,,,,,,,,,,,
LLDP:  Passed,US-PHX01,c160:337:39,ipmi-gg1-c2-r337-us-west-02b,SN2201,swp1,,,,,US-PHX01,c160:338:26,c160-r338-node-01-us-west-02b,gpu-h100-04,ipmi,,,,,CAT6a,,,,,,,,,,,,,,
LLDP:  Passed,US-PHX01,c160:337:39,ipmi-gg1-c2-r337-us-west-02b,SN2201,swp2,,,,,US-PHX01,c160:338:12,c160-r338-node-02-us-west-02b,gpu-h100-04,ipmi,,,,,CAT6a,,,,,,,,,,,,,,
LLDP:  Passed,US-PHX01,c160:337:39,ipmi-gg1-c2-r337-us-west-02b,SN2201,swp3,,,,,US-PHX01,c160:339:26,c160-r339-node-01-us-west-02b,gpu-h100-04,ipmi,,,,,CAT6a,,,,,,,,,,,,,,
LLDP:  Passed,US-PHX01,c160:337:39,ipmi-gg1-c2-r337-us-west-02b,SN2201,swp4,,,,,US-PHX01,c160:339:12,c160-r339-node-02-us-west-02b,gpu-h100-04,ipmi,,,,,CAT6a,,,,,,,,,,,,,,
LLDP:  Passed,US-PHX01,c160:337:39,ipmi-gg1-c2-r337-us-west-02b,SN2201,swp5,,,,,US-PHX01,c160:340:26,c160-r340-node-01-us-west-02b,gpu-h100-04,ipmi,,,,,CAT6a,,,,,,,,,,,,,,
LLDP:  Passed,US-PHX01,c160:337:39,ipmi-gg1-c2-r337-us-west-02b,SN2201,swp6,,,,,US-PHX01,c160:340:12,c160-r340-node-02-us-west-02b,gpu-h100-04,ipmi,,,,,CAT6a,,,,,,,,,,,,,,
LLDP:  Passed,US-PHX01,c160:337:39,ipmi-gg1-c2-r337-us-west-02b,SN2201,swp7,,,,,US-PHX01,c160:341:26,c160-r341-node-01-us-west-02b,gpu-h100-04,ipmi,,,,,CAT6a,,,,,,,,,,,,,,
LLDP:  Passed,US-PHX01,c160:337:39,ipmi-gg1-c2-r337-us-west-02b,SN2201,swp8,,,,,US-PHX01,c160:341:12,c160-r341-node-02-us-west-02b,gpu-h100-04,ipmi,,,,,CAT6a,,,,,,,,,,,,,,
LLDP:  Passed,US-PHX01,c160:337:39,ipmi-gg1-c2-r337-us-west-02b,SN2201,swp9,,,,,US-PHX01,c160:342:26,c160-r342-node-01-us-west-02b,gpu-h100-04,ipmi,,,,,CAT6a,,,,,,,,,,,,,,
LLDP:  Passed,US-PHX01,c160:337:39,ipmi-gg1-c2-r337-us-west-02b,SN2201,swp10,,,,,US-PHX01,c160:342:12,c160-r342-node-02-us-west-02b,gpu-h100-04,ipmi,,,,,CAT6a,,,,,,,,,,,,,,
LLDP:  Passed,US-PHX01,c160:337:39,ipmi-gg1-c2-r337-us-west-02b,SN2201,swp11,,,,,US-PHX01,c160:343:26,c160-r343-node-01-us-west-02b,gpu-h100-04,ipmi,,,,,CAT6a,,,,,,,,,,,,,,
LLDP:  Passed,US-PHX01,c160:337:39,ipmi-gg1-c2-r337-us-west-02b,SN2201,swp12,,,,,US-PHX01,c160:343:12,c160-r343-node-02-us-west-02b,gpu-h100-04,ipmi,,,,,CAT6a,,,,,,,,,,,,,,
LLDP:  Passed,US-PHX01,c160:337:39,ipmi-gg1-c2-r337-us-west-02b,SN2201,swp13,,,,,US-PHX01,c160:344:26,c160-r344-node-01-us-west-02b,gpu-h100-04,ipmi,,,,,CAT6a,,,,,,,,,,,,,,
LLDP:  Failed,US-PHX01,c160:337:39,ipmi-gg1-c2-r337-us-west-02b,SN2201,swp14,,,,,US-PHX01,c160:344:12,c160-r344-node-02-us-west-02b,gpu-h100-04,ipmi,,,,,CAT6a,,,,,,,,,,,,,,
LLDP:  Passed,US-PHX01,c160:337:39,ipmi-gg1-c2-r337-us-west-02b,SN2201,swp15,,,,,US-PHX01,c160:345:26,c160-r345-node-01-us-west-02b,gpu-h100-04,ipmi,,,,,CAT6a,,,,,,,,,,,,,,
LLDP:  Passed,US-PHX01,c160:337:39,ipmi-gg1-c2-r337-us-west-02b,SN2201,swp16,,,,,US-PHX01,c160:345:12,c160-r345-node-02-us-west-02b,gpu-h100-04,ipmi,,,,,CAT6a,,,,,,,,,,,,,,
LLDP:  Passed,US-PHX01,c160:337:39,ipmi-gg1-c2-r337-us-west-02b,SN2201,swp17,,,,,US-PHX01,c160:346:26,c160-r346-node-01-us-west-02b,gpu-h100-04,ipmi,,,,,CAT6a,,,,,,,,,,,,,,
LLDP:  Passed,US-PHX01,c160:337:39,ipmi-gg1-c2-r337-us-west-02b,SN2201,swp18,,,,,US-PHX01,c160:346:12,c160-r346-node-02-us-west-02b,gpu-h100-04,ipmi,,,,,CAT6a,,,,,,,,,,,,,,
LLDP:  Passed,US-PHX01,c160:337:39,ipmi-gg1-c2-r337-us-west-02b,SN2201,swp19,,,,,US-PHX01,c160:347:26,c160-r347-node-01-us-west-02b,gpu-h100-04,ipmi,,,,,CAT6a,,,,,,,,,,,,,,
LLDP:  Passed,US-PHX01,c160:337:39,ipmi-gg1-c2-r337-us-west-02b,SN2201,swp20,,,,,US-PHX01,c160:347:12,c160-r347-node-02-us-west-02b,gpu-h100-04,ipmi,,,,,CAT6a,,,,,,,,,,,,,,
LLDP:  Passed,US-PHX01,c160:337:39,ipmi-gg1-c2-r337-us-west-02b,SN2201,swp21,,,,,US-PHX01,c160:348:26,c160-r348-node-01-us-west-02b,gpu-h100-04,ipmi,,,,,CAT6a,,,,,,,,,,,,,,
LLDP:  Passed,US-PHX01,c160:337:39,ipmi-gg1-c2-r337-us-west-02b,SN2201,swp22,,,,,US-PHX01,c160:348:12,c160-r348-node-02-us-west-02b,gpu-h100-04,ipmi,,,,,CAT6a,,,,,,,,,,,,,,
LLDP:  Passed,US-PHX01,c160:337:39,ipmi-gg1-c2-r337-us-west-02b,SN2201,swp23,,,,,US-PHX01,c160:349:26,c160-r349-node-01-us-west-02b,gpu-h100-04,ipmi,,,,,CAT6a,,,,,,,,,,,,,,
LLDP:  Passed,US-PHX01,c160:337:39,ipmi-gg1-c2-r337-us-west-02b,SN2201,swp24,,,,,US-PHX01,c160:349:12,c160-r349-node-02-us-west-02b,gpu-h100-04,ipmi,,,,,CAT6a,,,,,,,,,,,,,,
,,,,,,,,,,,,,,,,,,,,,,,,,,,,,,,,,
,,,,,,,,,,,,,,,,,,,,,,,,,,,,,,,,,
,,,,,,,,,,,,,,,,,,,,,,,,,,,,,,,,,
,,,,,,,,,,,,,,,,,,,,,,,,,,,,,,,,,
,,,,,,,,,,,,,,,,,,,,,,,,,,,,,,,,,
,,,,,,,,,,,,,,,,,,,,,,,,,,,,,,,,,
,,,,,,,,,,,,,,,,,,,,,,,,,,,,,,,,,
,,,,,,,,,,,,,,,,,,,,,,,,,,,,,,,,,
,,,,,,,,,,,,,,,,,,,,,,,,,,,,,,,,,
LLDP:  Passed,US-PHX01,c160:337:37,dpu-gg1-c2-r337-us-west-02b,SN2201,swp1,,,,,US-PHX01,c160:338:26,c160-r338-node-01-us-west-02b,gpu-h100-04,dpu,,,,,CAT6a,,,,,,,,,,,,,,
LLDP:  Passed,US-PHX01,c160:337:37,dpu-gg1-c2-r337-us-west-02b,SN2201,swp2,,,,,US-PHX01,c160:338:12,c160-r338-node-02-us-west-02b,gpu-h100-04,dpu,,,,,CAT6a,,,,,,,,,,,,,,
LLDP:  Passed,US-PHX01,c160:337:37,dpu-gg1-c2-r337-us-west-02b,SN2201,swp3,,,,,US-PHX01,c160:339:26,c160-r339-node-01-us-west-02b,gpu-h100-04,dpu,,,,,CAT6a,,,,,,,,,,,,,,
LLDP:  Passed,US-PHX01,c160:337:37,dpu-gg1-c2-r337-us-west-02b,SN2201,swp4,,,,,US-PHX01,c160:339:12,c160-r339-node-02-us-west-02b,gpu-h100-04,dpu,,,,,CAT6a,,,,,,,,,,,,,,
LLDP:  Passed,US-PHX01,c160:337:37,dpu-gg1-c2-r337-us-west-02b,SN2201,swp5,,,,,US-PHX01,c160:340:26,c160-r340-node-01-us-west-02b,gpu-h100-04,dpu,,,,,CAT6a,,,,,,,,,,,,,,
LLDP:  Passed,US-PHX01,c160:337:37,dpu-gg1-c2-r337-us-west-02b,SN2201,swp6,,,,,US-PHX01,c160:340:12,c160-r340-node-02-us-west-02b,gpu-h100-04,dpu,,,,,CAT6a,,,,,,,,,,,,,,
LLDP:  Passed,US-PHX01,c160:337:37,dpu-gg1-c2-r337-us-west-02b,SN2201,swp7,,,,,US-PHX01,c160:341:26,c160-r341-node-01-us-west-02b,gpu-h100-04,dpu,,,,,CAT6a,,,,,,,,,,,,,,
LLDP:  Passed,US-PHX01,c160:337:37,dpu-gg1-c2-r337-us-west-02b,SN2201,swp8,,,,,US-PHX01,c160:341:12,c160-r341-node-02-us-west-02b,gpu-h100-04,dpu,,,,,CAT6a,,,,,,,,,,,,,,
LLDP:  Passed,US-PHX01,c160:337:37,dpu-gg1-c2-r337-us-west-02b,SN2201,swp9,,,,,US-PHX01,c160:342:26,c160-r342-node-01-us-west-02b,gpu-h100-04,dpu,,,,,CAT6a,,,,,,,,,,,,,,
LLDP:  Passed,US-PHX01,c160:337:37,dpu-gg1-c2-r337-us-west-02b,SN2201,swp10,,,,,US-PHX01,c160:342:12,c160-r342-node-02-us-west-02b,gpu-h100-04,dpu,,,,,CAT6a,,,,,,,,,,,,,,
LLDP:  Passed,US-PHX01,c160:337:37,dpu-gg1-c2-r337-us-west-02b,SN2201,swp11,,,,,US-PHX01,c160:343:26,c160-r343-node-01-us-west-02b,gpu-h100-04,dpu,,,,,CAT6a,,,,,,,,,,,,,,
LLDP:  Passed,US-PHX01,c160:337:37,dpu-gg1-c2-r337-us-west-02b,SN2201,swp12,,,,,US-PHX01,c160:343:12,c160-r343-node-02-us-west-02b,gpu-h100-04,dpu,,,,,CAT6a,,,,,,,,,,,,,,
LLDP:  Passed,US-PHX01,c160:337:37,dpu-gg1-c2-r337-us-west-02b,SN2201,swp13,,,,,US-PHX01,c160:344:26,c160-r344-node-01-us-west-02b,gpu-h100-04,dpu,,,,,CAT6a,,,,,,,,,,,,,,
LLDP:  Failed,US-PHX01,c160:337:37,dpu-gg1-c2-r337-us-west-02b,SN2201,swp14,,,,,US-PHX01,c160:344:12,c160-r344-node-02-us-west-02b,gpu-h100-04,dpu,,,,,CAT6a,,,,,,,,,,,,,,
LLDP:  Passed,US-PHX01,c160:337:37,dpu-gg1-c2-r337-us-west-02b,SN2201,swp15,,,,,US-PHX01,c160:345:26,c160-r345-node-01-us-west-02b,gpu-h100-04,dpu,,,,,CAT6a,,,,,,,,,,,,,,
LLDP:  Passed,US-PHX01,c160:337:37,dpu-gg1-c2-r337-us-west-02b,SN2201,swp16,,,,,US-PHX01,c160:345:12,c160-r345-node-02-us-west-02b,gpu-h100-04,dpu,,,,,CAT6a,,,,,,,,,,,,,,
LLDP:  Passed,US-PHX01,c160:337:37,dpu-gg1-c2-r337-us-west-02b,SN2201,swp17,,,,,US-PHX01,c160:346:26,c160-r346-node-01-us-west-02b,gpu-h100-04,dpu,,,,,CAT6a,,,,,,,,,,,,,,
LLDP:  Passed,US-PHX01,c160:337:37,dpu-gg1-c2-r337-us-west-02b,SN2201,swp18,,,,,US-PHX01,c160:346:12,c160-r346-node-02-us-west-02b,gpu-h100-04,dpu,,,,,CAT6a,,,,,,,,,,,,,,
LLDP:  Passed,US-PHX01,c160:337:37,dpu-gg1-c2-r337-us-west-02b,SN2201,swp19,,,,,US-PHX01,c160:347:26,c160-r347-node-01-us-west-02b,gpu-h100-04,dpu,,,,,CAT6a,,,,,,,,,,,,,,
LLDP:  Passed,US-PHX01,c160:337:37,dpu-gg1-c2-r337-us-west-02b,SN2201,swp20,,,,,US-PHX01,c160:347:12,c160-r347-node-02-us-west-02b,gpu-h100-04,dpu,,,,,CAT6a,,,,,,,,,,,,,,
LLDP:  Passed,US-PHX01,c160:337:37,dpu-gg1-c2-r337-us-west-02b,SN2201,swp21,,,,,US-PHX01,c160:348:26,c160-r348-node-01-us-west-02b,gpu-h100-04,dpu,,,,,CAT6a,,,,,,,,,,,,,,
LLDP:  Passed,US-PHX01,c160:337:37,dpu-gg1-c2-r337-us-west-02b,SN2201,swp22,,,,,US-PHX01,c160:348:12,c160-r348-node-02-us-west-02b,gpu-h100-04,dpu,,,,,CAT6a,,,,,,,,,,,,,,
LLDP:  Passed,US-PHX01,c160:337:37,dpu-gg1-c2-r337-us-west-02b,SN2201,swp23,,,,,US-PHX01,c160:349:26,c160-r349-node-01-us-west-02b,gpu-h100-04,dpu,,,,,CAT6a,,,,,,,,,,,,,,
LLDP:  Passed,US-PHX01,c160:337:37,dpu-gg1-c2-r337-us-west-02b,SN2201,swp24,,,,,US-PHX01,c160:349:12,c160-r349-node-02-us-west-02b,gpu-h100-04,dpu,,,,,CAT6a,,,,,,,,,,,,,,
,,,,,,,,,,,,,,,,,,,,,,,,,,,,,,,,,
,,,,,,,,,,,,,,,,,,,,,,,,,,,,,,,,,
,,,,,,,,,,,,,,,,,,,,,,,,,,,,,,,,,
,,,,,,,,,,,,,,,,,,,,,,,,,,,,,,,,,
,,,,,,,,,,,,,,,,,,,,,,,,,,,,,,,,,
,,,,,,,,,,,,,,,,,,,,,,,,,,,,,,,,,
,,,,,,,,,,,,,,,,,,,,,,,,,,,,,,,,,
,,,,,,,,,,,,,,,,,,,,,,,,,,,,,,,,,
,,,,,,,,,,,,,,,,,,,,,,,,,,,,,,,,,
,,,,,,,,,,,,,,,,,,,,,,,,,,,,,,,,,
C160 :: ROW-25 :: H100's,,,,,,,,,,,,,,,,,,,,,,,,,,,,,,,,,
LLDP:  Passed,US-PHX01,c160:385:42,t0-gg1-c3-01-r385-us-west-02b,SN4700,swp1,c1260:011:41,1:A:1,QSFPDD-400G-DR4,,US-PHX01,c160:386:26,c160-r386-node-01-us-west-02b,gpu-h100-04,eth0,,,,QSFP-100G-DR1,LC-to-LC SMF,,,,,,,,,,,,,,
LLDP:  Passed,US-PHX01,c160:385:42,t0-gg1-c3-01-r385-us-west-02b,SN4700,swp1,c1260:011:41,1:A:2,QSFPDD-400G-DR4,,US-PHX01,c160:386:12,c160-r386-node-02-us-west-02b,gpu-h100-04,eth0,,,,QSFP-100G-DR1,LC-to-LC SMF,,,,,,,,,,,,,,
LLDP:  Passed,US-PHX01,c160:385:42,t0-gg1-c3-01-r385-us-west-02b,SN4700,swp1,c1260:011:41,1:A:3,QSFPDD-400G-DR4,,US-PHX01,c160:387:26,c160-r387-node-01-us-west-02b,gpu-h100-04,eth0,,,,QSFP-100G-DR1,LC-to-LC SMF,,,,,,,,,,,,,,
LLDP:  Failed,US-PHX01,c160:385:42,t0-gg1-c3-01-r385-us-west-02b,SN4700,swp1,c1260:011:41,1:A:4,QSFPDD-400G-DR4,,US-PHX01,c160:387:12,c160-r387-node-02-us-west-02b,gpu-h100-04,eth0,,,,QSFP-100G-DR1,LC-to-LC SMF,,,,,,,,,,,,,,
LLDP:  Passed,US-PHX01,c160:385:42,t0-gg1-c3-01-r385-us-west-02b,SN4700,swp2,c1260:011:41,1:B:1,QSFPDD-400G-DR4,,US-PHX01,c160:388:26,c160-r388-node-01-us-west-02b,gpu-h100-04,eth0,,,,QSFP-100G-DR1,LC-to-LC SMF,,,,,,,,,,,,,,
LLDP:  Passed,US-PHX01,c160:385:42,t0-gg1-c3-01-r385-us-west-02b,SN4700,swp2,c1260:011:41,1:B:2,QSFPDD-400G-DR4,,US-PHX01,c160:388:12,c160-r388-node-02-us-west-02b,gpu-h100-04,eth0,,,,QSFP-100G-DR1,LC-to-LC SMF,,,,,,,,,,,,,,
LLDP:  Failed,US-PHX01,c160:385:42,t0-gg1-c3-01-r385-us-west-02b,SN4700,swp2,c1260:011:41,1:B:3,QSFPDD-400G-DR4,,US-PHX01,c160:389:26,c160-r389-node-01-us-west-02b,gpu-h100-04,eth0,,,,QSFP-100G-DR1,LC-to-LC SMF,,,,,,,,,,,,,,
LLDP:  Failed,US-PHX01,c160:385:42,t0-gg1-c3-01-r385-us-west-02b,SN4700,swp2,c1260:011:41,1:B:4,QSFPDD-400G-DR4,,US-PHX01,c160:389:12,c160-r389-node-02-us-west-02b,gpu-h100-04,eth0,,,,QSFP-100G-DR1,LC-to-LC SMF,,,,,,,,,,,,,,
LLDP:  Passed,US-PHX01,c160:385:42,t0-gg1-c3-01-r385-us-west-02b,SN4700,swp3,c1260:011:41,2:A:1,QSFPDD-400G-DR4,,US-PHX01,c160:390:26,c160-r390-node-01-us-west-02b,gpu-h100-04,eth0,,,,QSFP-100G-DR1,LC-to-LC SMF,,,,,,,,,,,,,,
LLDP:  Passed,US-PHX01,c160:385:42,t0-gg1-c3-01-r385-us-west-02b,SN4700,swp3,c1260:011:41,2:A:2,QSFPDD-400G-DR4,,US-PHX01,c160:390:12,c160-r390-node-02-us-west-02b,gpu-h100-04,eth0,,,,QSFP-100G-DR1,LC-to-LC SMF,,,,,,,,,,,,,,
LLDP:  Failed,US-PHX01,c160:385:42,t0-gg1-c3-01-r385-us-west-02b,SN4700,swp3,c1260:011:41,2:A:3,QSFPDD-400G-DR4,,US-PHX01,c160:391:26,c160-r391-node-01-us-west-02b,gpu-h100-04,eth0,,,,QSFP-100G-DR1,LC-to-LC SMF,,,,,,,,,,,,,,
LLDP:  Failed,US-PHX01,c160:385:42,t0-gg1-c3-01-r385-us-west-02b,SN4700,swp3,c1260:011:41,2:A:4,QSFPDD-400G-DR4,,US-PHX01,c160:391:12,c160-r391-node-02-us-west-02b,gpu-h100-04,eth0,,,,QSFP-100G-DR1,LC-to-LC SMF,,,,,,,,,,,,,,
LLDP:  Passed,US-PHX01,c160:385:42,t0-gg1-c3-01-r385-us-west-02b,SN4700,swp4,c1260:011:41,2:B:1,QSFPDD-400G-DR4,,US-PHX01,c160:392:26,c160-r392-node-01-us-west-02b,gpu-h100-04,eth0,,,,QSFP-100G-DR1,LC-to-LC SMF,,,,,,,,,,,,,,
LLDP:  Passed,US-PHX01,c160:385:42,t0-gg1-c3-01-r385-us-west-02b,SN4700,swp4,c1260:011:41,2:B:2,QSFPDD-400G-DR4,,US-PHX01,c160:392:12,c160-r392-node-02-us-west-02b,gpu-h100-04,eth0,,,,QSFP-100G-DR1,LC-to-LC SMF,,,,,,,,,,,,,,
LLDP:  Passed,US-PHX01,c160:385:42,t0-gg1-c3-01-r385-us-west-02b,SN4700,swp4,c1260:011:41,2:B:3,QSFPDD-400G-DR4,,US-PHX01,c160:393:26,c160-r393-node-01-us-west-02b,gpu-h100-04,eth0,,,,QSFP-100G-DR1,LC-to-LC SMF,,,,,,,,,,,,,,
LLDP:  Passed,US-PHX01,c160:385:42,t0-gg1-c3-01-r385-us-west-02b,SN4700,swp4,c1260:011:41,2:B:4,QSFPDD-400G-DR4,,US-PHX01,c160:393:12,c160-r393-node-02-us-west-02b,gpu-h100-04,eth0,,,,QSFP-100G-DR1,LC-to-LC SMF,,,,,,,,,,,,,,
,,,,,,,,,,,,,,,,,,,,,,,,,,,,,,,,,
LLDP:  Passed,US-PHX01,c160:385:40,t0-gg1-c3-02-r385-us-west-02b,SN4700,swp1,c1260:011:39,1:A:1,QSFPDD-400G-DR4,,US-PHX01,c160:386:26,c160-r386-node-01-us-west-02b,gpu-h100-04,eth1,,,,QSFP-100G-DR1,LC-to-LC SMF,,,,,,,,,,,,,,
LLDP:  Passed,US-PHX01,c160:385:40,t0-gg1-c3-02-r385-us-west-02b,SN4700,swp1,c1260:011:39,1:A:2,QSFPDD-400G-DR4,,US-PHX01,c160:386:12,c160-r386-node-02-us-west-02b,gpu-h100-04,eth1,,,,QSFP-100G-DR1,LC-to-LC SMF,,,,,,,,,,,,,,
LLDP:  Passed,US-PHX01,c160:385:40,t0-gg1-c3-02-r385-us-west-02b,SN4700,swp1,c1260:011:39,1:A:3,QSFPDD-400G-DR4,,US-PHX01,c160:387:26,c160-r387-node-01-us-west-02b,gpu-h100-04,eth1,,,,QSFP-100G-DR1,LC-to-LC SMF,,,,,,,,,,,,,,
LLDP:  Passed,US-PHX01,c160:385:40,t0-gg1-c3-02-r385-us-west-02b,SN4700,swp1,c1260:011:39,1:A:4,QSFPDD-400G-DR4,,US-PHX01,c160:387:12,c160-r387-node-02-us-west-02b,gpu-h100-04,eth1,,,,QSFP-100G-DR1,LC-to-LC SMF,,,,,,,,,,,,,,
LLDP:  Passed,US-PHX01,c160:385:40,t0-gg1-c3-02-r385-us-west-02b,SN4700,swp2,c1260:011:39,1:B:1,QSFPDD-400G-DR4,,US-PHX01,c160:388:26,c160-r388-node-01-us-west-02b,gpu-h100-04,eth1,,,,QSFP-100G-DR1,LC-to-LC SMF,,,,,,,,,,,,,,
LLDP:  Passed,US-PHX01,c160:385:40,t0-gg1-c3-02-r385-us-west-02b,SN4700,swp2,c1260:011:39,1:B:2,QSFPDD-400G-DR4,,US-PHX01,c160:388:12,c160-r388-node-02-us-west-02b,gpu-h100-04,eth1,,,,QSFP-100G-DR1,LC-to-LC SMF,,,,,,,,,,,,,,
LLDP:  Passed,US-PHX01,c160:385:40,t0-gg1-c3-02-r385-us-west-02b,SN4700,swp2,c1260:011:39,1:B:3,QSFPDD-400G-DR4,,US-PHX01,c160:389:26,c160-r389-node-01-us-west-02b,gpu-h100-04,eth1,,,,QSFP-100G-DR1,LC-to-LC SMF,,,,,,,,,,,,,,
LLDP:  Failed,US-PHX01,c160:385:40,t0-gg1-c3-02-r385-us-west-02b,SN4700,swp2,c1260:011:39,1:B:4,QSFPDD-400G-DR4,,US-PHX01,c160:389:12,c160-r389-node-02-us-west-02b,gpu-h100-04,eth1,,,,QSFP-100G-DR1,LC-to-LC SMF,,,,,,,,,,,,,,
LLDP:  Passed,US-PHX01,c160:385:40,t0-gg1-c3-02-r385-us-west-02b,SN4700,swp3,c1260:011:39,2:A:1,QSFPDD-400G-DR4,,US-PHX01,c160:390:26,c160-r390-node-01-us-west-02b,gpu-h100-04,eth1,,,,QSFP-100G-DR1,LC-to-LC SMF,,,,,,,,,,,,,,
LLDP:  Passed,US-PHX01,c160:385:40,t0-gg1-c3-02-r385-us-west-02b,SN4700,swp3,c1260:011:39,2:A:2,QSFPDD-400G-DR4,,US-PHX01,c160:390:12,c160-r390-node-02-us-west-02b,gpu-h100-04,eth1,,,,QSFP-100G-DR1,LC-to-LC SMF,,,,,,,,,,,,,,
LLDP:  Passed,US-PHX01,c160:385:40,t0-gg1-c3-02-r385-us-west-02b,SN4700,swp3,c1260:011:39,2:A:3,QSFPDD-400G-DR4,,US-PHX01,c160:391:26,c160-r391-node-01-us-west-02b,gpu-h100-04,eth1,,,,QSFP-100G-DR1,LC-to-LC SMF,,,,,,,,,,,,,,
LLDP:  Passed,US-PHX01,c160:385:40,t0-gg1-c3-02-r385-us-west-02b,SN4700,swp3,c1260:011:39,2:A:4,QSFPDD-400G-DR4,,US-PHX01,c160:391:12,c160-r391-node-02-us-west-02b,gpu-h100-04,eth1,,,,QSFP-100G-DR1,LC-to-LC SMF,,,,,,,,,,,,,,
LLDP:  Passed,US-PHX01,c160:385:40,t0-gg1-c3-02-r385-us-west-02b,SN4700,swp4,c1260:011:39,2:B:1,QSFPDD-400G-DR4,,US-PHX01,c160:392:26,c160-r392-node-01-us-west-02b,gpu-h100-04,eth1,,,,QSFP-100G-DR1,LC-to-LC SMF,,,,,,,,,,,,,,
LLDP:  Passed,US-PHX01,c160:385:40,t0-gg1-c3-02-r385-us-west-02b,SN4700,swp4,c1260:011:39,2:B:2,QSFPDD-400G-DR4,,US-PHX01,c160:392:12,c160-r392-node-02-us-west-02b,gpu-h100-04,eth1,,,,QSFP-100G-DR1,LC-to-LC SMF,,,,,,,,,,,,,,
LLDP:  Passed,US-PHX01,c160:385:40,t0-gg1-c3-02-r385-us-west-02b,SN4700,swp4,c1260:011:39,2:B:3,QSFPDD-400G-DR4,,US-PHX01,c160:393:26,c160-r393-node-01-us-west-02b,gpu-h100-04,eth1,,,,QSFP-100G-DR1,LC-to-LC SMF,,,,,,,,,,,,,,
LLDP:  Passed,US-PHX01,c160:385:40,t0-gg1-c3-02-r385-us-west-02b,SN4700,swp4,c1260:011:39,2:B:4,QSFPDD-400G-DR4,,US-PHX01,c160:393:12,c160-r393-node-02-us-west-02b,gpu-h100-04,eth1,,,,QSFP-100G-DR1,LC-to-LC SMF,,,,,,,,,,,,,,
,,,,,,,,,,,,,,,,,,,,,,,,,,,,,,,,,
LLDP:  Passed,US-PHX01,c160:385:18,ipmi-gg1-c3-r385-us-west-02b,SN2201,swp1,,,,,US-PHX01,c160:386:26,c160-r386-node-01-us-west-02b,gpu-h100-04,ipmi,,,,,CAT6a,,,,,,,,,,,,,,
LLDP:  Passed,US-PHX01,c160:385:18,ipmi-gg1-c3-r385-us-west-02b,SN2201,swp2,,,,,US-PHX01,c160:386:12,c160-r386-node-02-us-west-02b,gpu-h100-04,ipmi,,,,,CAT6a,,,,,,,,,,,,,,
LLDP:  Passed,US-PHX01,c160:385:18,ipmi-gg1-c3-r385-us-west-02b,SN2201,swp3,,,,,US-PHX01,c160:387:26,c160-r387-node-01-us-west-02b,gpu-h100-04,ipmi,,,,,CAT6a,,,,,,,,,,,,,,
LLDP:  Passed,US-PHX01,c160:385:18,ipmi-gg1-c3-r385-us-west-02b,SN2201,swp4,,,,,US-PHX01,c160:387:12,c160-r387-node-02-us-west-02b,gpu-h100-04,ipmi,,,,,CAT6a,,,,,,,,,,,,,,
LLDP:  Passed,US-PHX01,c160:385:18,ipmi-gg1-c3-r385-us-west-02b,SN2201,swp5,,,,,US-PHX01,c160:388:26,c160-r388-node-01-us-west-02b,gpu-h100-04,ipmi,,,,,CAT6a,,,,,,,,,,,,,,
LLDP:  Passed,US-PHX01,c160:385:18,ipmi-gg1-c3-r385-us-west-02b,SN2201,swp6,,,,,US-PHX01,c160:388:12,c160-r388-node-02-us-west-02b,gpu-h100-04,ipmi,,,,,CAT6a,,,,,,,,,,,,,,
LLDP:  Passed,US-PHX01,c160:385:18,ipmi-gg1-c3-r385-us-west-02b,SN2201,swp7,,,,,US-PHX01,c160:389:26,c160-r389-node-01-us-west-02b,gpu-h100-04,ipmi,,,,,CAT6a,,,,,,,,,,,,,,
LLDP:  Failed,US-PHX01,c160:385:18,ipmi-gg1-c3-r385-us-west-02b,SN2201,swp8,,,,,US-PHX01,c160:389:12,c160-r389-node-02-us-west-02b,gpu-h100-04,ipmi,,,,,CAT6a,,,,,,,,,,,,,,
LLDP:  Passed,US-PHX01,c160:385:18,ipmi-gg1-c3-r385-us-west-02b,SN2201,swp9,,,,,US-PHX01,c160:390:26,c160-r390-node-01-us-west-02b,gpu-h100-04,ipmi,,,,,CAT6a,,,,,,,,,,,,,,
LLDP:  Passed,US-PHX01,c160:385:18,ipmi-gg1-c3-r385-us-west-02b,SN2201,swp10,,,,,US-PHX01,c160:390:12,c160-r390-node-02-us-west-02b,gpu-h100-04,ipmi,,,,,CAT6a,,,,,,,,,,,,,,
LLDP:  Passed,US-PHX01,c160:385:18,ipmi-gg1-c3-r385-us-west-02b,SN2201,swp11,,,,,US-PHX01,c160:391:26,c160-r391-node-01-us-west-02b,gpu-h100-04,ipmi,,,,,CAT6a,,,,,,,,,,,,,,
LLDP:  Passed,US-PHX01,c160:385:18,ipmi-gg1-c3-r385-us-west-02b,SN2201,swp12,,,,,US-PHX01,c160:391:12,c160-r391-node-02-us-west-02b,gpu-h100-04,ipmi,,,,,CAT6a,,,,,,,,,,,,,,
LLDP:  Passed,US-PHX01,c160:385:18,ipmi-gg1-c3-r385-us-west-02b,SN2201,swp13,,,,,US-PHX01,c160:392:26,c160-r392-node-01-us-west-02b,gpu-h100-04,ipmi,,,,,CAT6a,,,,,,,,,,,,,,
LLDP:  Passed,US-PHX01,c160:385:18,ipmi-gg1-c3-r385-us-west-02b,SN2201,swp14,,,,,US-PHX01,c160:392:12,c160-r392-node-02-us-west-02b,gpu-h100-04,ipmi,,,,,CAT6a,,,,,,,,,,,,,,
LLDP:  Passed,US-PHX01,c160:385:18,ipmi-gg1-c3-r385-us-west-02b,SN2201,swp15,,,,,US-PHX01,c160:393:26,c160-r393-node-01-us-west-02b,gpu-h100-04,ipmi,,,,,CAT6a,,,,,,,,,,,,,,
LLDP:  Passed,US-PHX01,c160:385:18,ipmi-gg1-c3-r385-us-west-02b,SN2201,swp16,,,,,US-PHX01,c160:393:12,c160-r393-node-02-us-west-02b,gpu-h100-04,ipmi,,,,,CAT6a,,,,,,,,,,,,,,
,,,,,,,,,,,,,,,,,,,,,,,,,,,,,,,,,
LLDP:  Passed,US-PHX01,c160:385:16,dpu-gg1-c3-r385-us-west-02b,SN2201,swp1,,,,,US-PHX01,c160:386:26,c160-r386-node-01-us-west-02b,gpu-h100-04,dpu,,,,,CAT6a,,,,,,,,,,,,,,
LLDP:  Passed,US-PHX01,c160:385:16,dpu-gg1-c3-r385-us-west-02b,SN2201,swp2,,,,,US-PHX01,c160:386:12,c160-r386-node-02-us-west-02b,gpu-h100-04,dpu,,,,,CAT6a,,,,,,,,,,,,,,
LLDP:  Passed,US-PHX01,c160:385:16,dpu-gg1-c3-r385-us-west-02b,SN2201,swp3,,,,,US-PHX01,c160:387:26,c160-r387-node-01-us-west-02b,gpu-h100-04,dpu,,,,,CAT6a,,,,,,,,,,,,,,
LLDP:  Passed,US-PHX01,c160:385:16,dpu-gg1-c3-r385-us-west-02b,SN2201,swp4,,,,,US-PHX01,c160:387:12,c160-r387-node-02-us-west-02b,gpu-h100-04,dpu,,,,,CAT6a,,,,,,,,,,,,,,
LLDP:  Passed,US-PHX01,c160:385:16,dpu-gg1-c3-r385-us-west-02b,SN2201,swp5,,,,,US-PHX01,c160:388:26,c160-r388-node-01-us-west-02b,gpu-h100-04,dpu,,,,,CAT6a,,,,,,,,,,,,,,
LLDP:  Passed,US-PHX01,c160:385:16,dpu-gg1-c3-r385-us-west-02b,SN2201,swp6,,,,,US-PHX01,c160:388:12,c160-r388-node-02-us-west-02b,gpu-h100-04,dpu,,,,,CAT6a,,,,,,,,,,,,,,
LLDP:  Passed,US-PHX01,c160:385:16,dpu-gg1-c3-r385-us-west-02b,SN2201,swp7,,,,,US-PHX01,c160:389:26,c160-r389-node-01-us-west-02b,gpu-h100-04,dpu,,,,,CAT6a,,,,,,,,,,,,,,
LLDP:  Failed,US-PHX01,c160:385:16,dpu-gg1-c3-r385-us-west-02b,SN2201,swp8,,,,,US-PHX01,c160:389:12,c160-r389-node-02-us-west-02b,gpu-h100-04,dpu,,,,,CAT6a,,,,,,,,,,,,,,
LLDP:  Passed,US-PHX01,c160:385:16,dpu-gg1-c3-r385-us-west-02b,SN2201,swp9,,,,,US-PHX01,c160:390:26,c160-r390-node-01-us-west-02b,gpu-h100-04,dpu,,,,,CAT6a,,,,,,,,,,,,,,
LLDP:  Passed,US-PHX01,c160:385:16,dpu-gg1-c3-r385-us-west-02b,SN2201,swp10,,,,,US-PHX01,c160:390:12,c160-r390-node-02-us-west-02b,gpu-h100-04,dpu,,,,,CAT6a,,,,,,,,,,,,,,
LLDP:  Passed,US-PHX01,c160:385:16,dpu-gg1-c3-r385-us-west-02b,SN2201,swp11,,,,,US-PHX01,c160:391:26,c160-r391-node-01-us-west-02b,gpu-h100-04,dpu,,,,,CAT6a,,,,,,,,,,,,,,
LLDP:  Passed,US-PHX01,c160:385:16,dpu-gg1-c3-r385-us-west-02b,SN2201,swp12,,,,,US-PHX01,c160:391:12,c160-r391-node-02-us-west-02b,gpu-h100-04,dpu,,,,,CAT6a,,,,,,,,,,,,,,
LLDP:  Passed,US-PHX01,c160:385:16,dpu-gg1-c3-r385-us-west-02b,SN2201,swp13,,,,,US-PHX01,c160:392:26,c160-r392-node-01-us-west-02b,gpu-h100-04,dpu,,,,,CAT6a,,,,,,,,,,,,,,
LLDP:  Passed,US-PHX01,c160:385:16,dpu-gg1-c3-r385-us-west-02b,SN2201,swp14,,,,,US-PHX01,c160:392:12,c160-r392-node-02-us-west-02b,gpu-h100-04,dpu,,,,,CAT6a,,,,,,,,,,,,,,
LLDP:  Passed,US-PHX01,c160:385:16,dpu-gg1-c3-r385-us-west-02b,SN2201,swp15,,,,,US-PHX01,c160:393:26,c160-r393-node-01-us-west-02b,gpu-h100-04,dpu,,,,,CAT6a,,,,,,,,,,,,,,
LLDP:  Passed,US-PHX01,c160:385:16,dpu-gg1-c3-r385-us-west-02b,SN2201,swp16,,,,,US-PHX01,c160:393:12,c160-r393-node-02-us-west-02b,gpu-h100-04,dpu,,,,,CAT6a,,,,,,,,,,,,,,
,,,,,,,,,,,,,,,,,,,,,,,,,,,,,,,,,
,,,,,,,,,,,,,,,,,,,,,,,,,,,,,,,,,
C160 :: ROW-26 :: H100's,,,,,,,,,,,,,,,,,,,,,,,,,,,,,,,,,
LLDP:  Passed,US-PHX01,c160:401:44,t0-gg1-c3-01-r401-us-west-02b,SN4700,swp1,c160:401:43,1:A:1,QSFPDD-400G-DR4,,US-PHX01,c160:402:26,c160-r402-node-01-us-west-02b,gpu-h100-04,eth0,,,,QSFP-100G-DR1,LC-to-LC SMF,,,,,,,,,,,,,,
LLDP:  Passed,US-PHX01,c160:401:44,t0-gg1-c3-01-r401-us-west-02b,SN4700,swp1,c160:401:43,1:A:2,QSFPDD-400G-DR4,,US-PHX01,c160:402:12,c160-r402-node-02-us-west-02b,gpu-h100-04,eth0,,,,QSFP-100G-DR1,LC-to-LC SMF,,,,,,,,,,,,,,
LLDP:  Passed,US-PHX01,c160:401:44,t0-gg1-c3-01-r401-us-west-02b,SN4700,swp1,c160:401:43,1:A:3,QSFPDD-400G-DR4,,US-PHX01,c160:403:26,c160-r403-node-01-us-west-02b,gpu-h100-04,eth0,,,,QSFP-100G-DR1,LC-to-LC SMF,,,,,,,,,,,,,,
LLDP:  Failed,US-PHX01,c160:401:44,t0-gg1-c3-01-r401-us-west-02b,SN4700,swp1,c160:401:43,1:A:4,QSFPDD-400G-DR4,,US-PHX01,c160:403:12,c160-r403-node-02-us-west-02b,gpu-h100-04,eth0,,,,QSFP-100G-DR1,LC-to-LC SMF,,,,,,,,,,,,,,
LLDP:  Passed,US-PHX01,c160:401:44,t0-gg1-c3-01-r401-us-west-02b,SN4700,swp2,c160:401:43,1:B:1,QSFPDD-400G-DR4,,US-PHX01,c160:404:26,c160-r404-node-01-us-west-02b,gpu-h100-04,eth0,,,,QSFP-100G-DR1,LC-to-LC SMF,,,,,,,,,,,,,,
LLDP:  Failed,US-PHX01,c160:401:44,t0-gg1-c3-01-r401-us-west-02b,SN4700,swp2,c160:401:43,1:B:2,QSFPDD-400G-DR4,,US-PHX01,c160:404:12,c160-r404-node-02-us-west-02b,gpu-h100-04,eth0,,,,QSFP-100G-DR1,LC-to-LC SMF,,,,,,,,,,,,,,
LLDP:  Passed,US-PHX01,c160:401:44,t0-gg1-c3-01-r401-us-west-02b,SN4700,swp2,c160:401:43,1:B:3,QSFPDD-400G-DR4,,US-PHX01,c160:405:26,c160-r405-node-01-us-west-02b,gpu-h100-04,eth0,,,,QSFP-100G-DR1,LC-to-LC SMF,,,,,,,,,,,,,,
LLDP:  Passed,US-PHX01,c160:401:44,t0-gg1-c3-01-r401-us-west-02b,SN4700,swp2,c160:401:43,1:B:4,QSFPDD-400G-DR4,,US-PHX01,c160:405:12,c160-r405-node-02-us-west-02b,gpu-h100-04,eth0,,,,QSFP-100G-DR1,LC-to-LC SMF,,,,,,,,,,,,,,
LLDP:  Passed,US-PHX01,c160:401:44,t0-gg1-c3-01-r401-us-west-02b,SN4700,swp3,c160:401:43,2:A:1,QSFPDD-400G-DR4,,US-PHX01,c160:406:26,c160-r406-node-01-us-west-02b,gpu-h100-04,eth0,,,,QSFP-100G-DR1,LC-to-LC SMF,,,,,,,,,,,,,,
LLDP:  Passed,US-PHX01,c160:401:44,t0-gg1-c3-01-r401-us-west-02b,SN4700,swp3,c160:401:43,2:A:2,QSFPDD-400G-DR4,,US-PHX01,c160:406:12,c160-r406-node-02-us-west-02b,gpu-h100-04,eth0,,,,QSFP-100G-DR1,LC-to-LC SMF,,,,,,,,,,,,,,
LLDP:  Passed,US-PHX01,c160:401:44,t0-gg1-c3-01-r401-us-west-02b,SN4700,swp3,c160:401:43,2:A:3,QSFPDD-400G-DR4,,US-PHX01,c160:407:26,c160-r407-node-01-us-west-02b,gpu-h100-04,eth0,,,,QSFP-100G-DR1,LC-to-LC SMF,,,,,,,,,,,,,,
LLDP:  Passed,US-PHX01,c160:401:44,t0-gg1-c3-01-r401-us-west-02b,SN4700,swp3,c160:401:43,2:A:4,QSFPDD-400G-DR4,,US-PHX01,c160:407:12,c160-r407-node-02-us-west-02b,gpu-h100-04,eth0,,,,QSFP-100G-DR1,LC-to-LC SMF,,,,,,,,,,,,,,
LLDP:  Passed,US-PHX01,c160:401:44,t0-gg1-c3-01-r401-us-west-02b,SN4700,swp4,c160:401:43,2:B:1,QSFPDD-400G-DR4,,US-PHX01,c160:408:26,c160-r408-node-01-us-west-02b,gpu-h100-04,eth0,,,,QSFP-100G-DR1,LC-to-LC SMF,,,,,,,,,,,,,,
LLDP:  Passed,US-PHX01,c160:401:44,t0-gg1-c3-01-r401-us-west-02b,SN4700,swp4,c160:401:43,2:B:2,QSFPDD-400G-DR4,,US-PHX01,c160:408:12,c160-r408-node-02-us-west-02b,gpu-h100-04,eth0,,,,QSFP-100G-DR1,LC-to-LC SMF,,,,,,,,,,,,,,
LLDP:  Passed,US-PHX01,c160:401:44,t0-gg1-c3-01-r401-us-west-02b,SN4700,swp4,c160:401:43,2:B:3,QSFPDD-400G-DR4,,US-PHX01,c160:409:26,c160-r409-node-01-us-west-02b,gpu-h100-04,eth0,,,,QSFP-100G-DR1,LC-to-LC SMF,,,,,,,,,,,,,,
LLDP:  Passed,US-PHX01,c160:401:44,t0-gg1-c3-01-r401-us-west-02b,SN4700,swp4,c160:401:43,2:B:4,QSFPDD-400G-DR4,,US-PHX01,c160:409:12,c160-r409-node-02-us-west-02b,gpu-h100-04,eth0,,,,QSFP-100G-DR1,LC-to-LC SMF,,,,,,,,,,,,,,
LLDP:  Passed,US-PHX01,c160:401:44,t0-gg1-c3-01-r401-us-west-02b,SN4700,swp5,c160:401:43,3:A:1,QSFPDD-400G-DR4,,US-PHX01,c160:410:26,c160-r410-node-01-us-west-02b,gpu-h100-04,eth0,,,,QSFP-100G-DR1,LC-to-LC SMF,,,,,,,,,,,,,,
LLDP:  Passed,US-PHX01,c160:401:44,t0-gg1-c3-01-r401-us-west-02b,SN4700,swp5,c160:401:43,3:A:2,QSFPDD-400G-DR4,,US-PHX01,c160:410:12,c160-r410-node-02-us-west-02b,gpu-h100-04,eth0,,,,QSFP-100G-DR1,LC-to-LC SMF,,,,,,,,,,,,,,
,,,,,,,,,,,,,,,,,,,,,,,,,,,,,,,,,
,,,,,,,,,,,,,,,,,,,,,,,,,,,,,,,,,
,,,,,,,,,,,,,,,,,,,,,,,,,,,,,,,,,
,,,,,,,,,,,,,,,,,,,,,,,,,,,,,,,,,
,,,,,,,,,,,,,,,,,,,,,,,,,,,,,,,,,
,,,,,,,,,,,,,,,,,,,,,,,,,,,,,,,,,
LLDP:  Passed,US-PHX01,c160:401:42,t0-gg1-c3-02-r401-us-west-02b,SN4700,swp1,c160:401:41,1:A:1,QSFPDD-400G-DR4,,US-PHX01,c160:402:26,c160-r402-node-01-us-west-02b,gpu-h100-04,eth1,,,,QSFP-100G-DR1,LC-to-LC SMF,,,,,,,,,,,,,,
LLDP:  Passed,US-PHX01,c160:401:42,t0-gg1-c3-02-r401-us-west-02b,SN4700,swp1,c160:401:41,1:A:2,QSFPDD-400G-DR4,,US-PHX01,c160:402:12,c160-r402-node-02-us-west-02b,gpu-h100-04,eth1,,,,QSFP-100G-DR1,LC-to-LC SMF,,,,,,,,,,,,,,
LLDP:  Passed,US-PHX01,c160:401:42,t0-gg1-c3-02-r401-us-west-02b,SN4700,swp1,c160:401:41,1:A:3,QSFPDD-400G-DR4,,US-PHX01,c160:403:26,c160-r403-node-01-us-west-02b,gpu-h100-04,eth1,,,,QSFP-100G-DR1,LC-to-LC SMF,,,,,,,,,,,,,,
LLDP:  Failed,US-PHX01,c160:401:42,t0-gg1-c3-02-r401-us-west-02b,SN4700,swp1,c160:401:41,1:A:4,QSFPDD-400G-DR4,,US-PHX01,c160:403:12,c160-r403-node-02-us-west-02b,gpu-h100-04,eth1,,,,QSFP-100G-DR1,LC-to-LC SMF,,,,,,,,,,,,,,
LLDP:  Passed,US-PHX01,c160:401:42,t0-gg1-c3-02-r401-us-west-02b,SN4700,swp2,c160:401:41,1:B:1,QSFPDD-400G-DR4,,US-PHX01,c160:404:26,c160-r404-node-01-us-west-02b,gpu-h100-04,eth1,,,,QSFP-100G-DR1,LC-to-LC SMF,,,,,,,,,,,,,,
LLDP:  Passed,US-PHX01,c160:401:42,t0-gg1-c3-02-r401-us-west-02b,SN4700,swp2,c160:401:41,1:B:2,QSFPDD-400G-DR4,,US-PHX01,c160:404:12,c160-r404-node-02-us-west-02b,gpu-h100-04,eth1,,,,QSFP-100G-DR1,LC-to-LC SMF,,,,,,,,,,,,,,
LLDP:  Passed,US-PHX01,c160:401:42,t0-gg1-c3-02-r401-us-west-02b,SN4700,swp2,c160:401:41,1:B:3,QSFPDD-400G-DR4,,US-PHX01,c160:405:26,c160-r405-node-01-us-west-02b,gpu-h100-04,eth1,,,,QSFP-100G-DR1,LC-to-LC SMF,,,,,,,,,,,,,,
LLDP:  Passed,US-PHX01,c160:401:42,t0-gg1-c3-02-r401-us-west-02b,SN4700,swp2,c160:401:41,1:B:4,QSFPDD-400G-DR4,,US-PHX01,c160:405:12,c160-r405-node-02-us-west-02b,gpu-h100-04,eth1,,,,QSFP-100G-DR1,LC-to-LC SMF,,,,,,,,,,,,,,
LLDP:  Passed,US-PHX01,c160:401:42,t0-gg1-c3-02-r401-us-west-02b,SN4700,swp3,c160:401:41,2:A:1,QSFPDD-400G-DR4,,US-PHX01,c160:406:26,c160-r406-node-01-us-west-02b,gpu-h100-04,eth1,,,,QSFP-100G-DR1,LC-to-LC SMF,,,,,,,,,,,,,,
LLDP:  Passed,US-PHX01,c160:401:42,t0-gg1-c3-02-r401-us-west-02b,SN4700,swp3,c160:401:41,2:A:2,QSFPDD-400G-DR4,,US-PHX01,c160:406:12,c160-r406-node-02-us-west-02b,gpu-h100-04,eth1,,,,QSFP-100G-DR1,LC-to-LC SMF,,,,,,,,,,,,,,
LLDP:  Passed,US-PHX01,c160:401:42,t0-gg1-c3-02-r401-us-west-02b,SN4700,swp3,c160:401:41,2:A:3,QSFPDD-400G-DR4,,US-PHX01,c160:407:26,c160-r407-node-01-us-west-02b,gpu-h100-04,eth1,,,,QSFP-100G-DR1,LC-to-LC SMF,,,,,,,,,,,,,,
LLDP:  Passed,US-PHX01,c160:401:42,t0-gg1-c3-02-r401-us-west-02b,SN4700,swp3,c160:401:41,2:A:4,QSFPDD-400G-DR4,,US-PHX01,c160:407:12,c160-r407-node-02-us-west-02b,gpu-h100-04,eth1,,,,QSFP-100G-DR1,LC-to-LC SMF,,,,,,,,,,,,,,
LLDP:  Passed,US-PHX01,c160:401:42,t0-gg1-c3-02-r401-us-west-02b,SN4700,swp4,c160:401:41,2:B:1,QSFPDD-400G-DR4,,US-PHX01,c160:408:26,c160-r408-node-01-us-west-02b,gpu-h100-04,eth1,,,,QSFP-100G-DR1,LC-to-LC SMF,,,,,,,,,,,,,,
LLDP:  Passed,US-PHX01,c160:401:42,t0-gg1-c3-02-r401-us-west-02b,SN4700,swp4,c160:401:41,2:B:2,QSFPDD-400G-DR4,,US-PHX01,c160:408:12,c160-r408-node-02-us-west-02b,gpu-h100-04,eth1,,,,QSFP-100G-DR1,LC-to-LC SMF,,,,,,,,,,,,,,
LLDP:  Passed,US-PHX01,c160:401:42,t0-gg1-c3-02-r401-us-west-02b,SN4700,swp4,c160:401:41,2:B:3,QSFPDD-400G-DR4,,US-PHX01,c160:409:26,c160-r409-node-01-us-west-02b,gpu-h100-04,eth1,,,,QSFP-100G-DR1,LC-to-LC SMF,,,,,,,,,,,,,,
LLDP:  Passed,US-PHX01,c160:401:42,t0-gg1-c3-02-r401-us-west-02b,SN4700,swp4,c160:401:41,2:B:4,QSFPDD-400G-DR4,,US-PHX01,c160:409:12,c160-r409-node-02-us-west-02b,gpu-h100-04,eth1,,,,QSFP-100G-DR1,LC-to-LC SMF,,,,,,,,,,,,,,
LLDP:  Passed,US-PHX01,c160:401:42,t0-gg1-c3-02-r401-us-west-02b,SN4700,swp5,c160:401:41,3:A:1,QSFPDD-400G-DR4,,US-PHX01,c160:410:26,c160-r410-node-01-us-west-02b,gpu-h100-04,eth1,,,,QSFP-100G-DR1,LC-to-LC SMF,,,,,,,,,,,,,,
LLDP:  Passed,US-PHX01,c160:401:42,t0-gg1-c3-02-r401-us-west-02b,SN4700,swp5,c160:401:41,3:A:2,QSFPDD-400G-DR4,,US-PHX01,c160:410:12,c160-r410-node-02-us-west-02b,gpu-h100-04,eth1,,,,QSFP-100G-DR1,LC-to-LC SMF,,,,,,,,,,,,,,
,,,,,,,,,,,,,,,,,,,,,,,,,,,,,,,,,
,,,,,,,,,,,,,,,,,,,,,,,,,,,,,,,,,
,,,,,,,,,,,,,,,,,,,,,,,,,,,,,,,,,
,,,,,,,,,,,,,,,,,,,,,,,,,,,,,,,,,
,,,,,,,,,,,,,,,,,,,,,,,,,,,,,,,,,
LLDP:  Passed,US-PHX01,c160:401:39,ipmi-gg1-c3-r401-us-west-02b,SN2201,swp1,,,,,US-PHX01,c160:402:26,c160-r402-node-01-us-west-02b,gpu-h100-04,ipmi,,,,,CAT6a,,,,,,,,,,,,,,
LLDP:  Passed,US-PHX01,c160:401:39,ipmi-gg1-c3-r401-us-west-02b,SN2201,swp2,,,,,US-PHX01,c160:402:12,c160-r402-node-02-us-west-02b,gpu-h100-04,ipmi,,,,,CAT6a,,,,,,,,,,,,,,
LLDP:  Passed,US-PHX01,c160:401:39,ipmi-gg1-c3-r401-us-west-02b,SN2201,swp3,,,,,US-PHX01,c160:403:26,c160-r403-node-01-us-west-02b,gpu-h100-04,ipmi,,,,,CAT6a,,,,,,,,,,,,,,
LLDP:  Passed,US-PHX01,c160:401:39,ipmi-gg1-c3-r401-us-west-02b,SN2201,swp4,,,,,US-PHX01,c160:403:12,c160-r403-node-02-us-west-02b,gpu-h100-04,ipmi,,,,,CAT6a,,,,,,,,,,,,,,
LLDP:  Passed,US-PHX01,c160:401:39,ipmi-gg1-c3-r401-us-west-02b,SN2201,swp5,,,,,US-PHX01,c160:404:26,c160-r404-node-01-us-west-02b,gpu-h100-04,ipmi,,,,,CAT6a,,,,,,,,,,,,,,
LLDP:  Passed,US-PHX01,c160:401:39,ipmi-gg1-c3-r401-us-west-02b,SN2201,swp6,,,,,US-PHX01,c160:404:12,c160-r404-node-02-us-west-02b,gpu-h100-04,ipmi,,,,,CAT6a,,,,,,,,,,,,,,
LLDP:  Passed,US-PHX01,c160:401:39,ipmi-gg1-c3-r401-us-west-02b,SN2201,swp7,,,,,US-PHX01,c160:405:26,c160-r405-node-01-us-west-02b,gpu-h100-04,ipmi,,,,,CAT6a,,,,,,,,,,,,,,
LLDP:  Passed,US-PHX01,c160:401:39,ipmi-gg1-c3-r401-us-west-02b,SN2201,swp8,,,,,US-PHX01,c160:405:12,c160-r405-node-02-us-west-02b,gpu-h100-04,ipmi,,,,,CAT6a,,,,,,,,,,,,,,
LLDP:  Passed,US-PHX01,c160:401:39,ipmi-gg1-c3-r401-us-west-02b,SN2201,swp9,,,,,US-PHX01,c160:406:26,c160-r406-node-01-us-west-02b,gpu-h100-04,ipmi,,,,,CAT6a,,,,,,,,,,,,,,
LLDP:  Passed,US-PHX01,c160:401:39,ipmi-gg1-c3-r401-us-west-02b,SN2201,swp10,,,,,US-PHX01,c160:406:12,c160-r406-node-02-us-west-02b,gpu-h100-04,ipmi,,,,,CAT6a,,,,,,,,,,,,,,
LLDP:  Passed,US-PHX01,c160:401:39,ipmi-gg1-c3-r401-us-west-02b,SN2201,swp11,,,,,US-PHX01,c160:407:26,c160-r407-node-01-us-west-02b,gpu-h100-04,ipmi,,,,,CAT6a,,,,,,,,,,,,,,
LLDP:  Passed,US-PHX01,c160:401:39,ipmi-gg1-c3-r401-us-west-02b,SN2201,swp12,,,,,US-PHX01,c160:407:12,c160-r407-node-02-us-west-02b,gpu-h100-04,ipmi,,,,,CAT6a,,,,,,,,,,,,,,
LLDP:  Passed,US-PHX01,c160:401:39,ipmi-gg1-c3-r401-us-west-02b,SN2201,swp13,,,,,US-PHX01,c160:408:26,c160-r408-node-01-us-west-02b,gpu-h100-04,ipmi,,,,,CAT6a,,,,,,,,,,,,,,
LLDP:  Passed,US-PHX01,c160:401:39,ipmi-gg1-c3-r401-us-west-02b,SN2201,swp14,,,,,US-PHX01,c160:408:12,c160-r408-node-02-us-west-02b,gpu-h100-04,ipmi,,,,,CAT6a,,,,,,,,,,,,,,
LLDP:  Passed,US-PHX01,c160:401:39,ipmi-gg1-c3-r401-us-west-02b,SN2201,swp15,,,,,US-PHX01,c160:409:26,c160-r409-node-01-us-west-02b,gpu-h100-04,ipmi,,,,,CAT6a,,,,,,,,,,,,,,
LLDP:  Passed,US-PHX01,c160:401:39,ipmi-gg1-c3-r401-us-west-02b,SN2201,swp16,,,,,US-PHX01,c160:409:12,c160-r409-node-02-us-west-02b,gpu-h100-04,ipmi,,,,,CAT6a,,,,,,,,,,,,,,
LLDP:  Passed,US-PHX01,c160:401:39,ipmi-gg1-c3-r401-us-west-02b,SN2201,swp17,,,,,US-PHX01,c160:410:26,c160-r410-node-01-us-west-02b,gpu-h100-04,ipmi,,,,,CAT6a,,,,,,,,,,,,,,
LLDP:  Passed,US-PHX01,c160:401:39,ipmi-gg1-c3-r401-us-west-02b,SN2201,swp18,,,,,US-PHX01,c160:410:12,c160-r410-node-02-us-west-02b,gpu-h100-04,ipmi,,,,,CAT6a,,,,,,,,,,,,,,
,,,,,,,,,,,,,,,,,,,,,,,,,,,,,,,,,
,,,,,,,,,,,,,,,,,,,,,,,,,,,,,,,,,
,,,,,,,,,,,,,,,,,,,,,,,,,,,,,,,,,
,,,,,,,,,,,,,,,,,,,,,,,,,,,,,,,,,
,,,,,,,,,,,,,,,,,,,,,,,,,,,,,,,,,
LLDP:  Passed,US-PHX01,c160:401:37,dpu-gg1-c3-r401-us-west-02b,SN2201,swp1,,,,,US-PHX01,c160:402:26,c160-r402-node-01-us-west-02b,gpu-h100-04,dpu,,,,,CAT6a,,,,,,,,,,,,,,
LLDP:  Passed,US-PHX01,c160:401:37,dpu-gg1-c3-r401-us-west-02b,SN2201,swp2,,,,,US-PHX01,c160:402:12,c160-r402-node-02-us-west-02b,gpu-h100-04,dpu,,,,,CAT6a,,,,,,,,,,,,,,
LLDP:  Failed,US-PHX01,c160:401:37,dpu-gg1-c3-r401-us-west-02b,SN2201,swp3,,,,,US-PHX01,c160:403:26,c160-r403-node-01-us-west-02b,gpu-h100-04,dpu,,,,,CAT6a,,,,,,,,,,,,,,
LLDP:  Passed,US-PHX01,c160:401:37,dpu-gg1-c3-r401-us-west-02b,SN2201,swp4,,,,,US-PHX01,c160:403:12,c160-r403-node-02-us-west-02b,gpu-h100-04,dpu,,,,,CAT6a,,,,,,,,,,,,,,
LLDP:  Passed,US-PHX01,c160:401:37,dpu-gg1-c3-r401-us-west-02b,SN2201,swp5,,,,,US-PHX01,c160:404:26,c160-r404-node-01-us-west-02b,gpu-h100-04,dpu,,,,,CAT6a,,,,,,,,,,,,,,
LLDP:  Passed,US-PHX01,c160:401:37,dpu-gg1-c3-r401-us-west-02b,SN2201,swp6,,,,,US-PHX01,c160:404:12,c160-r404-node-02-us-west-02b,gpu-h100-04,dpu,,,,,CAT6a,,,,,,,,,,,,,,
LLDP:  Passed,US-PHX01,c160:401:37,dpu-gg1-c3-r401-us-west-02b,SN2201,swp7,,,,,US-PHX01,c160:405:26,c160-r405-node-01-us-west-02b,gpu-h100-04,dpu,,,,,CAT6a,,,,,,,,,,,,,,
LLDP:  Passed,US-PHX01,c160:401:37,dpu-gg1-c3-r401-us-west-02b,SN2201,swp8,,,,,US-PHX01,c160:405:12,c160-r405-node-02-us-west-02b,gpu-h100-04,dpu,,,,,CAT6a,,,,,,,,,,,,,,
LLDP:  Passed,US-PHX01,c160:401:37,dpu-gg1-c3-r401-us-west-02b,SN2201,swp9,,,,,US-PHX01,c160:406:26,c160-r406-node-01-us-west-02b,gpu-h100-04,dpu,,,,,CAT6a,,,,,,,,,,,,,,
LLDP:  Passed,US-PHX01,c160:401:37,dpu-gg1-c3-r401-us-west-02b,SN2201,swp10,,,,,US-PHX01,c160:406:12,c160-r406-node-02-us-west-02b,gpu-h100-04,dpu,,,,,CAT6a,,,,,,,,,,,,,,
LLDP:  Passed,US-PHX01,c160:401:37,dpu-gg1-c3-r401-us-west-02b,SN2201,swp11,,,,,US-PHX01,c160:407:26,c160-r407-node-01-us-west-02b,gpu-h100-04,dpu,,,,,CAT6a,,,,,,,,,,,,,,
LLDP:  Passed,US-PHX01,c160:401:37,dpu-gg1-c3-r401-us-west-02b,SN2201,swp12,,,,,US-PHX01,c160:407:12,c160-r407-node-02-us-west-02b,gpu-h100-04,dpu,,,,,CAT6a,,,,,,,,,,,,,,
LLDP:  Passed,US-PHX01,c160:401:37,dpu-gg1-c3-r401-us-west-02b,SN2201,swp13,,,,,US-PHX01,c160:408:26,c160-r408-node-01-us-west-02b,gpu-h100-04,dpu,,,,,CAT6a,,,,,,,,,,,,,,
LLDP:  Passed,US-PHX01,c160:401:37,dpu-gg1-c3-r401-us-west-02b,SN2201,swp14,,,,,US-PHX01,c160:408:12,c160-r408-node-02-us-west-02b,gpu-h100-04,dpu,,,,,CAT6a,,,,,,,,,,,,,,
LLDP:  Passed,US-PHX01,c160:401:37,dpu-gg1-c3-r401-us-west-02b,SN2201,swp15,,,,,US-PHX01,c160:409:26,c160-r409-node-01-us-west-02b,gpu-h100-04,dpu,,,,,CAT6a,,,,,,,,,,,,,,
LLDP:  Passed,US-PHX01,c160:401:37,dpu-gg1-c3-r401-us-west-02b,SN2201,swp16,,,,,US-PHX01,c160:409:12,c160-r409-node-02-us-west-02b,gpu-h100-04,dpu,,,,,CAT6a,,,,,,,,,,,,,,
LLDP:  Passed,US-PHX01,c160:401:37,dpu-gg1-c3-r401-us-west-02b,SN2201,swp17,,,,,US-PHX01,c160:410:26,c160-r410-node-01-us-west-02b,gpu-h100-04,dpu,,,,,CAT6a,,,,,,,,,,,,,,
LLDP:  Passed,US-PHX01,c160:401:37,dpu-gg1-c3-r401-us-west-02b,SN2201,swp18,,,,,US-PHX01,c160:410:12,c160-r410-node-02-us-west-02b,gpu-h100-04,dpu,,,,,CAT6a,,,,,,,,,,,,,,
,,,,,,,,,,,,,,,,,,,,,,,,,,,,,,,,,
,,,,,,,,,,,,,,,,,,,,,,,,,,,,,,,,,
,,,,,,,,,,,,,,,,,,,,,,,,,,,,,,,,,
,,,,,,,,,,,,,,,,,,,,,,,,,,,,,,,,,
,,,,,,,,,,,,,,,,,,,,,,,,,,,,,,,,,
,,,,,,,,,,,,,,,,,,,,,,,,,,,,,,,,,
C160 :: ROW-27 :: H100's,,,,,,,,,,,,,,,,,,,,,,,,,,,,,,,,,
LLDP:  Failed,US-PHX01,c160:417:42,t0-gg1-c3-01-r417-us-west-02b,SN4700,swp1,c1260:011:41,1:A:1,QSFPDD-400G-DR4,,US-PHX01,c160:418:26,c160-r418-node-01-us-west-02b,gpu-h100-04,eth0,,,,QSFP-100G-DR1,LC-to-LC SMF,,,,,,,,,,,,,,
LLDP:  Passed,US-PHX01,c160:417:42,t0-gg1-c3-01-r417-us-west-02b,SN4700,swp1,c1260:011:41,1:A:2,QSFPDD-400G-DR4,,US-PHX01,c160:418:12,c160-r418-node-02-us-west-02b,gpu-h100-04,eth0,,,,QSFP-100G-DR1,LC-to-LC SMF,,,,,,,,,,,,,,
LLDP:  Passed,US-PHX01,c160:417:42,t0-gg1-c3-01-r417-us-west-02b,SN4700,swp1,c1260:011:41,1:A:3,QSFPDD-400G-DR4,,US-PHX01,c160:419:26,c160-r419-node-01-us-west-02b,gpu-h100-04,eth0,,,,QSFP-100G-DR1,LC-to-LC SMF,,,,,,,,,,,,,,
LLDP:  Passed,US-PHX01,c160:417:42,t0-gg1-c3-01-r417-us-west-02b,SN4700,swp1,c1260:011:41,1:A:4,QSFPDD-400G-DR4,,US-PHX01,c160:419:12,c160-r419-node-02-us-west-02b,gpu-h100-04,eth0,,,,QSFP-100G-DR1,LC-to-LC SMF,,,,,,,,,,,,,,
LLDP:  Passed,US-PHX01,c160:417:42,t0-gg1-c3-01-r417-us-west-02b,SN4700,swp2,c1260:011:41,1:B:1,QSFPDD-400G-DR4,,US-PHX01,c160:420:26,c160-r420-node-01-us-west-02b,gpu-h100-04,eth0,,,,QSFP-100G-DR1,LC-to-LC SMF,,,,,,,,,,,,,,
LLDP:  Passed,US-PHX01,c160:417:42,t0-gg1-c3-01-r417-us-west-02b,SN4700,swp2,c1260:011:41,1:B:2,QSFPDD-400G-DR4,,US-PHX01,c160:420:12,c160-r420-node-02-us-west-02b,gpu-h100-04,eth0,,,,QSFP-100G-DR1,LC-to-LC SMF,,,,,,,,,,,,,,
LLDP:  Passed,US-PHX01,c160:417:42,t0-gg1-c3-01-r417-us-west-02b,SN4700,swp2,c1260:011:41,1:B:3,QSFPDD-400G-DR4,,US-PHX01,c160:421:26,c160-r421-node-01-us-west-02b,gpu-h100-04,eth0,,,,QSFP-100G-DR1,LC-to-LC SMF,,,,,,,,,,,,,,
LLDP:  Passed,US-PHX01,c160:417:42,t0-gg1-c3-01-r417-us-west-02b,SN4700,swp2,c1260:011:41,1:B:4,QSFPDD-400G-DR4,,US-PHX01,c160:421:12,c160-r421-node-02-us-west-02b,gpu-h100-04,eth0,,,,QSFP-100G-DR1,LC-to-LC SMF,,,,,,,,,,,,,,
LLDP:  Passed,US-PHX01,c160:417:42,t0-gg1-c3-01-r417-us-west-02b,SN4700,swp3,c1260:011:41,2:A:1,QSFPDD-400G-DR4,,US-PHX01,c160:422:26,c160-r422-node-01-us-west-02b,gpu-h100-04,eth0,,,,QSFP-100G-DR1,LC-to-LC SMF,,,,,,,,,,,,,,
LLDP:  Passed,US-PHX01,c160:417:42,t0-gg1-c3-01-r417-us-west-02b,SN4700,swp3,c1260:011:41,2:A:2,QSFPDD-400G-DR4,,US-PHX01,c160:422:12,c160-r422-node-02-us-west-02b,gpu-h100-04,eth0,,,,QSFP-100G-DR1,LC-to-LC SMF,,,,,,,,,,,,,,
LLDP:  Passed,US-PHX01,c160:417:42,t0-gg1-c3-01-r417-us-west-02b,SN4700,swp3,c1260:011:41,2:A:3,QSFPDD-400G-DR4,,US-PHX01,c160:423:26,c160-r423-node-01-us-west-02b,gpu-h100-04,eth0,,,,QSFP-100G-DR1,LC-to-LC SMF,,,,,,,,,,,,,,
LLDP:  Passed,US-PHX01,c160:417:42,t0-gg1-c3-01-r417-us-west-02b,SN4700,swp3,c1260:011:41,2:A:4,QSFPDD-400G-DR4,,US-PHX01,c160:423:12,c160-r423-node-02-us-west-02b,gpu-h100-04,eth0,,,,QSFP-100G-DR1,LC-to-LC SMF,,,,,,,,,,,,,,
LLDP:  Passed,US-PHX01,c160:417:42,t0-gg1-c3-01-r417-us-west-02b,SN4700,swp4,c1260:011:41,2:B:1,QSFPDD-400G-DR4,,US-PHX01,c160:424:26,c160-r424-node-01-us-west-02b,gpu-h100-04,eth0,,,,QSFP-100G-DR1,LC-to-LC SMF,,,,,,,,,,,,,,
LLDP:  Passed,US-PHX01,c160:417:42,t0-gg1-c3-01-r417-us-west-02b,SN4700,swp4,c1260:011:41,2:B:2,QSFPDD-400G-DR4,,US-PHX01,c160:424:12,c160-r424-node-02-us-west-02b,gpu-h100-04,eth0,,,,QSFP-100G-DR1,LC-to-LC SMF,,,,,,,,,,,,,,
LLDP:  Passed,US-PHX01,c160:417:42,t0-gg1-c3-01-r417-us-west-02b,SN4700,swp4,c1260:011:41,2:B:3,QSFPDD-400G-DR4,,US-PHX01,c160:425:26,c160-r425-node-01-us-west-02b,gpu-h100-04,eth0,,,,QSFP-100G-DR1,LC-to-LC SMF,,,,,,,,,,,,,,
LLDP:  Failed,US-PHX01,c160:417:42,t0-gg1-c3-01-r417-us-west-02b,SN4700,swp4,c1260:011:41,2:B:4,QSFPDD-400G-DR4,,US-PHX01,c160:425:12,c160-r425-node-02-us-west-02b,gpu-h100-04,eth0,,,,QSFP-100G-DR1,LC-to-LC SMF,,,,,,,,,,,,,,
LLDP:  Passed,US-PHX01,c160:417:42,t0-gg1-c3-01-r417-us-west-02b,SN4700,swp5,c1260:011:41,3:A:1,QSFPDD-400G-DR4,,US-PHX01,c160:426:26,c160-r426-node-01-us-west-02b,gpu-h100-04,eth0,,,,QSFP-100G-DR1,LC-to-LC SMF,,,,,,,,,,,,,,
LLDP:  Passed,US-PHX01,c160:417:42,t0-gg1-c3-01-r417-us-west-02b,SN4700,swp5,c1260:011:41,3:A:2,QSFPDD-400G-DR4,,US-PHX01,c160:426:12,c160-r426-node-02-us-west-02b,gpu-h100-04,eth0,,,,QSFP-100G-DR1,LC-to-LC SMF,,,,,,,,,,,,,,
LLDP:  Passed,US-PHX01,c160:417:42,t0-gg1-c3-01-r417-us-west-02b,SN4700,swp5,c1260:011:41,3:A:3,QSFPDD-400G-DR4,,US-PHX01,c160:427:26,c160-r427-node-01-us-west-02b,gpu-h100-04,eth0,,,,QSFP-100G-DR1,LC-to-LC SMF,,,,,,,,,,,,,,
LLDP:  Passed,US-PHX01,c160:417:42,t0-gg1-c3-01-r417-us-west-02b,SN4700,swp5,c1260:011:41,3:A:4,QSFPDD-400G-DR4,,US-PHX01,c160:427:12,c160-r427-node-02-us-west-02b,gpu-h100-04,eth0,,,,QSFP-100G-DR1,LC-to-LC SMF,,,,,,,,,,,,,,
,,,,,,,,,,,,,,,,,,,,,,,,,,,,,,,,,
,,,,,,,,,,,,,,,,,,,,,,,,,,,,,,,,,
LLDP:  Failed,US-PHX01,c160:417:40,t0-gg1-c3-02-r417-us-west-02b,SN4700,swp1,c1260:011:39,1:A:1,QSFPDD-400G-DR4,,US-PHX01,c160:418:26,c160-r418-node-01-us-west-02b,gpu-h100-04,eth1,,,,QSFP-100G-DR1,LC-to-LC SMF,,,,,,,,,,,,,,
LLDP:  Failed,US-PHX01,c160:417:40,t0-gg1-c3-02-r417-us-west-02b,SN4700,swp1,c1260:011:39,1:A:2,QSFPDD-400G-DR4,,US-PHX01,c160:418:12,c160-r418-node-02-us-west-02b,gpu-h100-04,eth1,,,,QSFP-100G-DR1,LC-to-LC SMF,,,,,,,,,,,,,,
LLDP:  Passed,US-PHX01,c160:417:40,t0-gg1-c3-02-r417-us-west-02b,SN4700,swp1,c1260:011:39,1:A:3,QSFPDD-400G-DR4,,US-PHX01,c160:419:26,c160-r419-node-01-us-west-02b,gpu-h100-04,eth1,,,,QSFP-100G-DR1,LC-to-LC SMF,,,,,,,,,,,,,,
LLDP:  Passed,US-PHX01,c160:417:40,t0-gg1-c3-02-r417-us-west-02b,SN4700,swp1,c1260:011:39,1:A:4,QSFPDD-400G-DR4,,US-PHX01,c160:419:12,c160-r419-node-02-us-west-02b,gpu-h100-04,eth1,,,,QSFP-100G-DR1,LC-to-LC SMF,,,,,,,,,,,,,,
LLDP:  Passed,US-PHX01,c160:417:40,t0-gg1-c3-02-r417-us-west-02b,SN4700,swp2,c1260:011:39,1:B:1,QSFPDD-400G-DR4,,US-PHX01,c160:420:26,c160-r420-node-01-us-west-02b,gpu-h100-04,eth1,,,,QSFP-100G-DR1,LC-to-LC SMF,,,,,,,,,,,,,,
LLDP:  Passed,US-PHX01,c160:417:40,t0-gg1-c3-02-r417-us-west-02b,SN4700,swp2,c1260:011:39,1:B:2,QSFPDD-400G-DR4,,US-PHX01,c160:420:12,c160-r420-node-02-us-west-02b,gpu-h100-04,eth1,,,,QSFP-100G-DR1,LC-to-LC SMF,,,,,,,,,,,,,,
LLDP:  Passed,US-PHX01,c160:417:40,t0-gg1-c3-02-r417-us-west-02b,SN4700,swp2,c1260:011:39,1:B:3,QSFPDD-400G-DR4,,US-PHX01,c160:421:26,c160-r421-node-01-us-west-02b,gpu-h100-04,eth1,,,,QSFP-100G-DR1,LC-to-LC SMF,,,,,,,,,,,,,,
LLDP:  Passed,US-PHX01,c160:417:40,t0-gg1-c3-02-r417-us-west-02b,SN4700,swp2,c1260:011:39,1:B:4,QSFPDD-400G-DR4,,US-PHX01,c160:421:12,c160-r421-node-02-us-west-02b,gpu-h100-04,eth1,,,,QSFP-100G-DR1,LC-to-LC SMF,,,,,,,,,,,,,,
LLDP:  Passed,US-PHX01,c160:417:40,t0-gg1-c3-02-r417-us-west-02b,SN4700,swp3,c1260:011:39,2:A:1,QSFPDD-400G-DR4,,US-PHX01,c160:422:26,c160-r422-node-01-us-west-02b,gpu-h100-04,eth1,,,,QSFP-100G-DR1,LC-to-LC SMF,,,,,,,,,,,,,,
LLDP:  Passed,US-PHX01,c160:417:40,t0-gg1-c3-02-r417-us-west-02b,SN4700,swp3,c1260:011:39,2:A:2,QSFPDD-400G-DR4,,US-PHX01,c160:422:12,c160-r422-node-02-us-west-02b,gpu-h100-04,eth1,,,,QSFP-100G-DR1,LC-to-LC SMF,,,,,,,,,,,,,,
LLDP:  Passed,US-PHX01,c160:417:40,t0-gg1-c3-02-r417-us-west-02b,SN4700,swp3,c1260:011:39,2:A:3,QSFPDD-400G-DR4,,US-PHX01,c160:423:26,c160-r423-node-01-us-west-02b,gpu-h100-04,eth1,,,,QSFP-100G-DR1,LC-to-LC SMF,,,,,,,,,,,,,,
LLDP:  Passed,US-PHX01,c160:417:40,t0-gg1-c3-02-r417-us-west-02b,SN4700,swp3,c1260:011:39,2:A:4,QSFPDD-400G-DR4,,US-PHX01,c160:423:12,c160-r423-node-02-us-west-02b,gpu-h100-04,eth1,,,,QSFP-100G-DR1,LC-to-LC SMF,,,,,,,,,,,,,,
LLDP:  Passed,US-PHX01,c160:417:40,t0-gg1-c3-02-r417-us-west-02b,SN4700,swp4,c1260:011:39,2:B:1,QSFPDD-400G-DR4,,US-PHX01,c160:424:26,c160-r424-node-01-us-west-02b,gpu-h100-04,eth1,,,,QSFP-100G-DR1,LC-to-LC SMF,,,,,,,,,,,,,,
LLDP:  Passed,US-PHX01,c160:417:40,t0-gg1-c3-02-r417-us-west-02b,SN4700,swp4,c1260:011:39,2:B:2,QSFPDD-400G-DR4,,US-PHX01,c160:424:12,c160-r424-node-02-us-west-02b,gpu-h100-04,eth1,,,,QSFP-100G-DR1,LC-to-LC SMF,,,,,,,,,,,,,,
LLDP:  Passed,US-PHX01,c160:417:40,t0-gg1-c3-02-r417-us-west-02b,SN4700,swp4,c1260:011:39,2:B:3,QSFPDD-400G-DR4,,US-PHX01,c160:425:26,c160-r425-node-01-us-west-02b,gpu-h100-04,eth1,,,,QSFP-100G-DR1,LC-to-LC SMF,,,,,,,,,,,,,,
LLDP:  Passed,US-PHX01,c160:417:40,t0-gg1-c3-02-r417-us-west-02b,SN4700,swp4,c1260:011:39,2:B:4,QSFPDD-400G-DR4,,US-PHX01,c160:425:12,c160-r425-node-02-us-west-02b,gpu-h100-04,eth1,,,,QSFP-100G-DR1,LC-to-LC SMF,,,,,,,,,,,,,,
LLDP:  Passed,US-PHX01,c160:417:40,t0-gg1-c3-02-r417-us-west-02b,SN4700,swp5,c1260:011:39,3:A:1,QSFPDD-400G-DR4,,US-PHX01,c160:426:26,c160-r426-node-01-us-west-02b,gpu-h100-04,eth1,,,,QSFP-100G-DR1,LC-to-LC SMF,,,,,,,,,,,,,,
LLDP:  Failed,US-PHX01,c160:417:40,t0-gg1-c3-02-r417-us-west-02b,SN4700,swp5,c1260:011:39,3:A:2,QSFPDD-400G-DR4,,US-PHX01,c160:426:12,c160-r426-node-02-us-west-02b,gpu-h100-04,eth1,,,,QSFP-100G-DR1,LC-to-LC SMF,,,,,,,,,,,,,,
LLDP:  Passed,US-PHX01,c160:417:40,t0-gg1-c3-02-r417-us-west-02b,SN4700,swp5,c1260:011:39,3:A:3,QSFPDD-400G-DR4,,US-PHX01,c160:427:26,c160-r427-node-01-us-west-02b,gpu-h100-04,eth1,,,,QSFP-100G-DR1,LC-to-LC SMF,,,,,,,,,,,,,,
LLDP:  Passed,US-PHX01,c160:417:40,t0-gg1-c3-02-r417-us-west-02b,SN4700,swp5,c1260:011:39,3:A:4,QSFPDD-400G-DR4,,US-PHX01,c160:427:12,c160-r427-node-02-us-west-02b,gpu-h100-04,eth1,,,,QSFP-100G-DR1,LC-to-LC SMF,,,,,,,,,,,,,,
,,,,,,,,,,,,,,,,,,,,,,,,,,,,,,,,,
,,,,,,,,,,,,,,,,,,,,,,,,,,,,,,,,,
,,,,,,,,,,,,,,,,,,,,,,,,,,,,,,,,,
LLDP:  Failed,US-PHX01,c160:417:18,ipmi-gg1-c3-r417-us-west-02b,SN2201,swp1,,,,,US-PHX01,c160:418:26,c160-r418-node-01-us-west-02b,gpu-h100-04,ipmi,,,,,CAT6a,,,,,,,,,,,,,,
LLDP:  Passed,US-PHX01,c160:417:18,ipmi-gg1-c3-r417-us-west-02b,SN2201,swp2,,,,,US-PHX01,c160:418:12,c160-r418-node-02-us-west-02b,gpu-h100-04,ipmi,,,,,CAT6a,,,,,,,,,,,,,,
LLDP:  Passed,US-PHX01,c160:417:18,ipmi-gg1-c3-r417-us-west-02b,SN2201,swp3,,,,,US-PHX01,c160:419:26,c160-r419-node-01-us-west-02b,gpu-h100-04,ipmi,,,,,CAT6a,,,,,,,,,,,,,,
LLDP:  Passed,US-PHX01,c160:417:18,ipmi-gg1-c3-r417-us-west-02b,SN2201,swp4,,,,,US-PHX01,c160:419:12,c160-r419-node-02-us-west-02b,gpu-h100-04,ipmi,,,,,CAT6a,,,,,,,,,,,,,,
LLDP:  Passed,US-PHX01,c160:417:18,ipmi-gg1-c3-r417-us-west-02b,SN2201,swp5,,,,,US-PHX01,c160:420:26,c160-r420-node-01-us-west-02b,gpu-h100-04,ipmi,,,,,CAT6a,,,,,,,,,,,,,,
LLDP:  Passed,US-PHX01,c160:417:18,ipmi-gg1-c3-r417-us-west-02b,SN2201,swp6,,,,,US-PHX01,c160:420:12,c160-r420-node-02-us-west-02b,gpu-h100-04,ipmi,,,,,CAT6a,,,,,,,,,,,,,,
LLDP:  Passed,US-PHX01,c160:417:18,ipmi-gg1-c3-r417-us-west-02b,SN2201,swp7,,,,,US-PHX01,c160:421:26,c160-r421-node-01-us-west-02b,gpu-h100-04,ipmi,,,,,CAT6a,,,,,,,,,,,,,,
LLDP:  Passed,US-PHX01,c160:417:18,ipmi-gg1-c3-r417-us-west-02b,SN2201,swp8,,,,,US-PHX01,c160:421:12,c160-r421-node-02-us-west-02b,gpu-h100-04,ipmi,,,,,CAT6a,,,,,,,,,,,,,,
LLDP:  Passed,US-PHX01,c160:417:18,ipmi-gg1-c3-r417-us-west-02b,SN2201,swp9,,,,,US-PHX01,c160:422:26,c160-r422-node-01-us-west-02b,gpu-h100-04,ipmi,,,,,CAT6a,,,,,,,,,,,,,,
LLDP:  Passed,US-PHX01,c160:417:18,ipmi-gg1-c3-r417-us-west-02b,SN2201,swp10,,,,,US-PHX01,c160:422:12,c160-r422-node-02-us-west-02b,gpu-h100-04,ipmi,,,,,CAT6a,,,,,,,,,,,,,,
LLDP:  Passed,US-PHX01,c160:417:18,ipmi-gg1-c3-r417-us-west-02b,SN2201,swp11,,,,,US-PHX01,c160:423:26,c160-r423-node-01-us-west-02b,gpu-h100-04,ipmi,,,,,CAT6a,,,,,,,,,,,,,,
LLDP:  Passed,US-PHX01,c160:417:18,ipmi-gg1-c3-r417-us-west-02b,SN2201,swp12,,,,,US-PHX01,c160:423:12,c160-r423-node-02-us-west-02b,gpu-h100-04,ipmi,,,,,CAT6a,,,,,,,,,,,,,,
LLDP:  Passed,US-PHX01,c160:417:18,ipmi-gg1-c3-r417-us-west-02b,SN2201,swp13,,,,,US-PHX01,c160:424:26,c160-r424-node-01-us-west-02b,gpu-h100-04,ipmi,,,,,CAT6a,,,,,,,,,,,,,,
LLDP:  Passed,US-PHX01,c160:417:18,ipmi-gg1-c3-r417-us-west-02b,SN2201,swp14,,,,,US-PHX01,c160:424:12,c160-r424-node-02-us-west-02b,gpu-h100-04,ipmi,,,,,CAT6a,,,,,,,,,,,,,,
LLDP:  Passed,US-PHX01,c160:417:18,ipmi-gg1-c3-r417-us-west-02b,SN2201,swp15,,,,,US-PHX01,c160:425:26,c160-r425-node-01-us-west-02b,gpu-h100-04,ipmi,,,,,CAT6a,,,,,,,,,,,,,,
LLDP:  Passed,US-PHX01,c160:417:18,ipmi-gg1-c3-r417-us-west-02b,SN2201,swp16,,,,,US-PHX01,c160:425:12,c160-r425-node-02-us-west-02b,gpu-h100-04,ipmi,,,,,CAT6a,,,,,,,,,,,,,,
LLDP:  Passed,US-PHX01,c160:417:18,ipmi-gg1-c3-r417-us-west-02b,SN2201,swp17,,,,,US-PHX01,c160:426:26,c160-r426-node-01-us-west-02b,gpu-h100-04,ipmi,,,,,CAT6a,,,,,,,,,,,,,,
LLDP:  Passed,US-PHX01,c160:417:18,ipmi-gg1-c3-r417-us-west-02b,SN2201,swp18,,,,,US-PHX01,c160:426:12,c160-r426-node-02-us-west-02b,gpu-h100-04,ipmi,,,,,CAT6a,,,,,,,,,,,,,,
LLDP:  Passed,US-PHX01,c160:417:18,ipmi-gg1-c3-r417-us-west-02b,SN2201,swp19,,,,,US-PHX01,c160:427:26,c160-r427-node-01-us-west-02b,gpu-h100-04,ipmi,,,,,CAT6a,,,,,,,,,,,,,,
LLDP:  Passed,US-PHX01,c160:417:18,ipmi-gg1-c3-r417-us-west-02b,SN2201,swp20,,,,,US-PHX01,c160:427:12,c160-r427-node-02-us-west-02b,gpu-h100-04,ipmi,,,,,CAT6a,,,,,,,,,,,,,,
,,,,,,,,,,,,,,,,,,,,,,,,,,,,,,,,,
,,,,,,,,,,,,,,,,,,,,,,,,,,,,,,,,,
LLDP:  Failed,US-PHX01,c160:417:16,dpu-gg1-c3-r417-us-west-02b,SN2201,swp1,,,,,US-PHX01,c160:418:26,c160-r418-node-01-us-west-02b,gpu-h100-04,dpu,,,,,CAT6a,,,,,,,,,,,,,,
LLDP:  Passed,US-PHX01,c160:417:16,dpu-gg1-c3-r417-us-west-02b,SN2201,swp2,,,,,US-PHX01,c160:418:12,c160-r418-node-02-us-west-02b,gpu-h100-04,dpu,,,,,CAT6a,,,,,,,,,,,,,,
LLDP:  Passed,US-PHX01,c160:417:16,dpu-gg1-c3-r417-us-west-02b,SN2201,swp3,,,,,US-PHX01,c160:419:26,c160-r419-node-01-us-west-02b,gpu-h100-04,dpu,,,,,CAT6a,,,,,,,,,,,,,,
LLDP:  Passed,US-PHX01,c160:417:16,dpu-gg1-c3-r417-us-west-02b,SN2201,swp4,,,,,US-PHX01,c160:419:12,c160-r419-node-02-us-west-02b,gpu-h100-04,dpu,,,,,CAT6a,,,,,,,,,,,,,,
LLDP:  Passed,US-PHX01,c160:417:16,dpu-gg1-c3-r417-us-west-02b,SN2201,swp5,,,,,US-PHX01,c160:420:26,c160-r420-node-01-us-west-02b,gpu-h100-04,dpu,,,,,CAT6a,,,,,,,,,,,,,,
LLDP:  Passed,US-PHX01,c160:417:16,dpu-gg1-c3-r417-us-west-02b,SN2201,swp6,,,,,US-PHX01,c160:420:12,c160-r420-node-02-us-west-02b,gpu-h100-04,dpu,,,,,CAT6a,,,,,,,,,,,,,,
LLDP:  Passed,US-PHX01,c160:417:16,dpu-gg1-c3-r417-us-west-02b,SN2201,swp7,,,,,US-PHX01,c160:421:26,c160-r421-node-01-us-west-02b,gpu-h100-04,dpu,,,,,CAT6a,,,,,,,,,,,,,,
LLDP:  Passed,US-PHX01,c160:417:16,dpu-gg1-c3-r417-us-west-02b,SN2201,swp8,,,,,US-PHX01,c160:421:12,c160-r421-node-02-us-west-02b,gpu-h100-04,dpu,,,,,CAT6a,,,,,,,,,,,,,,
LLDP:  Passed,US-PHX01,c160:417:16,dpu-gg1-c3-r417-us-west-02b,SN2201,swp9,,,,,US-PHX01,c160:422:26,c160-r422-node-01-us-west-02b,gpu-h100-04,dpu,,,,,CAT6a,,,,,,,,,,,,,,
LLDP:  Passed,US-PHX01,c160:417:16,dpu-gg1-c3-r417-us-west-02b,SN2201,swp10,,,,,US-PHX01,c160:422:12,c160-r422-node-02-us-west-02b,gpu-h100-04,dpu,,,,,CAT6a,,,,,,,,,,,,,,
LLDP:  Passed,US-PHX01,c160:417:16,dpu-gg1-c3-r417-us-west-02b,SN2201,swp11,,,,,US-PHX01,c160:423:26,c160-r423-node-01-us-west-02b,gpu-h100-04,dpu,,,,,CAT6a,,,,,,,,,,,,,,
LLDP:  Passed,US-PHX01,c160:417:16,dpu-gg1-c3-r417-us-west-02b,SN2201,swp12,,,,,US-PHX01,c160:423:12,c160-r423-node-02-us-west-02b,gpu-h100-04,dpu,,,,,CAT6a,,,,,,,,,,,,,,
LLDP:  Passed,US-PHX01,c160:417:16,dpu-gg1-c3-r417-us-west-02b,SN2201,swp13,,,,,US-PHX01,c160:424:26,c160-r424-node-01-us-west-02b,gpu-h100-04,dpu,,,,,CAT6a,,,,,,,,,,,,,,
LLDP:  Passed,US-PHX01,c160:417:16,dpu-gg1-c3-r417-us-west-02b,SN2201,swp14,,,,,US-PHX01,c160:424:12,c160-r424-node-02-us-west-02b,gpu-h100-04,dpu,,,,,CAT6a,,,,,,,,,,,,,,
LLDP:  Passed,US-PHX01,c160:417:16,dpu-gg1-c3-r417-us-west-02b,SN2201,swp15,,,,,US-PHX01,c160:425:26,c160-r425-node-01-us-west-02b,gpu-h100-04,dpu,,,,,CAT6a,,,,,,,,,,,,,,
LLDP:  Passed,US-PHX01,c160:417:16,dpu-gg1-c3-r417-us-west-02b,SN2201,swp16,,,,,US-PHX01,c160:425:12,c160-r425-node-02-us-west-02b,gpu-h100-04,dpu,,,,,CAT6a,,,,,,,,,,,,,,
LLDP:  Passed,US-PHX01,c160:417:16,dpu-gg1-c3-r417-us-west-02b,SN2201,swp17,,,,,US-PHX01,c160:426:26,c160-r426-node-01-us-west-02b,gpu-h100-04,dpu,,,,,CAT6a,,,,,,,,,,,,,,
LLDP:  Passed,US-PHX01,c160:417:16,dpu-gg1-c3-r417-us-west-02b,SN2201,swp18,,,,,US-PHX01,c160:426:12,c160-r426-node-02-us-west-02b,gpu-h100-04,dpu,,,,,CAT6a,,,,,,,,,,,,,,
LLDP:  Passed,US-PHX01,c160:417:16,dpu-gg1-c3-r417-us-west-02b,SN2201,swp19,,,,,US-PHX01,c160:427:26,c160-r427-node-01-us-west-02b,gpu-h100-04,dpu,,,,,CAT6a,,,,,,,,,,,,,,
LLDP:  Passed,US-PHX01,c160:417:16,dpu-gg1-c3-r417-us-west-02b,SN2201,swp20,,,,,US-PHX01,c160:427:12,c160-r427-node-02-us-west-02b,gpu-h100-04,dpu,,,,,CAT6a,,,,,,,,,,,,,,
,,,,,,,,,,,,,,,,,,,,,,,,,,,,,,,,,
,,,,,,,,,,,,,,,,,,,,,,,,,,,,,,,,,
,,,,,,,,,,,,,,,,,,,,,,,,,,,,,,,,,
,,,,,,,,,,,,,,,,,,,,,,,,,,,,,,,,,
C160 :: ROW-28 :: H100's,,,,,,,,,,,,,,,,,,,,,,,,,,,,,,,,,
LLDP:  Passed,US-PHX01,c160:433:44,t0-gg1-c3-01-r433-us-west-02b,SN4700,swp1,c160:433:43,1:A:1,QSFPDD-400G-DR4,,US-PHX01,c160:434:26,c160-r434-node-01-us-west-02b,gpu-h100-04,eth0,,,,QSFP-100G-DR1,LC-to-LC SMF,,,,,,,,,,,,,,
LLDP:  Passed,US-PHX01,c160:433:44,t0-gg1-c3-01-r433-us-west-02b,SN4700,swp1,c160:433:43,1:A:2,QSFPDD-400G-DR4,,US-PHX01,c160:434:12,c160-r434-node-02-us-west-02b,gpu-h100-04,eth0,,,,QSFP-100G-DR1,LC-to-LC SMF,,,,,,,,,,,,,,
LLDP:  Passed,US-PHX01,c160:433:44,t0-gg1-c3-01-r433-us-west-02b,SN4700,swp1,c160:433:43,1:A:3,QSFPDD-400G-DR4,,US-PHX01,c160:435:26,c160-r435-node-01-us-west-02b,gpu-h100-04,eth0,,,,QSFP-100G-DR1,LC-to-LC SMF,,,,,,,,,,,,,,
LLDP:  Passed,US-PHX01,c160:433:44,t0-gg1-c3-01-r433-us-west-02b,SN4700,swp1,c160:433:43,1:A:4,QSFPDD-400G-DR4,,US-PHX01,c160:435:12,c160-r435-node-02-us-west-02b,gpu-h100-04,eth0,,,,QSFP-100G-DR1,LC-to-LC SMF,,,,,,,,,,,,,,
LLDP:  Passed,US-PHX01,c160:433:44,t0-gg1-c3-01-r433-us-west-02b,SN4700,swp2,c160:433:43,1:B:1,QSFPDD-400G-DR4,,US-PHX01,c160:436:26,c160-r436-node-01-us-west-02b,gpu-h100-04,eth0,,,,QSFP-100G-DR1,LC-to-LC SMF,,,,,,,,,,,,,,
LLDP:  Passed,US-PHX01,c160:433:44,t0-gg1-c3-01-r433-us-west-02b,SN4700,swp2,c160:433:43,1:B:2,QSFPDD-400G-DR4,,US-PHX01,c160:436:12,c160-r436-node-02-us-west-02b,gpu-h100-04,eth0,,,,QSFP-100G-DR1,LC-to-LC SMF,,,,,,,,,,,,,,
LLDP:  Passed,US-PHX01,c160:433:44,t0-gg1-c3-01-r433-us-west-02b,SN4700,swp2,c160:433:43,1:B:3,QSFPDD-400G-DR4,,US-PHX01,c160:437:26,c160-r437-node-01-us-west-02b,gpu-h100-04,eth0,,,,QSFP-100G-DR1,LC-to-LC SMF,,,,,,,,,,,,,,
LLDP:  Passed,US-PHX01,c160:433:44,t0-gg1-c3-01-r433-us-west-02b,SN4700,swp2,c160:433:43,1:B:4,QSFPDD-400G-DR4,,US-PHX01,c160:437:12,c160-r437-node-02-us-west-02b,gpu-h100-04,eth0,,,,QSFP-100G-DR1,LC-to-LC SMF,,,,,,,,,,,,,,
LLDP:  Passed,US-PHX01,c160:433:44,t0-gg1-c3-01-r433-us-west-02b,SN4700,swp3,c160:433:43,2:A:1,QSFPDD-400G-DR4,,US-PHX01,c160:438:26,c160-r438-node-01-us-west-02b,gpu-h100-04,eth0,,,,QSFP-100G-DR1,LC-to-LC SMF,,,,,,,,,,,,,,
LLDP:  Passed,US-PHX01,c160:433:44,t0-gg1-c3-01-r433-us-west-02b,SN4700,swp3,c160:433:43,2:A:2,QSFPDD-400G-DR4,,US-PHX01,c160:438:12,c160-r438-node-02-us-west-02b,gpu-h100-04,eth0,,,,QSFP-100G-DR1,LC-to-LC SMF,,,,,,,,,,,,,,
LLDP:  Passed,US-PHX01,c160:433:44,t0-gg1-c3-01-r433-us-west-02b,SN4700,swp3,c160:433:43,2:A:3,QSFPDD-400G-DR4,,US-PHX01,c160:439:26,c160-r439-node-01-us-west-02b,gpu-h100-04,eth0,,,,QSFP-100G-DR1,LC-to-LC SMF,,,,,,,,,,,,,,
LLDP:  Passed,US-PHX01,c160:433:44,t0-gg1-c3-01-r433-us-west-02b,SN4700,swp3,c160:433:43,2:A:4,QSFPDD-400G-DR4,,US-PHX01,c160:439:12,c160-r439-node-02-us-west-02b,gpu-h100-04,eth0,,,,QSFP-100G-DR1,LC-to-LC SMF,,,,,,,,,,,,,,
LLDP:  Passed,US-PHX01,c160:433:44,t0-gg1-c3-01-r433-us-west-02b,SN4700,swp4,c160:433:43,2:B:1,QSFPDD-400G-DR4,,US-PHX01,c160:440:26,c160-r440-node-01-us-west-02b,gpu-h100-04,eth0,,,,QSFP-100G-DR1,LC-to-LC SMF,,,,,,,,,,,,,,
LLDP:  Passed,US-PHX01,c160:433:44,t0-gg1-c3-01-r433-us-west-02b,SN4700,swp4,c160:433:43,2:B:2,QSFPDD-400G-DR4,,US-PHX01,c160:440:12,c160-r440-node-02-us-west-02b,gpu-h100-04,eth0,,,,QSFP-100G-DR1,LC-to-LC SMF,,,,,,,,,,,,,,
LLDP:  Passed,US-PHX01,c160:433:44,t0-gg1-c3-01-r433-us-west-02b,SN4700,swp4,c160:433:43,2:B:3,QSFPDD-400G-DR4,,US-PHX01,c160:441:26,c160-r441-node-01-us-west-02b,gpu-h100-04,eth0,,,,QSFP-100G-DR1,LC-to-LC SMF,,,,,,,,,,,,,,
LLDP:  Passed,US-PHX01,c160:433:44,t0-gg1-c3-01-r433-us-west-02b,SN4700,swp4,c160:433:43,2:B:4,QSFPDD-400G-DR4,,US-PHX01,c160:441:12,c160-r441-node-02-us-west-02b,gpu-h100-04,eth0,,,,QSFP-100G-DR1,LC-to-LC SMF,,,,,,,,,,,,,,
LLDP:  Passed,US-PHX01,c160:433:44,t0-gg1-c3-01-r433-us-west-02b,SN4700,swp5,c160:433:43,3:A:1,QSFPDD-400G-DR4,,US-PHX01,c160:446:26,c160-r446-node-01-us-west-02b,gpu-h100-04,eth0,,,,QSFP-100G-DR1,LC-to-LC SMF,,,,,,,,,,,,,,
LLDP:  Passed,US-PHX01,c160:433:44,t0-gg1-c3-01-r433-us-west-02b,SN4700,swp5,c160:433:43,3:A:2,QSFPDD-400G-DR4,,US-PHX01,c160:446:12,c160-r446-node-02-us-west-02b,gpu-h100-04,eth0,,,,QSFP-100G-DR1,LC-to-LC SMF,,,,,,,,,,,,,,
LLDP:  Passed,US-PHX01,c160:433:44,t0-gg1-c3-01-r433-us-west-02b,SN4700,swp5,c160:433:43,3:A:3,QSFPDD-400G-DR4,,US-PHX01,c160:447:26,c160-r447-node-01-us-west-02b,gpu-h100-04,eth0,,,,QSFP-100G-DR1,LC-to-LC SMF,,,,,,,,,,,,,,
LLDP:  Passed,US-PHX01,c160:433:44,t0-gg1-c3-01-r433-us-west-02b,SN4700,swp5,c160:433:43,3:A:4,QSFPDD-400G-DR4,,US-PHX01,c160:447:12,c160-r447-node-02-us-west-02b,gpu-h100-04,eth0,,,,QSFP-100G-DR1,LC-to-LC SMF,,,,,,,,,,,,,,
LLDP:  Passed,US-PHX01,c160:433:44,t0-gg1-c3-01-r433-us-west-02b,SN4700,swp6,c160:433:43,3:B:1,QSFPDD-400G-DR4,,US-PHX01,c160:448:26,c160-r448-node-01-us-west-02b,gpu-h100-04,eth0,,,,QSFP-100G-DR1,LC-to-LC SMF,,,,,,,,,,,,,,
LLDP:  Passed,US-PHX01,c160:433:44,t0-gg1-c3-01-r433-us-west-02b,SN4700,swp6,c160:433:43,3:B:2,QSFPDD-400G-DR4,,US-PHX01,c160:448:12,c160-r448-node-02-us-west-02b,gpu-h100-04,eth0,,,,QSFP-100G-DR1,LC-to-LC SMF,,,,,,,,,,,,,,
,,,,,,,,,,,,,,,,,,,,,,,,,,,,,,,,,
,,,,,,,,,,,,,,,,,,,,,,,,,,,,,,,,,
,,,,,,,,,,,,,,,,,,,,,,,,,,,,,,,,,
,,,,,,,,,,,,,,,,,,,,,,,,,,,,,,,,,
,,,,,,,,,,,,,,,,,,,,,,,,,,,,,,,,,
,,,,,,,,,,,,,,,,,,,,,,,,,,,,,,,,,
LLDP:  Passed,US-PHX01,c160:433:42,t0-gg1-c3-02-r433-us-west-02b,SN4700,swp1,c160:433:41,1:A:1,QSFPDD-400G-DR4,,US-PHX01,c160:434:26,c160-r434-node-01-us-west-02b,gpu-h100-04,eth1,,,,QSFP-100G-DR1,LC-to-LC SMF,,,,,,,,,,,,,,
LLDP:  Passed,US-PHX01,c160:433:42,t0-gg1-c3-02-r433-us-west-02b,SN4700,swp1,c160:433:41,1:A:2,QSFPDD-400G-DR4,,US-PHX01,c160:434:12,c160-r434-node-02-us-west-02b,gpu-h100-04,eth1,,,,QSFP-100G-DR1,LC-to-LC SMF,,,,,,,,,,,,,,
LLDP:  Passed,US-PHX01,c160:433:42,t0-gg1-c3-02-r433-us-west-02b,SN4700,swp1,c160:433:41,1:A:3,QSFPDD-400G-DR4,,US-PHX01,c160:435:26,c160-r435-node-01-us-west-02b,gpu-h100-04,eth1,,,,QSFP-100G-DR1,LC-to-LC SMF,,,,,,,,,,,,,,
LLDP:  Passed,US-PHX01,c160:433:42,t0-gg1-c3-02-r433-us-west-02b,SN4700,swp1,c160:433:41,1:A:4,QSFPDD-400G-DR4,,US-PHX01,c160:435:12,c160-r435-node-02-us-west-02b,gpu-h100-04,eth1,,,,QSFP-100G-DR1,LC-to-LC SMF,,,,,,,,,,,,,,
LLDP:  Passed,US-PHX01,c160:433:42,t0-gg1-c3-02-r433-us-west-02b,SN4700,swp2,c160:433:41,1:B:1,QSFPDD-400G-DR4,,US-PHX01,c160:436:26,c160-r436-node-01-us-west-02b,gpu-h100-04,eth1,,,,QSFP-100G-DR1,LC-to-LC SMF,,,,,,,,,,,,,,
LLDP:  Passed,US-PHX01,c160:433:42,t0-gg1-c3-02-r433-us-west-02b,SN4700,swp2,c160:433:41,1:B:2,QSFPDD-400G-DR4,,US-PHX01,c160:436:12,c160-r436-node-02-us-west-02b,gpu-h100-04,eth1,,,,QSFP-100G-DR1,LC-to-LC SMF,,,,,,,,,,,,,,
LLDP:  Passed,US-PHX01,c160:433:42,t0-gg1-c3-02-r433-us-west-02b,SN4700,swp2,c160:433:41,1:B:3,QSFPDD-400G-DR4,,US-PHX01,c160:437:26,c160-r437-node-01-us-west-02b,gpu-h100-04,eth1,,,,QSFP-100G-DR1,LC-to-LC SMF,,,,,,,,,,,,,,
LLDP:  Passed,US-PHX01,c160:433:42,t0-gg1-c3-02-r433-us-west-02b,SN4700,swp2,c160:433:41,1:B:4,QSFPDD-400G-DR4,,US-PHX01,c160:437:12,c160-r437-node-02-us-west-02b,gpu-h100-04,eth1,,,,QSFP-100G-DR1,LC-to-LC SMF,,,,,,,,,,,,,,
LLDP:  Passed,US-PHX01,c160:433:42,t0-gg1-c3-02-r433-us-west-02b,SN4700,swp3,c160:433:41,2:A:1,QSFPDD-400G-DR4,,US-PHX01,c160:438:26,c160-r438-node-01-us-west-02b,gpu-h100-04,eth1,,,,QSFP-100G-DR1,LC-to-LC SMF,,,,,,,,,,,,,,
LLDP:  Passed,US-PHX01,c160:433:42,t0-gg1-c3-02-r433-us-west-02b,SN4700,swp3,c160:433:41,2:A:2,QSFPDD-400G-DR4,,US-PHX01,c160:438:12,c160-r438-node-02-us-west-02b,gpu-h100-04,eth1,,,,QSFP-100G-DR1,LC-to-LC SMF,,,,,,,,,,,,,,
LLDP:  Passed,US-PHX01,c160:433:42,t0-gg1-c3-02-r433-us-west-02b,SN4700,swp3,c160:433:41,2:A:3,QSFPDD-400G-DR4,,US-PHX01,c160:439:26,c160-r439-node-01-us-west-02b,gpu-h100-04,eth1,,,,QSFP-100G-DR1,LC-to-LC SMF,,,,,,,,,,,,,,
LLDP:  Passed,US-PHX01,c160:433:42,t0-gg1-c3-02-r433-us-west-02b,SN4700,swp3,c160:433:41,2:A:4,QSFPDD-400G-DR4,,US-PHX01,c160:439:12,c160-r439-node-02-us-west-02b,gpu-h100-04,eth1,,,,QSFP-100G-DR1,LC-to-LC SMF,,,,,,,,,,,,,,
LLDP:  Passed,US-PHX01,c160:433:42,t0-gg1-c3-02-r433-us-west-02b,SN4700,swp4,c160:433:41,2:B:1,QSFPDD-400G-DR4,,US-PHX01,c160:440:26,c160-r440-node-01-us-west-02b,gpu-h100-04,eth1,,,,QSFP-100G-DR1,LC-to-LC SMF,,,,,,,,,,,,,,
LLDP:  Passed,US-PHX01,c160:433:42,t0-gg1-c3-02-r433-us-west-02b,SN4700,swp4,c160:433:41,2:B:2,QSFPDD-400G-DR4,,US-PHX01,c160:440:12,c160-r440-node-02-us-west-02b,gpu-h100-04,eth1,,,,QSFP-100G-DR1,LC-to-LC SMF,,,,,,,,,,,,,,
LLDP:  Passed,US-PHX01,c160:433:42,t0-gg1-c3-02-r433-us-west-02b,SN4700,swp4,c160:433:41,2:B:3,QSFPDD-400G-DR4,,US-PHX01,c160:441:26,c160-r441-node-01-us-west-02b,gpu-h100-04,eth1,,,,QSFP-100G-DR1,LC-to-LC SMF,,,,,,,,,,,,,,
LLDP:  Passed,US-PHX01,c160:433:42,t0-gg1-c3-02-r433-us-west-02b,SN4700,swp4,c160:433:41,2:B:4,QSFPDD-400G-DR4,,US-PHX01,c160:441:12,c160-r441-node-02-us-west-02b,gpu-h100-04,eth1,,,,QSFP-100G-DR1,LC-to-LC SMF,,,,,,,,,,,,,,
LLDP:  Passed,US-PHX01,c160:433:42,t0-gg1-c3-02-r433-us-west-02b,SN4700,swp5,c160:433:41,3:A:1,QSFPDD-400G-DR4,,US-PHX01,c160:446:26,c160-r446-node-01-us-west-02b,gpu-h100-04,eth1,,,,QSFP-100G-DR1,LC-to-LC SMF,,,,,,,,,,,,,,
LLDP:  Passed,US-PHX01,c160:433:42,t0-gg1-c3-02-r433-us-west-02b,SN4700,swp5,c160:433:41,3:A:2,QSFPDD-400G-DR4,,US-PHX01,c160:446:12,c160-r446-node-02-us-west-02b,gpu-h100-04,eth1,,,,QSFP-100G-DR1,LC-to-LC SMF,,,,,,,,,,,,,,
LLDP:  Passed,US-PHX01,c160:433:42,t0-gg1-c3-02-r433-us-west-02b,SN4700,swp5,c160:433:41,3:A:3,QSFPDD-400G-DR4,,US-PHX01,c160:447:26,c160-r447-node-01-us-west-02b,gpu-h100-04,eth1,,,,QSFP-100G-DR1,LC-to-LC SMF,,,,,,,,,,,,,,
LLDP:  Passed,US-PHX01,c160:433:42,t0-gg1-c3-02-r433-us-west-02b,SN4700,swp5,c160:433:41,3:A:4,QSFPDD-400G-DR4,,US-PHX01,c160:447:12,c160-r447-node-02-us-west-02b,gpu-h100-04,eth1,,,,QSFP-100G-DR1,LC-to-LC SMF,,,,,,,,,,,,,,
LLDP:  Passed,US-PHX01,c160:433:42,t0-gg1-c3-02-r433-us-west-02b,SN4700,swp6,c160:433:41,3:B:1,QSFPDD-400G-DR4,,US-PHX01,c160:448:26,c160-r448-node-01-us-west-02b,gpu-h100-04,eth1,,,,QSFP-100G-DR1,LC-to-LC SMF,,,,,,,,,,,,,,
LLDP:  Passed,US-PHX01,c160:433:42,t0-gg1-c3-02-r433-us-west-02b,SN4700,swp6,c160:433:41,3:B:2,QSFPDD-400G-DR4,,US-PHX01,c160:448:12,c160-r448-node-02-us-west-02b,gpu-h100-04,eth1,,,,QSFP-100G-DR1,LC-to-LC SMF,,,,,,,,,,,,,,
,,,,,,,,,,,,,,,,,,,,,,,,,,,,,,,,,
,,,,,,,,,,,,,,,,,,,,,,,,,,,,,,,,,
,,,,,,,,,,,,,,,,,,,,,,,,,,,,,,,,,
,,,,,,,,,,,,,,,,,,,,,,,,,,,,,,,,,
,,,,,,,,,,,,,,,,,,,,,,,,,,,,,,,,,
,,,,,,,,,,,,,,,,,,,,,,,,,,,,,,,,,
,,,,,,,,,,,,,,,,,,,,,,,,,,,,,,,,,
LLDP:  Passed,US-PHX01,c160:433:39,ipmi-gg1-c3-r433-us-west-02b,SN2201,swp1,,,,,US-PHX01,c160:434:26,c160-r434-node-01-us-west-02b,gpu-h100-04,ipmi,,,,,CAT6a,,,,,,,,,,,,,,
LLDP:  Passed,US-PHX01,c160:433:39,ipmi-gg1-c3-r433-us-west-02b,SN2201,swp2,,,,,US-PHX01,c160:434:12,c160-r434-node-02-us-west-02b,gpu-h100-04,ipmi,,,,,CAT6a,,,,,,,,,,,,,,
LLDP:  Passed,US-PHX01,c160:433:39,ipmi-gg1-c3-r433-us-west-02b,SN2201,swp3,,,,,US-PHX01,c160:435:26,c160-r435-node-01-us-west-02b,gpu-h100-04,ipmi,,,,,CAT6a,,,,,,,,,,,,,,
LLDP:  Passed,US-PHX01,c160:433:39,ipmi-gg1-c3-r433-us-west-02b,SN2201,swp4,,,,,US-PHX01,c160:435:12,c160-r435-node-02-us-west-02b,gpu-h100-04,ipmi,,,,,CAT6a,,,,,,,,,,,,,,
LLDP:  Passed,US-PHX01,c160:433:39,ipmi-gg1-c3-r433-us-west-02b,SN2201,swp5,,,,,US-PHX01,c160:436:26,c160-r436-node-01-us-west-02b,gpu-h100-04,ipmi,,,,,CAT6a,,,,,,,,,,,,,,
LLDP:  Passed,US-PHX01,c160:433:39,ipmi-gg1-c3-r433-us-west-02b,SN2201,swp6,,,,,US-PHX01,c160:436:12,c160-r436-node-02-us-west-02b,gpu-h100-04,ipmi,,,,,CAT6a,,,,,,,,,,,,,,
LLDP:  Passed,US-PHX01,c160:433:39,ipmi-gg1-c3-r433-us-west-02b,SN2201,swp7,,,,,US-PHX01,c160:437:26,c160-r437-node-01-us-west-02b,gpu-h100-04,ipmi,,,,,CAT6a,,,,,,,,,,,,,,
LLDP:  Passed,US-PHX01,c160:433:39,ipmi-gg1-c3-r433-us-west-02b,SN2201,swp8,,,,,US-PHX01,c160:437:12,c160-r437-node-02-us-west-02b,gpu-h100-04,ipmi,,,,,CAT6a,,,,,,,,,,,,,,
LLDP:  Passed,US-PHX01,c160:433:39,ipmi-gg1-c3-r433-us-west-02b,SN2201,swp9,,,,,US-PHX01,c160:438:26,c160-r438-node-01-us-west-02b,gpu-h100-04,ipmi,,,,,CAT6a,,,,,,,,,,,,,,
LLDP:  Passed,US-PHX01,c160:433:39,ipmi-gg1-c3-r433-us-west-02b,SN2201,swp10,,,,,US-PHX01,c160:438:12,c160-r438-node-02-us-west-02b,gpu-h100-04,ipmi,,,,,CAT6a,,,,,,,,,,,,,,
LLDP:  Passed,US-PHX01,c160:433:39,ipmi-gg1-c3-r433-us-west-02b,SN2201,swp11,,,,,US-PHX01,c160:439:26,c160-r439-node-01-us-west-02b,gpu-h100-04,ipmi,,,,,CAT6a,,,,,,,,,,,,,,
LLDP:  Passed,US-PHX01,c160:433:39,ipmi-gg1-c3-r433-us-west-02b,SN2201,swp12,,,,,US-PHX01,c160:439:12,c160-r439-node-02-us-west-02b,gpu-h100-04,ipmi,,,,,CAT6a,,,,,,,,,,,,,,
LLDP:  Passed,US-PHX01,c160:433:39,ipmi-gg1-c3-r433-us-west-02b,SN2201,swp13,,,,,US-PHX01,c160:440:26,c160-r440-node-01-us-west-02b,gpu-h100-04,ipmi,,,,,CAT6a,,,,,,,,,,,,,,
LLDP:  Passed,US-PHX01,c160:433:39,ipmi-gg1-c3-r433-us-west-02b,SN2201,swp14,,,,,US-PHX01,c160:440:12,c160-r440-node-02-us-west-02b,gpu-h100-04,ipmi,,,,,CAT6a,,,,,,,,,,,,,,
LLDP:  Passed,US-PHX01,c160:433:39,ipmi-gg1-c3-r433-us-west-02b,SN2201,swp15,,,,,US-PHX01,c160:441:26,c160-r441-node-01-us-west-02b,gpu-h100-04,ipmi,,,,,CAT6a,,,,,,,,,,,,,,
LLDP:  Passed,US-PHX01,c160:433:39,ipmi-gg1-c3-r433-us-west-02b,SN2201,swp16,,,,,US-PHX01,c160:441:12,c160-r441-node-02-us-west-02b,gpu-h100-04,ipmi,,,,,CAT6a,,,,,,,,,,,,,,
LLDP:  Passed,US-PHX01,c160:433:39,ipmi-gg1-c3-r433-us-west-02b,SN2201,swp17,,,,,US-PHX01,c160:446:26,c160-r446-node-01-us-west-02b,gpu-h100-04,ipmi,,,,,CAT6a,,,,,,,,,,,,,,
LLDP:  Passed,US-PHX01,c160:433:39,ipmi-gg1-c3-r433-us-west-02b,SN2201,swp18,,,,,US-PHX01,c160:446:12,c160-r446-node-02-us-west-02b,gpu-h100-04,ipmi,,,,,CAT6a,,,,,,,,,,,,,,
LLDP:  Passed,US-PHX01,c160:433:39,ipmi-gg1-c3-r433-us-west-02b,SN2201,swp19,,,,,US-PHX01,c160:447:26,c160-r447-node-01-us-west-02b,gpu-h100-04,ipmi,,,,,CAT6a,,,,,,,,,,,,,,
LLDP:  Passed,US-PHX01,c160:433:39,ipmi-gg1-c3-r433-us-west-02b,SN2201,swp20,,,,,US-PHX01,c160:447:12,c160-r447-node-02-us-west-02b,gpu-h100-04,ipmi,,,,,CAT6a,,,,,,,,,,,,,,
LLDP:  Passed,US-PHX01,c160:433:39,ipmi-gg1-c3-r433-us-west-02b,SN2201,swp21,,,,,US-PHX01,c160:448:26,c160-r448-node-01-us-west-02b,gpu-h100-04,ipmi,,,,,CAT6a,,,,,,,,,,,,,,
LLDP:  Passed,US-PHX01,c160:433:39,ipmi-gg1-c3-r433-us-west-02b,SN2201,swp22,,,,,US-PHX01,c160:448:12,c160-r448-node-02-us-west-02b,gpu-h100-04,ipmi,,,,,CAT6a,,,,,,,,,,,,,,
,,,,,,,,,,,,,,,,,,,,,,,,,,,,,,,,,
,,,,,,,,,,,,,,,,,,,,,,,,,,,,,,,,,
,,,,,,,,,,,,,,,,,,,,,,,,,,,,,,,,,
,,,,,,,,,,,,,,,,,,,,,,,,,,,,,,,,,
,,,,,,,,,,,,,,,,,,,,,,,,,,,,,,,,,
LLDP:  Passed,US-PHX01,c160:433:37,dpu-gg1-c3-r433-us-west-02b,SN2201,swp1,,,,,US-PHX01,c160:434:26,c160-r434-node-01-us-west-02b,gpu-h100-04,dpu,,,,,CAT6a,,,,,,,,,,,,,,
LLDP:  Passed,US-PHX01,c160:433:37,dpu-gg1-c3-r433-us-west-02b,SN2201,swp2,,,,,US-PHX01,c160:434:12,c160-r434-node-02-us-west-02b,gpu-h100-04,dpu,,,,,CAT6a,,,,,,,,,,,,,,
LLDP:  Passed,US-PHX01,c160:433:37,dpu-gg1-c3-r433-us-west-02b,SN2201,swp3,,,,,US-PHX01,c160:435:26,c160-r435-node-01-us-west-02b,gpu-h100-04,dpu,,,,,CAT6a,,,,,,,,,,,,,,
LLDP:  Passed,US-PHX01,c160:433:37,dpu-gg1-c3-r433-us-west-02b,SN2201,swp4,,,,,US-PHX01,c160:435:12,c160-r435-node-02-us-west-02b,gpu-h100-04,dpu,,,,,CAT6a,,,,,,,,,,,,,,
LLDP:  Passed,US-PHX01,c160:433:37,dpu-gg1-c3-r433-us-west-02b,SN2201,swp5,,,,,US-PHX01,c160:436:26,c160-r436-node-01-us-west-02b,gpu-h100-04,dpu,,,,,CAT6a,,,,,,,,,,,,,,
LLDP:  Passed,US-PHX01,c160:433:37,dpu-gg1-c3-r433-us-west-02b,SN2201,swp6,,,,,US-PHX01,c160:436:12,c160-r436-node-02-us-west-02b,gpu-h100-04,dpu,,,,,CAT6a,,,,,,,,,,,,,,
LLDP:  Passed,US-PHX01,c160:433:37,dpu-gg1-c3-r433-us-west-02b,SN2201,swp7,,,,,US-PHX01,c160:437:26,c160-r437-node-01-us-west-02b,gpu-h100-04,dpu,,,,,CAT6a,,,,,,,,,,,,,,
LLDP:  Passed,US-PHX01,c160:433:37,dpu-gg1-c3-r433-us-west-02b,SN2201,swp8,,,,,US-PHX01,c160:437:12,c160-r437-node-02-us-west-02b,gpu-h100-04,dpu,,,,,CAT6a,,,,,,,,,,,,,,
LLDP:  Passed,US-PHX01,c160:433:37,dpu-gg1-c3-r433-us-west-02b,SN2201,swp9,,,,,US-PHX01,c160:438:26,c160-r438-node-01-us-west-02b,gpu-h100-04,dpu,,,,,CAT6a,,,,,,,,,,,,,,
LLDP:  Passed,US-PHX01,c160:433:37,dpu-gg1-c3-r433-us-west-02b,SN2201,swp10,,,,,US-PHX01,c160:438:12,c160-r438-node-02-us-west-02b,gpu-h100-04,dpu,,,,,CAT6a,,,,,,,,,,,,,,
LLDP:  Passed,US-PHX01,c160:433:37,dpu-gg1-c3-r433-us-west-02b,SN2201,swp11,,,,,US-PHX01,c160:439:26,c160-r439-node-01-us-west-02b,gpu-h100-04,dpu,,,,,CAT6a,,,,,,,,,,,,,,
LLDP:  Passed,US-PHX01,c160:433:37,dpu-gg1-c3-r433-us-west-02b,SN2201,swp12,,,,,US-PHX01,c160:439:12,c160-r439-node-02-us-west-02b,gpu-h100-04,dpu,,,,,CAT6a,,,,,,,,,,,,,,
LLDP:  Passed,US-PHX01,c160:433:37,dpu-gg1-c3-r433-us-west-02b,SN2201,swp13,,,,,US-PHX01,c160:440:26,c160-r440-node-01-us-west-02b,gpu-h100-04,dpu,,,,,CAT6a,,,,,,,,,,,,,,
LLDP:  Passed,US-PHX01,c160:433:37,dpu-gg1-c3-r433-us-west-02b,SN2201,swp14,,,,,US-PHX01,c160:440:12,c160-r440-node-02-us-west-02b,gpu-h100-04,dpu,,,,,CAT6a,,,,,,,,,,,,,,
LLDP:  Passed,US-PHX01,c160:433:37,dpu-gg1-c3-r433-us-west-02b,SN2201,swp15,,,,,US-PHX01,c160:441:26,c160-r441-node-01-us-west-02b,gpu-h100-04,dpu,,,,,CAT6a,,,,,,,,,,,,,,
LLDP:  Passed,US-PHX01,c160:433:37,dpu-gg1-c3-r433-us-west-02b,SN2201,swp16,,,,,US-PHX01,c160:441:12,c160-r441-node-02-us-west-02b,gpu-h100-04,dpu,,,,,CAT6a,,,,,,,,,,,,,,
LLDP:  Passed,US-PHX01,c160:433:37,dpu-gg1-c3-r433-us-west-02b,SN2201,swp17,,,,,US-PHX01,c160:446:26,c160-r446-node-01-us-west-02b,gpu-h100-04,dpu,,,,,CAT6a,,,,,,,,,,,,,,
LLDP:  Passed,US-PHX01,c160:433:37,dpu-gg1-c3-r433-us-west-02b,SN2201,swp18,,,,,US-PHX01,c160:446:12,c160-r446-node-02-us-west-02b,gpu-h100-04,dpu,,,,,CAT6a,,,,,,,,,,,,,,
LLDP:  Passed,US-PHX01,c160:433:37,dpu-gg1-c3-r433-us-west-02b,SN2201,swp19,,,,,US-PHX01,c160:447:26,c160-r447-node-01-us-west-02b,gpu-h100-04,dpu,,,,,CAT6a,,,,,,,,,,,,,,
LLDP:  Passed,US-PHX01,c160:433:37,dpu-gg1-c3-r433-us-west-02b,SN2201,swp20,,,,,US-PHX01,c160:447:12,c160-r447-node-02-us-west-02b,gpu-h100-04,dpu,,,,,CAT6a,,,,,,,,,,,,,,
LLDP:  Passed,US-PHX01,c160:433:37,dpu-gg1-c3-r433-us-west-02b,SN2201,swp21,,,,,US-PHX01,c160:448:26,c160-r448-node-01-us-west-02b,gpu-h100-04,dpu,,,,,CAT6a,,,,,,,,,,,,,,
LLDP:  Passed,US-PHX01,c160:433:37,dpu-gg1-c3-r433-us-west-02b,SN2201,swp22,,,,,US-PHX01,c160:448:12,c160-r448-node-02-us-west-02b,gpu-h100-04,dpu,,,,,CAT6a,,,,,,,,,,,,,,
,,,,,,,,,,,,,,,,,,,,,,,,,,,,,,,,,
,,,,,,,,,,,,,,,,,,,,,,,,,,,,,,,,,
,,,,,,,,,,,,,,,,,,,,,,,,,,,,,,,,,
,,,,,,,,,,,,,,,,,,,,,,,,,,,,,,,,,
,,,,,,,,,,,,,,,,,,,,,,,,,,,,,,,,,
,,,,,,,,,,,,,,,,,,,,,,,,,,,,,,,,,
,,,,,,,,,,,,,,,,,,,,,,,,,,,,,,,,,
C160 :: ROW-29 :: H100's,,,,,,,,,,,,,,,,,,,,,,,,,,,,,,,,,
LLDP:  Passed,US-PHX01,c160:449:42,t0-gg1-c4-01-r449-us-west-02b,SN4700,swp1,c1260:011:41,1:A:1,QSFPDD-400G-DR4,,US-PHX01,c160:450:26,c160-r450-node-01-us-west-02b,gpu-h100-04,eth0,,,,QSFP-100G-DR1,LC-to-LC SMF,,,,,,,,,,,,,,
LLDP:  Passed,US-PHX01,c160:449:42,t0-gg1-c4-01-r449-us-west-02b,SN4700,swp1,c1260:011:41,1:A:2,QSFPDD-400G-DR4,,US-PHX01,c160:450:12,c160-r450-node-02-us-west-02b,gpu-h100-04,eth0,,,,QSFP-100G-DR1,LC-to-LC SMF,,,,,,,,,,,,,,
LLDP:  Passed,US-PHX01,c160:449:42,t0-gg1-c4-01-r449-us-west-02b,SN4700,swp1,c1260:011:41,1:A:3,QSFPDD-400G-DR4,,US-PHX01,c160:451:26,c160-r451-node-01-us-west-02b,gpu-h100-04,eth0,,,,QSFP-100G-DR1,LC-to-LC SMF,,,,,,,,,,,,,,
LLDP:  Passed,US-PHX01,c160:449:42,t0-gg1-c4-01-r449-us-west-02b,SN4700,swp1,c1260:011:41,1:A:4,QSFPDD-400G-DR4,,US-PHX01,c160:451:12,c160-r451-node-02-us-west-02b,gpu-h100-04,eth0,,,,QSFP-100G-DR1,LC-to-LC SMF,,,,,,,,,,,,,,
LLDP:  Passed,US-PHX01,c160:449:42,t0-gg1-c4-01-r449-us-west-02b,SN4700,swp2,c1260:011:41,1:B:1,QSFPDD-400G-DR4,,US-PHX01,c160:452:26,c160-r452-node-01-us-west-02b,gpu-h100-04,eth0,,,,QSFP-100G-DR1,LC-to-LC SMF,,,,,,,,,,,,,,
LLDP:  Passed,US-PHX01,c160:449:42,t0-gg1-c4-01-r449-us-west-02b,SN4700,swp2,c1260:011:41,1:B:2,QSFPDD-400G-DR4,,US-PHX01,c160:452:12,c160-r452-node-02-us-west-02b,gpu-h100-04,eth0,,,,QSFP-100G-DR1,LC-to-LC SMF,,,,,,,,,,,,,,
LLDP:  Passed,US-PHX01,c160:449:42,t0-gg1-c4-01-r449-us-west-02b,SN4700,swp2,c1260:011:41,1:B:3,QSFPDD-400G-DR4,,US-PHX01,c160:453:26,c160-r453-node-01-us-west-02b,gpu-h100-04,eth0,,,,QSFP-100G-DR1,LC-to-LC SMF,,,,,,,,,,,,,,
LLDP:  Passed,US-PHX01,c160:449:42,t0-gg1-c4-01-r449-us-west-02b,SN4700,swp2,c1260:011:41,1:B:4,QSFPDD-400G-DR4,,US-PHX01,c160:453:12,c160-r453-node-02-us-west-02b,gpu-h100-04,eth0,,,,QSFP-100G-DR1,LC-to-LC SMF,,,,,,,,,,,,,,
LLDP:  Passed,US-PHX01,c160:449:42,t0-gg1-c4-01-r449-us-west-02b,SN4700,swp3,c1260:011:41,2:A:1,QSFPDD-400G-DR4,,US-PHX01,c160:454:26,c160-r454-node-01-us-west-02b,gpu-h100-04,eth0,,,,QSFP-100G-DR1,LC-to-LC SMF,,,,,,,,,,,,,,
LLDP:  Passed,US-PHX01,c160:449:42,t0-gg1-c4-01-r449-us-west-02b,SN4700,swp3,c1260:011:41,2:A:2,QSFPDD-400G-DR4,,US-PHX01,c160:454:12,c160-r454-node-02-us-west-02b,gpu-h100-04,eth0,,,,QSFP-100G-DR1,LC-to-LC SMF,,,,,,,,,,,,,,
LLDP:  Passed,US-PHX01,c160:449:42,t0-gg1-c4-01-r449-us-west-02b,SN4700,swp3,c1260:011:41,2:A:3,QSFPDD-400G-DR4,,US-PHX01,c160:455:26,c160-r455-node-01-us-west-02b,gpu-h100-04,eth0,,,,QSFP-100G-DR1,LC-to-LC SMF,,,,,,,,,,,,,,
LLDP:  Failed,US-PHX01,c160:449:42,t0-gg1-c4-01-r449-us-west-02b,SN4700,swp3,c1260:011:41,2:A:4,QSFPDD-400G-DR4,,US-PHX01,c160:455:12,c160-r455-node-02-us-west-02b,gpu-h100-04,eth0,,,,QSFP-100G-DR1,LC-to-LC SMF,,,,,,,,,,,,,,
LLDP:  Passed,US-PHX01,c160:449:42,t0-gg1-c4-01-r449-us-west-02b,SN4700,swp4,c1260:011:41,2:B:1,QSFPDD-400G-DR4,,US-PHX01,c160:456:26,c160-r456-node-01-us-west-02b,gpu-h100-04,eth0,,,,QSFP-100G-DR1,LC-to-LC SMF,,,,,,,,,,,,,,
LLDP:  Passed,US-PHX01,c160:449:42,t0-gg1-c4-01-r449-us-west-02b,SN4700,swp4,c1260:011:41,2:B:2,QSFPDD-400G-DR4,,US-PHX01,c160:456:12,c160-r456-node-02-us-west-02b,gpu-h100-04,eth0,,,,QSFP-100G-DR1,LC-to-LC SMF,,,,,,,,,,,,,,
LLDP:  Passed,US-PHX01,c160:449:42,t0-gg1-c4-01-r449-us-west-02b,SN4700,swp4,c1260:011:41,2:B:3,QSFPDD-400G-DR4,,US-PHX01,c160:457:26,c160-r457-node-01-us-west-02b,gpu-h100-04,eth0,,,,QSFP-100G-DR1,LC-to-LC SMF,,,,,,,,,,,,,,
LLDP:  Passed,US-PHX01,c160:449:42,t0-gg1-c4-01-r449-us-west-02b,SN4700,swp4,c1260:011:41,2:B:4,QSFPDD-400G-DR4,,US-PHX01,c160:457:12,c160-r457-node-02-us-west-02b,gpu-h100-04,eth0,,,,QSFP-100G-DR1,LC-to-LC SMF,,,,,,,,,,,,,,
,,,,,,,,,,,,,,,,,,,,,,,,,,,,,,,,,
LLDP:  Passed,US-PHX01,c160:449:40,t0-gg1-c4-02-r449-us-west-02b,SN4700,swp1,c1260:011:39,1:A:1,QSFPDD-400G-DR4,,US-PHX01,c160:450:26,c160-r450-node-01-us-west-02b,gpu-h100-04,eth1,,,,QSFP-100G-DR1,LC-to-LC SMF,,,,,,,,,,,,,,
LLDP:  Passed,US-PHX01,c160:449:40,t0-gg1-c4-02-r449-us-west-02b,SN4700,swp1,c1260:011:39,1:A:2,QSFPDD-400G-DR4,,US-PHX01,c160:450:12,c160-r450-node-02-us-west-02b,gpu-h100-04,eth1,,,,QSFP-100G-DR1,LC-to-LC SMF,,,,,,,,,,,,,,
LLDP:  Passed,US-PHX01,c160:449:40,t0-gg1-c4-02-r449-us-west-02b,SN4700,swp1,c1260:011:39,1:A:3,QSFPDD-400G-DR4,,US-PHX01,c160:451:26,c160-r451-node-01-us-west-02b,gpu-h100-04,eth1,,,,QSFP-100G-DR1,LC-to-LC SMF,,,,,,,,,,,,,,
LLDP:  Passed,US-PHX01,c160:449:40,t0-gg1-c4-02-r449-us-west-02b,SN4700,swp1,c1260:011:39,1:A:4,QSFPDD-400G-DR4,,US-PHX01,c160:451:12,c160-r451-node-02-us-west-02b,gpu-h100-04,eth1,,,,QSFP-100G-DR1,LC-to-LC SMF,,,,,,,,,,,,,,
LLDP:  Passed,US-PHX01,c160:449:40,t0-gg1-c4-02-r449-us-west-02b,SN4700,swp2,c1260:011:39,1:B:1,QSFPDD-400G-DR4,,US-PHX01,c160:452:26,c160-r452-node-01-us-west-02b,gpu-h100-04,eth1,,,,QSFP-100G-DR1,LC-to-LC SMF,,,,,,,,,,,,,,
LLDP:  Passed,US-PHX01,c160:449:40,t0-gg1-c4-02-r449-us-west-02b,SN4700,swp2,c1260:011:39,1:B:2,QSFPDD-400G-DR4,,US-PHX01,c160:452:12,c160-r452-node-02-us-west-02b,gpu-h100-04,eth1,,,,QSFP-100G-DR1,LC-to-LC SMF,,,,,,,,,,,,,,
LLDP:  Passed,US-PHX01,c160:449:40,t0-gg1-c4-02-r449-us-west-02b,SN4700,swp2,c1260:011:39,1:B:3,QSFPDD-400G-DR4,,US-PHX01,c160:453:26,c160-r453-node-01-us-west-02b,gpu-h100-04,eth1,,,,QSFP-100G-DR1,LC-to-LC SMF,,,,,,,,,,,,,,
LLDP:  Passed,US-PHX01,c160:449:40,t0-gg1-c4-02-r449-us-west-02b,SN4700,swp2,c1260:011:39,1:B:4,QSFPDD-400G-DR4,,US-PHX01,c160:453:12,c160-r453-node-02-us-west-02b,gpu-h100-04,eth1,,,,QSFP-100G-DR1,LC-to-LC SMF,,,,,,,,,,,,,,
LLDP:  Passed,US-PHX01,c160:449:40,t0-gg1-c4-02-r449-us-west-02b,SN4700,swp3,c1260:011:39,2:A:1,QSFPDD-400G-DR4,,US-PHX01,c160:454:26,c160-r454-node-01-us-west-02b,gpu-h100-04,eth1,,,,QSFP-100G-DR1,LC-to-LC SMF,,,,,,,,,,,,,,
LLDP:  Passed,US-PHX01,c160:449:40,t0-gg1-c4-02-r449-us-west-02b,SN4700,swp3,c1260:011:39,2:A:2,QSFPDD-400G-DR4,,US-PHX01,c160:454:12,c160-r454-node-02-us-west-02b,gpu-h100-04,eth1,,,,QSFP-100G-DR1,LC-to-LC SMF,,,,,,,,,,,,,,
LLDP:  Passed,US-PHX01,c160:449:40,t0-gg1-c4-02-r449-us-west-02b,SN4700,swp3,c1260:011:39,2:A:3,QSFPDD-400G-DR4,,US-PHX01,c160:455:26,c160-r455-node-01-us-west-02b,gpu-h100-04,eth1,,,,QSFP-100G-DR1,LC-to-LC SMF,,,,,,,,,,,,,,
LLDP:  Passed,US-PHX01,c160:449:40,t0-gg1-c4-02-r449-us-west-02b,SN4700,swp3,c1260:011:39,2:A:4,QSFPDD-400G-DR4,,US-PHX01,c160:455:12,c160-r455-node-02-us-west-02b,gpu-h100-04,eth1,,,,QSFP-100G-DR1,LC-to-LC SMF,,,,,,,,,,,,,,
LLDP:  Passed,US-PHX01,c160:449:40,t0-gg1-c4-02-r449-us-west-02b,SN4700,swp4,c1260:011:39,2:B:1,QSFPDD-400G-DR4,,US-PHX01,c160:456:26,c160-r456-node-01-us-west-02b,gpu-h100-04,eth1,,,,QSFP-100G-DR1,LC-to-LC SMF,,,,,,,,,,,,,,
LLDP:  Passed,US-PHX01,c160:449:40,t0-gg1-c4-02-r449-us-west-02b,SN4700,swp4,c1260:011:39,2:B:2,QSFPDD-400G-DR4,,US-PHX01,c160:456:12,c160-r456-node-02-us-west-02b,gpu-h100-04,eth1,,,,QSFP-100G-DR1,LC-to-LC SMF,,,,,,,,,,,,,,
LLDP:  Passed,US-PHX01,c160:449:40,t0-gg1-c4-02-r449-us-west-02b,SN4700,swp4,c1260:011:39,2:B:3,QSFPDD-400G-DR4,,US-PHX01,c160:457:26,c160-r457-node-01-us-west-02b,gpu-h100-04,eth1,,,,QSFP-100G-DR1,LC-to-LC SMF,,,,,,,,,,,,,,
LLDP:  Passed,US-PHX01,c160:449:40,t0-gg1-c4-02-r449-us-west-02b,SN4700,swp4,c1260:011:39,2:B:4,QSFPDD-400G-DR4,,US-PHX01,c160:457:12,c160-r457-node-02-us-west-02b,gpu-h100-04,eth1,,,,QSFP-100G-DR1,LC-to-LC SMF,,,,,,,,,,,,,,
,,,,,,,,,,,,,,,,,,,,,,,,,,,,,,,,,
LLDP:  Passed,US-PHX01,c160:449:18,ipmi-gg1-c4-r449-us-west-02b,SN2201,swp1,,,,,US-PHX01,c160:450:26,c160-r450-node-01-us-west-02b,gpu-h100-04,ipmi,,,,,CAT6a,,,,,,,,,,,,,,
LLDP:  Passed,US-PHX01,c160:449:18,ipmi-gg1-c4-r449-us-west-02b,SN2201,swp2,,,,,US-PHX01,c160:450:12,c160-r450-node-02-us-west-02b,gpu-h100-04,ipmi,,,,,CAT6a,,,,,,,,,,,,,,
LLDP:  Passed,US-PHX01,c160:449:18,ipmi-gg1-c4-r449-us-west-02b,SN2201,swp3,,,,,US-PHX01,c160:451:26,c160-r451-node-01-us-west-02b,gpu-h100-04,ipmi,,,,,CAT6a,,,,,,,,,,,,,,
LLDP:  Passed,US-PHX01,c160:449:18,ipmi-gg1-c4-r449-us-west-02b,SN2201,swp4,,,,,US-PHX01,c160:451:12,c160-r451-node-02-us-west-02b,gpu-h100-04,ipmi,,,,,CAT6a,,,,,,,,,,,,,,
LLDP:  Passed,US-PHX01,c160:449:18,ipmi-gg1-c4-r449-us-west-02b,SN2201,swp5,,,,,US-PHX01,c160:452:26,c160-r452-node-01-us-west-02b,gpu-h100-04,ipmi,,,,,CAT6a,,,,,,,,,,,,,,
LLDP:  Passed,US-PHX01,c160:449:18,ipmi-gg1-c4-r449-us-west-02b,SN2201,swp6,,,,,US-PHX01,c160:452:12,c160-r452-node-02-us-west-02b,gpu-h100-04,ipmi,,,,,CAT6a,,,,,,,,,,,,,,
LLDP:  Passed,US-PHX01,c160:449:18,ipmi-gg1-c4-r449-us-west-02b,SN2201,swp7,,,,,US-PHX01,c160:453:26,c160-r453-node-01-us-west-02b,gpu-h100-04,ipmi,,,,,CAT6a,,,,,,,,,,,,,,
LLDP:  Passed,US-PHX01,c160:449:18,ipmi-gg1-c4-r449-us-west-02b,SN2201,swp8,,,,,US-PHX01,c160:453:12,c160-r453-node-02-us-west-02b,gpu-h100-04,ipmi,,,,,CAT6a,,,,,,,,,,,,,,
LLDP:  Passed,US-PHX01,c160:449:18,ipmi-gg1-c4-r449-us-west-02b,SN2201,swp9,,,,,US-PHX01,c160:454:26,c160-r454-node-01-us-west-02b,gpu-h100-04,ipmi,,,,,CAT6a,,,,,,,,,,,,,,
LLDP:  Passed,US-PHX01,c160:449:18,ipmi-gg1-c4-r449-us-west-02b,SN2201,swp10,,,,,US-PHX01,c160:454:12,c160-r454-node-02-us-west-02b,gpu-h100-04,ipmi,,,,,CAT6a,,,,,,,,,,,,,,
LLDP:  Passed,US-PHX01,c160:449:18,ipmi-gg1-c4-r449-us-west-02b,SN2201,swp11,,,,,US-PHX01,c160:455:26,c160-r455-node-01-us-west-02b,gpu-h100-04,ipmi,,,,,CAT6a,,,,,,,,,,,,,,
LLDP:  Passed,US-PHX01,c160:449:18,ipmi-gg1-c4-r449-us-west-02b,SN2201,swp12,,,,,US-PHX01,c160:455:12,c160-r455-node-02-us-west-02b,gpu-h100-04,ipmi,,,,,CAT6a,,,,,,,,,,,,,,
LLDP:  Passed,US-PHX01,c160:449:18,ipmi-gg1-c4-r449-us-west-02b,SN2201,swp13,,,,,US-PHX01,c160:456:26,c160-r456-node-01-us-west-02b,gpu-h100-04,ipmi,,,,,CAT6a,,,,,,,,,,,,,,
LLDP:  Passed,US-PHX01,c160:449:18,ipmi-gg1-c4-r449-us-west-02b,SN2201,swp14,,,,,US-PHX01,c160:456:12,c160-r456-node-02-us-west-02b,gpu-h100-04,ipmi,,,,,CAT6a,,,,,,,,,,,,,,
LLDP:  Passed,US-PHX01,c160:449:18,ipmi-gg1-c4-r449-us-west-02b,SN2201,swp15,,,,,US-PHX01,c160:457:26,c160-r457-node-01-us-west-02b,gpu-h100-04,ipmi,,,,,CAT6a,,,,,,,,,,,,,,
LLDP:  Passed,US-PHX01,c160:449:18,ipmi-gg1-c4-r449-us-west-02b,SN2201,swp16,,,,,US-PHX01,c160:457:12,c160-r457-node-02-us-west-02b,gpu-h100-04,ipmi,,,,,CAT6a,,,,,,,,,,,,,,
,,,,,,,,,,,,,,,,,,,,,,,,,,,,,,,,,
LLDP:  Passed,US-PHX01,c160:449:16,dpu-gg1-c4-r449-us-west-02b,SN2201,swp1,,,,,US-PHX01,c160:450:26,c160-r450-node-01-us-west-02b,gpu-h100-04,dpu,,,,,CAT6a,,,,,,,,,,,,,,
LLDP:  Passed,US-PHX01,c160:449:16,dpu-gg1-c4-r449-us-west-02b,SN2201,swp2,,,,,US-PHX01,c160:450:12,c160-r450-node-02-us-west-02b,gpu-h100-04,dpu,,,,,CAT6a,,,,,,,,,,,,,,
LLDP:  Passed,US-PHX01,c160:449:16,dpu-gg1-c4-r449-us-west-02b,SN2201,swp3,,,,,US-PHX01,c160:451:26,c160-r451-node-01-us-west-02b,gpu-h100-04,dpu,,,,,CAT6a,,,,,,,,,,,,,,
LLDP:  Passed,US-PHX01,c160:449:16,dpu-gg1-c4-r449-us-west-02b,SN2201,swp4,,,,,US-PHX01,c160:451:12,c160-r451-node-02-us-west-02b,gpu-h100-04,dpu,,,,,CAT6a,,,,,,,,,,,,,,
LLDP:  Passed,US-PHX01,c160:449:16,dpu-gg1-c4-r449-us-west-02b,SN2201,swp5,,,,,US-PHX01,c160:452:26,c160-r452-node-01-us-west-02b,gpu-h100-04,dpu,,,,,CAT6a,,,,,,,,,,,,,,
LLDP:  Passed,US-PHX01,c160:449:16,dpu-gg1-c4-r449-us-west-02b,SN2201,swp6,,,,,US-PHX01,c160:452:12,c160-r452-node-02-us-west-02b,gpu-h100-04,dpu,,,,,CAT6a,,,,,,,,,,,,,,
LLDP:  Passed,US-PHX01,c160:449:16,dpu-gg1-c4-r449-us-west-02b,SN2201,swp7,,,,,US-PHX01,c160:453:26,c160-r453-node-01-us-west-02b,gpu-h100-04,dpu,,,,,CAT6a,,,,,,,,,,,,,,
LLDP:  Passed,US-PHX01,c160:449:16,dpu-gg1-c4-r449-us-west-02b,SN2201,swp8,,,,,US-PHX01,c160:453:12,c160-r453-node-02-us-west-02b,gpu-h100-04,dpu,,,,,CAT6a,,,,,,,,,,,,,,
LLDP:  Passed,US-PHX01,c160:449:16,dpu-gg1-c4-r449-us-west-02b,SN2201,swp9,,,,,US-PHX01,c160:454:26,c160-r454-node-01-us-west-02b,gpu-h100-04,dpu,,,,,CAT6a,,,,,,,,,,,,,,
LLDP:  Passed,US-PHX01,c160:449:16,dpu-gg1-c4-r449-us-west-02b,SN2201,swp10,,,,,US-PHX01,c160:454:12,c160-r454-node-02-us-west-02b,gpu-h100-04,dpu,,,,,CAT6a,,,,,,,,,,,,,,
LLDP:  Passed,US-PHX01,c160:449:16,dpu-gg1-c4-r449-us-west-02b,SN2201,swp11,,,,,US-PHX01,c160:455:26,c160-r455-node-01-us-west-02b,gpu-h100-04,dpu,,,,,CAT6a,,,,,,,,,,,,,,
LLDP:  Passed,US-PHX01,c160:449:16,dpu-gg1-c4-r449-us-west-02b,SN2201,swp12,,,,,US-PHX01,c160:455:12,c160-r455-node-02-us-west-02b,gpu-h100-04,dpu,,,,,CAT6a,,,,,,,,,,,,,,
LLDP:  Passed,US-PHX01,c160:449:16,dpu-gg1-c4-r449-us-west-02b,SN2201,swp13,,,,,US-PHX01,c160:456:26,c160-r456-node-01-us-west-02b,gpu-h100-04,dpu,,,,,CAT6a,,,,,,,,,,,,,,
LLDP:  Passed,US-PHX01,c160:449:16,dpu-gg1-c4-r449-us-west-02b,SN2201,swp14,,,,,US-PHX01,c160:456:12,c160-r456-node-02-us-west-02b,gpu-h100-04,dpu,,,,,CAT6a,,,,,,,,,,,,,,
LLDP:  Passed,US-PHX01,c160:449:16,dpu-gg1-c4-r449-us-west-02b,SN2201,swp15,,,,,US-PHX01,c160:457:26,c160-r457-node-01-us-west-02b,gpu-h100-04,dpu,,,,,CAT6a,,,,,,,,,,,,,,
LLDP:  Passed,US-PHX01,c160:449:16,dpu-gg1-c4-r449-us-west-02b,SN2201,swp16,,,,,US-PHX01,c160:457:12,c160-r457-node-02-us-west-02b,gpu-h100-04,dpu,,,,,CAT6a,,,,,,,,,,,,,,
,,,,,,,,,,,,,,,,,,,,,,,,,,,,,,,,,
,,,,,,,,,,,,,,,,,,,,,,,,,,,,,,,,,
C160 :: ROW-30 :: H100's,,,,,,,,,,,,,,,,,,,,,,,,,,,,,,,,,
LLDP:  Passed,US-PHX01,c160:465:44,t0-gg1-c4-01-r465-us-west-02b,SN4700,swp1,c160:465:43,1:A:1,QSFPDD-400G-DR4,,US-PHX01,c160:466:26,c160-r466-node-01-us-west-02b,gpu-h100-04,eth0,,,,QSFP-100G-DR1,LC-to-LC SMF,,,,,,,,,,,,,,
LLDP:  Passed,US-PHX01,c160:465:44,t0-gg1-c4-01-r465-us-west-02b,SN4700,swp1,c160:465:43,1:A:2,QSFPDD-400G-DR4,,US-PHX01,c160:466:12,c160-r466-node-02-us-west-02b,gpu-h100-04,eth0,,,,QSFP-100G-DR1,LC-to-LC SMF,,,,,,,,,,,,,,
LLDP:  Passed,US-PHX01,c160:465:44,t0-gg1-c4-01-r465-us-west-02b,SN4700,swp1,c160:465:43,1:A:3,QSFPDD-400G-DR4,,US-PHX01,c160:467:26,c160-r467-node-01-us-west-02b,gpu-h100-04,eth0,,,,QSFP-100G-DR1,LC-to-LC SMF,,,,,,,,,,,,,,
LLDP:  Passed,US-PHX01,c160:465:44,t0-gg1-c4-01-r465-us-west-02b,SN4700,swp1,c160:465:43,1:A:4,QSFPDD-400G-DR4,,US-PHX01,c160:467:12,c160-r467-node-02-us-west-02b,gpu-h100-04,eth0,,,,QSFP-100G-DR1,LC-to-LC SMF,,,,,,,,,,,,,,
LLDP:  Passed,US-PHX01,c160:465:44,t0-gg1-c4-01-r465-us-west-02b,SN4700,swp2,c160:465:43,1:B:1,QSFPDD-400G-DR4,,US-PHX01,c160:468:26,c160-r468-node-01-us-west-02b,gpu-h100-04,eth0,,,,QSFP-100G-DR1,LC-to-LC SMF,,,,,,,,,,,,,,
LLDP:  Failed,US-PHX01,c160:465:44,t0-gg1-c4-01-r465-us-west-02b,SN4700,swp2,c160:465:43,1:B:2,QSFPDD-400G-DR4,,US-PHX01,c160:468:12,c160-r468-node-02-us-west-02b,gpu-h100-04,eth0,,,,QSFP-100G-DR1,LC-to-LC SMF,,,,,,,,,,,,,,
LLDP:  Passed,US-PHX01,c160:465:44,t0-gg1-c4-01-r465-us-west-02b,SN4700,swp2,c160:465:43,1:B:3,QSFPDD-400G-DR4,,US-PHX01,c160:469:26,c160-r469-node-01-us-west-02b,gpu-h100-04,eth0,,,,QSFP-100G-DR1,LC-to-LC SMF,,,,,,,,,,,,,,
LLDP:  Passed,US-PHX01,c160:465:44,t0-gg1-c4-01-r465-us-west-02b,SN4700,swp2,c160:465:43,1:B:4,QSFPDD-400G-DR4,,US-PHX01,c160:469:12,c160-r469-node-02-us-west-02b,gpu-h100-04,eth0,,,,QSFP-100G-DR1,LC-to-LC SMF,,,,,,,,,,,,,,
LLDP:  Passed,US-PHX01,c160:465:44,t0-gg1-c4-01-r465-us-west-02b,SN4700,swp3,c160:465:43,2:A:1,QSFPDD-400G-DR4,,US-PHX01,c160:470:26,c160-r470-node-01-us-west-02b,gpu-h100-04,eth0,,,,QSFP-100G-DR1,LC-to-LC SMF,,,,,,,,,,,,,,
LLDP:  Failed,US-PHX01,c160:465:44,t0-gg1-c4-01-r465-us-west-02b,SN4700,swp3,c160:465:43,2:A:2,QSFPDD-400G-DR4,,US-PHX01,c160:470:12,c160-r470-node-02-us-west-02b,gpu-h100-04,eth0,,,,QSFP-100G-DR1,LC-to-LC SMF,,,,,,,,,,,,,,
LLDP:  Passed,US-PHX01,c160:465:44,t0-gg1-c4-01-r465-us-west-02b,SN4700,swp3,c160:465:43,2:A:3,QSFPDD-400G-DR4,,US-PHX01,c160:471:26,c160-r471-node-01-us-west-02b,gpu-h100-04,eth0,,,,QSFP-100G-DR1,LC-to-LC SMF,,,,,,,,,,,,,,
LLDP:  Passed,US-PHX01,c160:465:44,t0-gg1-c4-01-r465-us-west-02b,SN4700,swp3,c160:465:43,2:A:4,QSFPDD-400G-DR4,,US-PHX01,c160:471:12,c160-r471-node-02-us-west-02b,gpu-h100-04,eth0,,,,QSFP-100G-DR1,LC-to-LC SMF,,,,,,,,,,,,,,
LLDP:  Passed,US-PHX01,c160:465:44,t0-gg1-c4-01-r465-us-west-02b,SN4700,swp4,c160:465:43,2:B:1,QSFPDD-400G-DR4,,US-PHX01,c160:472:26,c160-r472-node-01-us-west-02b,gpu-h100-04,eth0,,,,QSFP-100G-DR1,LC-to-LC SMF,,,,,,,,,,,,,,
LLDP:  Passed,US-PHX01,c160:465:44,t0-gg1-c4-01-r465-us-west-02b,SN4700,swp4,c160:465:43,2:B:2,QSFPDD-400G-DR4,,US-PHX01,c160:472:12,c160-r472-node-02-us-west-02b,gpu-h100-04,eth0,,,,QSFP-100G-DR1,LC-to-LC SMF,,,,,,,,,,,,,,
LLDP:  Passed,US-PHX01,c160:465:44,t0-gg1-c4-01-r465-us-west-02b,SN4700,swp4,c160:465:43,2:B:3,QSFPDD-400G-DR4,,US-PHX01,c160:473:26,c160-r473-node-01-us-west-02b,gpu-h100-04,eth0,,,,QSFP-100G-DR1,LC-to-LC SMF,,,,,,,,,,,,,,
LLDP:  Passed,US-PHX01,c160:465:44,t0-gg1-c4-01-r465-us-west-02b,SN4700,swp4,c160:465:43,2:B:4,QSFPDD-400G-DR4,,US-PHX01,c160:473:12,c160-r473-node-02-us-west-02b,gpu-h100-04,eth0,,,,QSFP-100G-DR1,LC-to-LC SMF,,,,,,,,,,,,,,
LLDP:  Passed,US-PHX01,c160:465:44,t0-gg1-c4-01-r465-us-west-02b,SN4700,swp5,c160:465:43,3:A:1,QSFPDD-400G-DR4,,US-PHX01,c160:478:26,c160-r478-node-01-us-west-02b,gpu-h100-04,eth0,,,,QSFP-100G-DR1,LC-to-LC SMF,,,,,,,,,,,,,,
LLDP:  Passed,US-PHX01,c160:465:44,t0-gg1-c4-01-r465-us-west-02b,SN4700,swp5,c160:465:43,3:A:2,QSFPDD-400G-DR4,,US-PHX01,c160:478:12,c160-r478-node-02-us-west-02b,gpu-h100-04,eth0,,,,QSFP-100G-DR1,LC-to-LC SMF,,,,,,,,,,,,,,
LLDP:  Failed,US-PHX01,c160:465:44,t0-gg1-c4-01-r465-us-west-02b,SN4700,swp5,c160:465:43,3:A:3,QSFPDD-400G-DR4,,US-PHX01,c160:479:26,c160-r479-node-01-us-west-02b,gpu-h100-04,eth0,,,,QSFP-100G-DR1,LC-to-LC SMF,,,,,,,,,,,,,,
LLDP:  Passed,US-PHX01,c160:465:44,t0-gg1-c4-01-r465-us-west-02b,SN4700,swp5,c160:465:43,3:A:4,QSFPDD-400G-DR4,,US-PHX01,c160:479:12,c160-r479-node-02-us-west-02b,gpu-h100-04,eth0,,,,QSFP-100G-DR1,LC-to-LC SMF,,,,,,,,,,,,,,
LLDP:  Passed,US-PHX01,c160:465:44,t0-gg1-c4-01-r465-us-west-02b,SN4700,swp6,c160:465:43,3:B:1,QSFPDD-400G-DR4,,US-PHX01,c160:480:26,c160-r480-node-01-us-west-02b,gpu-h100-04,eth0,,,,QSFP-100G-DR1,LC-to-LC SMF,,,,,,,,,,,,,,
LLDP:  Passed,US-PHX01,c160:465:44,t0-gg1-c4-01-r465-us-west-02b,SN4700,swp6,c160:465:43,3:B:2,QSFPDD-400G-DR4,,US-PHX01,c160:480:12,c160-r480-node-02-us-west-02b,gpu-h100-04,eth0,,,,QSFP-100G-DR1,LC-to-LC SMF,,,,,,,,,,,,,,
,,,,,,,,,,,,,,,,,,,,,,,,,,,,,,,,,
,,,,,,,,,,,,,,,,,,,,,,,,,,,,,,,,,
,,,,,,,,,,,,,,,,,,,,,,,,,,,,,,,,,
LLDP:  Passed,US-PHX01,c160:465:42,t0-gg1-c4-02-r465-us-west-02b,SN4700,swp1,c160:465:41,1:A:1,QSFPDD-400G-DR4,,US-PHX01,c160:466:26,c160-r466-node-01-us-west-02b,gpu-h100-04,eth1,,,,QSFP-100G-DR1,LC-to-LC SMF,,,,,,,,,,,,,,
LLDP:  Passed,US-PHX01,c160:465:42,t0-gg1-c4-02-r465-us-west-02b,SN4700,swp1,c160:465:41,1:A:2,QSFPDD-400G-DR4,,US-PHX01,c160:466:12,c160-r466-node-02-us-west-02b,gpu-h100-04,eth1,,,,QSFP-100G-DR1,LC-to-LC SMF,,,,,,,,,,,,,,
LLDP:  Passed,US-PHX01,c160:465:42,t0-gg1-c4-02-r465-us-west-02b,SN4700,swp1,c160:465:41,1:A:3,QSFPDD-400G-DR4,,US-PHX01,c160:467:26,c160-r467-node-01-us-west-02b,gpu-h100-04,eth1,,,,QSFP-100G-DR1,LC-to-LC SMF,,,,,,,,,,,,,,
LLDP:  Passed,US-PHX01,c160:465:42,t0-gg1-c4-02-r465-us-west-02b,SN4700,swp1,c160:465:41,1:A:4,QSFPDD-400G-DR4,,US-PHX01,c160:467:12,c160-r467-node-02-us-west-02b,gpu-h100-04,eth1,,,,QSFP-100G-DR1,LC-to-LC SMF,,,,,,,,,,,,,,
LLDP:  Passed,US-PHX01,c160:465:42,t0-gg1-c4-02-r465-us-west-02b,SN4700,swp2,c160:465:41,1:B:1,QSFPDD-400G-DR4,,US-PHX01,c160:468:26,c160-r468-node-01-us-west-02b,gpu-h100-04,eth1,,,,QSFP-100G-DR1,LC-to-LC SMF,,,,,,,,,,,,,,
LLDP:  Failed,US-PHX01,c160:465:42,t0-gg1-c4-02-r465-us-west-02b,SN4700,swp2,c160:465:41,1:B:2,QSFPDD-400G-DR4,,US-PHX01,c160:468:12,c160-r468-node-02-us-west-02b,gpu-h100-04,eth1,,,,QSFP-100G-DR1,LC-to-LC SMF,,,,,,,,,,,,,,
LLDP:  Passed,US-PHX01,c160:465:42,t0-gg1-c4-02-r465-us-west-02b,SN4700,swp2,c160:465:41,1:B:3,QSFPDD-400G-DR4,,US-PHX01,c160:469:26,c160-r469-node-01-us-west-02b,gpu-h100-04,eth1,,,,QSFP-100G-DR1,LC-to-LC SMF,,,,,,,,,,,,,,
LLDP:  Passed,US-PHX01,c160:465:42,t0-gg1-c4-02-r465-us-west-02b,SN4700,swp2,c160:465:41,1:B:4,QSFPDD-400G-DR4,,US-PHX01,c160:469:12,c160-r469-node-02-us-west-02b,gpu-h100-04,eth1,,,,QSFP-100G-DR1,LC-to-LC SMF,,,,,,,,,,,,,,
LLDP:  Passed,US-PHX01,c160:465:42,t0-gg1-c4-02-r465-us-west-02b,SN4700,swp3,c160:465:41,2:A:1,QSFPDD-400G-DR4,,US-PHX01,c160:470:26,c160-r470-node-01-us-west-02b,gpu-h100-04,eth1,,,,QSFP-100G-DR1,LC-to-LC SMF,,,,,,,,,,,,,,
LLDP:  Passed,US-PHX01,c160:465:42,t0-gg1-c4-02-r465-us-west-02b,SN4700,swp3,c160:465:41,2:A:2,QSFPDD-400G-DR4,,US-PHX01,c160:470:12,c160-r470-node-02-us-west-02b,gpu-h100-04,eth1,,,,QSFP-100G-DR1,LC-to-LC SMF,,,,,,,,,,,,,,
LLDP:  Passed,US-PHX01,c160:465:42,t0-gg1-c4-02-r465-us-west-02b,SN4700,swp3,c160:465:41,2:A:3,QSFPDD-400G-DR4,,US-PHX01,c160:471:26,c160-r471-node-01-us-west-02b,gpu-h100-04,eth1,,,,QSFP-100G-DR1,LC-to-LC SMF,,,,,,,,,,,,,,
LLDP:  Passed,US-PHX01,c160:465:42,t0-gg1-c4-02-r465-us-west-02b,SN4700,swp3,c160:465:41,2:A:4,QSFPDD-400G-DR4,,US-PHX01,c160:471:12,c160-r471-node-02-us-west-02b,gpu-h100-04,eth1,,,,QSFP-100G-DR1,LC-to-LC SMF,,,,,,,,,,,,,,
LLDP:  Passed,US-PHX01,c160:465:42,t0-gg1-c4-02-r465-us-west-02b,SN4700,swp4,c160:465:41,2:B:1,QSFPDD-400G-DR4,,US-PHX01,c160:472:26,c160-r472-node-01-us-west-02b,gpu-h100-04,eth1,,,,QSFP-100G-DR1,LC-to-LC SMF,,,,,,,,,,,,,,
LLDP:  Passed,US-PHX01,c160:465:42,t0-gg1-c4-02-r465-us-west-02b,SN4700,swp4,c160:465:41,2:B:2,QSFPDD-400G-DR4,,US-PHX01,c160:472:12,c160-r472-node-02-us-west-02b,gpu-h100-04,eth1,,,,QSFP-100G-DR1,LC-to-LC SMF,,,,,,,,,,,,,,
LLDP:  Passed,US-PHX01,c160:465:42,t0-gg1-c4-02-r465-us-west-02b,SN4700,swp4,c160:465:41,2:B:3,QSFPDD-400G-DR4,,US-PHX01,c160:473:26,c160-r473-node-01-us-west-02b,gpu-h100-04,eth1,,,,QSFP-100G-DR1,LC-to-LC SMF,,,,,,,,,,,,,,
LLDP:  Passed,US-PHX01,c160:465:42,t0-gg1-c4-02-r465-us-west-02b,SN4700,swp4,c160:465:41,2:B:4,QSFPDD-400G-DR4,,US-PHX01,c160:473:12,c160-r473-node-02-us-west-02b,gpu-h100-04,eth1,,,,QSFP-100G-DR1,LC-to-LC SMF,,,,,,,,,,,,,,
Cable Is Ran: Complete,US-PHX01,c160:465:42,t0-gg1-c4-02-r465-us-west-02b,SN4700,swp5,c160:465:41,3:A:1,QSFPDD-400G-DR4,,US-PHX01,c160:478:26,c160-r478-node-01-us-west-02b,gpu-h100-04,eth1,,,,QSFP-100G-DR1,LC-to-LC SMF,,,,,,,,,,,,,,
Cable Is Ran: Complete,US-PHX01,c160:465:42,t0-gg1-c4-02-r465-us-west-02b,SN4700,swp5,c160:465:41,3:A:2,QSFPDD-400G-DR4,,US-PHX01,c160:478:12,c160-r478-node-02-us-west-02b,gpu-h100-04,eth1,,,,QSFP-100G-DR1,LC-to-LC SMF,,,,,,,,,,,,,,
Cable Is Ran: Complete,US-PHX01,c160:465:42,t0-gg1-c4-02-r465-us-west-02b,SN4700,swp5,c160:465:41,3:A:3,QSFPDD-400G-DR4,,US-PHX01,c160:479:26,c160-r479-node-01-us-west-02b,gpu-h100-04,eth1,,,,QSFP-100G-DR1,LC-to-LC SMF,,,,,,,,,,,,,,
Cable Is Ran: Complete,US-PHX01,c160:465:42,t0-gg1-c4-02-r465-us-west-02b,SN4700,swp5,c160:465:41,3:A:4,QSFPDD-400G-DR4,,US-PHX01,c160:479:12,c160-r479-node-02-us-west-02b,gpu-h100-04,eth1,,,,QSFP-100G-DR1,LC-to-LC SMF,,,,,,,,,,,,,,
Cable Is Ran: Complete,US-PHX01,c160:465:42,t0-gg1-c4-02-r465-us-west-02b,SN4700,swp6,c160:465:41,3:B:1,QSFPDD-400G-DR4,,US-PHX01,c160:480:26,c160-r480-node-01-us-west-02b,gpu-h100-04,eth1,,,,QSFP-100G-DR1,LC-to-LC SMF,,,,,,,,,,,,,,
Cable Is Ran: Complete,US-PHX01,c160:465:42,t0-gg1-c4-02-r465-us-west-02b,SN4700,swp6,c160:465:41,3:B:2,QSFPDD-400G-DR4,,US-PHX01,c160:480:12,c160-r480-node-02-us-west-02b,gpu-h100-04,eth1,,,,QSFP-100G-DR1,LC-to-LC SMF,,,,,,,,,,,,,,
,,,,,,,,,,,,,,,,,,,,,,,,,,,,,,,,,
,,,,,,,,,,,,,,,,,,,,,,,,,,,,,,,,,
,,,,,,,,,,,,,,,,,,,,,,,,,,,,,,,,,
,,,,,,,,,,,,,,,,,,,,,,,,,,,,,,,,,
LLDP:  Passed,US-PHX01,c160:465:39,ipmi-gg1-c4-r465-us-west-02b,SN2201,swp1,,,,,US-PHX01,c160:466:26,c160-r466-node-01-us-west-02b,gpu-h100-04,ipmi,,,,,CAT6a,,,,,,,,,,,,,,
LLDP:  Passed,US-PHX01,c160:465:39,ipmi-gg1-c4-r465-us-west-02b,SN2201,swp2,,,,,US-PHX01,c160:466:12,c160-r466-node-02-us-west-02b,gpu-h100-04,ipmi,,,,,CAT6a,,,,,,,,,,,,,,
LLDP:  Passed,US-PHX01,c160:465:39,ipmi-gg1-c4-r465-us-west-02b,SN2201,swp3,,,,,US-PHX01,c160:467:26,c160-r467-node-01-us-west-02b,gpu-h100-04,ipmi,,,,,CAT6a,,,,,,,,,,,,,,
LLDP:  Passed,US-PHX01,c160:465:39,ipmi-gg1-c4-r465-us-west-02b,SN2201,swp4,,,,,US-PHX01,c160:467:12,c160-r467-node-02-us-west-02b,gpu-h100-04,ipmi,,,,,CAT6a,,,,,,,,,,,,,,
LLDP:  Passed,US-PHX01,c160:465:39,ipmi-gg1-c4-r465-us-west-02b,SN2201,swp5,,,,,US-PHX01,c160:468:26,c160-r468-node-01-us-west-02b,gpu-h100-04,ipmi,,,,,CAT6a,,,,,,,,,,,,,,
LLDP:  Passed,US-PHX01,c160:465:39,ipmi-gg1-c4-r465-us-west-02b,SN2201,swp6,,,,,US-PHX01,c160:468:12,c160-r468-node-02-us-west-02b,gpu-h100-04,ipmi,,,,,CAT6a,,,,,,,,,,,,,,
LLDP:  Passed,US-PHX01,c160:465:39,ipmi-gg1-c4-r465-us-west-02b,SN2201,swp7,,,,,US-PHX01,c160:469:26,c160-r469-node-01-us-west-02b,gpu-h100-04,ipmi,,,,,CAT6a,,,,,,,,,,,,,,
LLDP:  Passed,US-PHX01,c160:465:39,ipmi-gg1-c4-r465-us-west-02b,SN2201,swp8,,,,,US-PHX01,c160:469:12,c160-r469-node-02-us-west-02b,gpu-h100-04,ipmi,,,,,CAT6a,,,,,,,,,,,,,,
LLDP:  Passed,US-PHX01,c160:465:39,ipmi-gg1-c4-r465-us-west-02b,SN2201,swp9,,,,,US-PHX01,c160:470:26,c160-r470-node-01-us-west-02b,gpu-h100-04,ipmi,,,,,CAT6a,,,,,,,,,,,,,,
LLDP:  Passed,US-PHX01,c160:465:39,ipmi-gg1-c4-r465-us-west-02b,SN2201,swp10,,,,,US-PHX01,c160:470:12,c160-r470-node-02-us-west-02b,gpu-h100-04,ipmi,,,,,CAT6a,,,,,,,,,,,,,,
LLDP:  Passed,US-PHX01,c160:465:39,ipmi-gg1-c4-r465-us-west-02b,SN2201,swp11,,,,,US-PHX01,c160:471:26,c160-r471-node-01-us-west-02b,gpu-h100-04,ipmi,,,,,CAT6a,,,,,,,,,,,,,,
LLDP:  Passed,US-PHX01,c160:465:39,ipmi-gg1-c4-r465-us-west-02b,SN2201,swp12,,,,,US-PHX01,c160:471:12,c160-r471-node-02-us-west-02b,gpu-h100-04,ipmi,,,,,CAT6a,,,,,,,,,,,,,,
LLDP:  Passed,US-PHX01,c160:465:39,ipmi-gg1-c4-r465-us-west-02b,SN2201,swp13,,,,,US-PHX01,c160:472:26,c160-r472-node-01-us-west-02b,gpu-h100-04,ipmi,,,,,CAT6a,,,,,,,,,,,,,,
LLDP:  Passed,US-PHX01,c160:465:39,ipmi-gg1-c4-r465-us-west-02b,SN2201,swp14,,,,,US-PHX01,c160:472:12,c160-r472-node-02-us-west-02b,gpu-h100-04,ipmi,,,,,CAT6a,,,,,,,,,,,,,,
LLDP:  Passed,US-PHX01,c160:465:39,ipmi-gg1-c4-r465-us-west-02b,SN2201,swp15,,,,,US-PHX01,c160:473:26,c160-r473-node-01-us-west-02b,gpu-h100-04,ipmi,,,,,CAT6a,,,,,,,,,,,,,,
LLDP:  Passed,US-PHX01,c160:465:39,ipmi-gg1-c4-r465-us-west-02b,SN2201,swp16,,,,,US-PHX01,c160:473:12,c160-r473-node-02-us-west-02b,gpu-h100-04,ipmi,,,,,CAT6a,,,,,,,,,,,,,,
LLDP:  Passed,US-PHX01,c160:465:39,ipmi-gg1-c4-r465-us-west-02b,SN2201,swp17,,,,,US-PHX01,c160:478:26,c160-r478-node-01-us-west-02b,gpu-h100-04,ipmi,,,,,CAT6a,,,,,,,,,,,,,,
LLDP:  Passed,US-PHX01,c160:465:39,ipmi-gg1-c4-r465-us-west-02b,SN2201,swp18,,,,,US-PHX01,c160:478:12,c160-r478-node-02-us-west-02b,gpu-h100-04,ipmi,,,,,CAT6a,,,,,,,,,,,,,,
LLDP:  Passed,US-PHX01,c160:465:39,ipmi-gg1-c4-r465-us-west-02b,SN2201,swp19,,,,,US-PHX01,c160:479:26,c160-r479-node-01-us-west-02b,gpu-h100-04,ipmi,,,,,CAT6a,,,,,,,,,,,,,,
LLDP:  Passed,US-PHX01,c160:465:39,ipmi-gg1-c4-r465-us-west-02b,SN2201,swp20,,,,,US-PHX01,c160:479:12,c160-r479-node-02-us-west-02b,gpu-h100-04,ipmi,,,,,CAT6a,,,,,,,,,,,,,,
LLDP:  Passed,US-PHX01,c160:465:39,ipmi-gg1-c4-r465-us-west-02b,SN2201,swp21,,,,,US-PHX01,c160:480:26,c160-r480-node-01-us-west-02b,gpu-h100-04,ipmi,,,,,CAT6a,,,,,,,,,,,,,,
LLDP:  Passed,US-PHX01,c160:465:39,ipmi-gg1-c4-r465-us-west-02b,SN2201,swp22,,,,,US-PHX01,c160:480:12,c160-r480-node-02-us-west-02b,gpu-h100-04,ipmi,,,,,CAT6a,,,,,,,,,,,,,,
,,,,,,,,,,,,,,,,,,,,,,,,,,,,,,,,,
,,,,,,,,,,,,,,,,,,,,,,,,,,,,,,,,,
,,,,,,,,,,,,,,,,,,,,,,,,,,,,,,,,,
,,,,,,,,,,,,,,,,,,,,,,,,,,,,,,,,,
,,,,,,,,,,,,,,,,,,,,,,,,,,,,,,,,,
LLDP:  Passed,US-PHX01,c160:465:37,dpu-gg1-c4-r465-us-west-02b,SN2201,swp1,,,,,US-PHX01,c160:466:26,c160-r466-node-01-us-west-02b,gpu-h100-04,dpu,,,,,CAT6a,,,,,,,,,,,,,,
LLDP:  Passed,US-PHX01,c160:465:37,dpu-gg1-c4-r465-us-west-02b,SN2201,swp2,,,,,US-PHX01,c160:466:12,c160-r466-node-02-us-west-02b,gpu-h100-04,dpu,,,,,CAT6a,,,,,,,,,,,,,,
LLDP:  Passed,US-PHX01,c160:465:37,dpu-gg1-c4-r465-us-west-02b,SN2201,swp3,,,,,US-PHX01,c160:467:26,c160-r467-node-01-us-west-02b,gpu-h100-04,dpu,,,,,CAT6a,,,,,,,,,,,,,,
LLDP:  Passed,US-PHX01,c160:465:37,dpu-gg1-c4-r465-us-west-02b,SN2201,swp4,,,,,US-PHX01,c160:467:12,c160-r467-node-02-us-west-02b,gpu-h100-04,dpu,,,,,CAT6a,,,,,,,,,,,,,,
LLDP:  Passed,US-PHX01,c160:465:37,dpu-gg1-c4-r465-us-west-02b,SN2201,swp5,,,,,US-PHX01,c160:468:26,c160-r468-node-01-us-west-02b,gpu-h100-04,dpu,,,,,CAT6a,,,,,,,,,,,,,,
LLDP:  Failed,US-PHX01,c160:465:37,dpu-gg1-c4-r465-us-west-02b,SN2201,swp6,,,,,US-PHX01,c160:468:12,c160-r468-node-02-us-west-02b,gpu-h100-04,dpu,,,,,CAT6a,,,,,,,,,,,,,,
LLDP:  Passed,US-PHX01,c160:465:37,dpu-gg1-c4-r465-us-west-02b,SN2201,swp7,,,,,US-PHX01,c160:469:26,c160-r469-node-01-us-west-02b,gpu-h100-04,dpu,,,,,CAT6a,,,,,,,,,,,,,,
LLDP:  Passed,US-PHX01,c160:465:37,dpu-gg1-c4-r465-us-west-02b,SN2201,swp8,,,,,US-PHX01,c160:469:12,c160-r469-node-02-us-west-02b,gpu-h100-04,dpu,,,,,CAT6a,,,,,,,,,,,,,,
LLDP:  Passed,US-PHX01,c160:465:37,dpu-gg1-c4-r465-us-west-02b,SN2201,swp9,,,,,US-PHX01,c160:470:26,c160-r470-node-01-us-west-02b,gpu-h100-04,dpu,,,,,CAT6a,,,,,,,,,,,,,,
LLDP:  Passed,US-PHX01,c160:465:37,dpu-gg1-c4-r465-us-west-02b,SN2201,swp10,,,,,US-PHX01,c160:470:12,c160-r470-node-02-us-west-02b,gpu-h100-04,dpu,,,,,CAT6a,,,,,,,,,,,,,,
LLDP:  Passed,US-PHX01,c160:465:37,dpu-gg1-c4-r465-us-west-02b,SN2201,swp11,,,,,US-PHX01,c160:471:26,c160-r471-node-01-us-west-02b,gpu-h100-04,dpu,,,,,CAT6a,,,,,,,,,,,,,,
LLDP:  Passed,US-PHX01,c160:465:37,dpu-gg1-c4-r465-us-west-02b,SN2201,swp12,,,,,US-PHX01,c160:471:12,c160-r471-node-02-us-west-02b,gpu-h100-04,dpu,,,,,CAT6a,,,,,,,,,,,,,,
LLDP:  Passed,US-PHX01,c160:465:37,dpu-gg1-c4-r465-us-west-02b,SN2201,swp13,,,,,US-PHX01,c160:472:26,c160-r472-node-01-us-west-02b,gpu-h100-04,dpu,,,,,CAT6a,,,,,,,,,,,,,,
LLDP:  Passed,US-PHX01,c160:465:37,dpu-gg1-c4-r465-us-west-02b,SN2201,swp14,,,,,US-PHX01,c160:472:12,c160-r472-node-02-us-west-02b,gpu-h100-04,dpu,,,,,CAT6a,,,,,,,,,,,,,,
LLDP:  Passed,US-PHX01,c160:465:37,dpu-gg1-c4-r465-us-west-02b,SN2201,swp15,,,,,US-PHX01,c160:473:26,c160-r473-node-01-us-west-02b,gpu-h100-04,dpu,,,,,CAT6a,,,,,,,,,,,,,,
LLDP:  Passed,US-PHX01,c160:465:37,dpu-gg1-c4-r465-us-west-02b,SN2201,swp16,,,,,US-PHX01,c160:473:12,c160-r473-node-02-us-west-02b,gpu-h100-04,dpu,,,,,CAT6a,,,,,,,,,,,,,,
LLDP:  Passed,US-PHX01,c160:465:37,dpu-gg1-c4-r465-us-west-02b,SN2201,swp17,,,,,US-PHX01,c160:478:26,c160-r478-node-01-us-west-02b,gpu-h100-04,dpu,,,,,CAT6a,,,,,,,,,,,,,,
LLDP:  Passed,US-PHX01,c160:465:37,dpu-gg1-c4-r465-us-west-02b,SN2201,swp18,,,,,US-PHX01,c160:478:12,c160-r478-node-02-us-west-02b,gpu-h100-04,dpu,,,,,CAT6a,,,,,,,,,,,,,,
LLDP:  Failed,US-PHX01,c160:465:37,dpu-gg1-c4-r465-us-west-02b,SN2201,swp19,,,,,US-PHX01,c160:479:26,c160-r479-node-01-us-west-02b,gpu-h100-04,dpu,,,,,CAT6a,,,,,,,,,,,,,,
LLDP:  Passed,US-PHX01,c160:465:37,dpu-gg1-c4-r465-us-west-02b,SN2201,swp20,,,,,US-PHX01,c160:479:12,c160-r479-node-02-us-west-02b,gpu-h100-04,dpu,,,,,CAT6a,,,,,,,,,,,,,,
LLDP:  Passed,US-PHX01,c160:465:37,dpu-gg1-c4-r465-us-west-02b,SN2201,swp21,,,,,US-PHX01,c160:480:26,c160-r480-node-01-us-west-02b,gpu-h100-04,dpu,,,,,CAT6a,,,,,,,,,,,,,,
LLDP:  Passed,US-PHX01,c160:465:37,dpu-gg1-c4-r465-us-west-02b,SN2201,swp22,,,,,US-PHX01,c160:480:12,c160-r480-node-02-us-west-02b,gpu-h100-04,dpu,,,,,CAT6a,,,,,,,,,,,,,,
,,,,,,,,,,,,,,,,,,,,,,,,,,,,,,,,,
,,,,,,,,,,,,,,,,,,,,,,,,,,,,,,,,,
,,,,,,,,,,,,,,,,,,,,,,,,,,,,,,,,,
,,,,,,,,,,,,,,,,,,,,,,,,,,,,,,,,,
,,,,,,,,,,,,,,,,,,,,,,,,,,,,,,,,,
,,,,,,,,,,,,,,,,,,,,,,,,,,,,,,,,,
,,,,,,,,,,,,,,,,,,,,,,,,,,,,,,,,,
C160 :: ROW-31 :: H100's,,,,,,,,,,,,,,,,,,,,,,,,,,,,,,,,,
LLDP:  Passed,US-PHX01,c160:481:42,t0-gg1-c4-01-r481-us-west-02b,SN4700,swp1,c1260:011:41,1:A:1,QSFPDD-400G-DR4,,US-PHX01,c160:482:26,c160-r482-node-01-us-west-02b,gpu-h100-04,eth0,,,,QSFP-100G-DR1,LC-to-LC SMF,,,,,,,,,,,,,,
LLDP:  Passed,US-PHX01,c160:481:42,t0-gg1-c4-01-r481-us-west-02b,SN4700,swp1,c1260:011:41,1:A:2,QSFPDD-400G-DR4,,US-PHX01,c160:482:12,c160-r482-node-02-us-west-02b,gpu-h100-04,eth0,,,,QSFP-100G-DR1,LC-to-LC SMF,,,,,,,,,,,,,,
LLDP:  Passed,US-PHX01,c160:481:42,t0-gg1-c4-01-r481-us-west-02b,SN4700,swp1,c1260:011:41,1:A:3,QSFPDD-400G-DR4,,US-PHX01,c160:483:26,c160-r483-node-01-us-west-02b,gpu-h100-04,eth0,,,,QSFP-100G-DR1,LC-to-LC SMF,,,,,,,,,,,,,,
LLDP:  Failed,US-PHX01,c160:481:42,t0-gg1-c4-01-r481-us-west-02b,SN4700,swp1,c1260:011:41,1:A:4,QSFPDD-400G-DR4,,US-PHX01,c160:483:12,c160-r483-node-02-us-west-02b,gpu-h100-04,eth0,,,,QSFP-100G-DR1,LC-to-LC SMF,,,,,,,,,,,,,,
LLDP:  Passed,US-PHX01,c160:481:42,t0-gg1-c4-01-r481-us-west-02b,SN4700,swp2,c1260:011:41,1:B:1,QSFPDD-400G-DR4,,US-PHX01,c160:484:26,c160-r484-node-01-us-west-02b,gpu-h100-04,eth0,,,,QSFP-100G-DR1,LC-to-LC SMF,,,,,,,,,,,,,,
LLDP:  Passed,US-PHX01,c160:481:42,t0-gg1-c4-01-r481-us-west-02b,SN4700,swp2,c1260:011:41,1:B:2,QSFPDD-400G-DR4,,US-PHX01,c160:484:12,c160-r484-node-02-us-west-02b,gpu-h100-04,eth0,,,,QSFP-100G-DR1,LC-to-LC SMF,,,,,,,,,,,,,,
LLDP:  Passed,US-PHX01,c160:481:42,t0-gg1-c4-01-r481-us-west-02b,SN4700,swp2,c1260:011:41,1:B:3,QSFPDD-400G-DR4,,US-PHX01,c160:485:26,c160-r485-node-01-us-west-02b,gpu-h100-04,eth0,,,,QSFP-100G-DR1,LC-to-LC SMF,,,,,,,,,,,,,,
LLDP:  Passed,US-PHX01,c160:481:42,t0-gg1-c4-01-r481-us-west-02b,SN4700,swp2,c1260:011:41,1:B:4,QSFPDD-400G-DR4,,US-PHX01,c160:485:12,c160-r485-node-02-us-west-02b,gpu-h100-04,eth0,,,,QSFP-100G-DR1,LC-to-LC SMF,,,,,,,,,,,,,,
LLDP:  Passed,US-PHX01,c160:481:42,t0-gg1-c4-01-r481-us-west-02b,SN4700,swp3,c1260:011:41,2:A:1,QSFPDD-400G-DR4,,US-PHX01,c160:486:26,c160-r486-node-01-us-west-02b,gpu-h100-04,eth0,,,,QSFP-100G-DR1,LC-to-LC SMF,,,,,,,,,,,,,,
LLDP:  Failed,US-PHX01,c160:481:42,t0-gg1-c4-01-r481-us-west-02b,SN4700,swp3,c1260:011:41,2:A:2,QSFPDD-400G-DR4,,US-PHX01,c160:486:12,c160-r486-node-02-us-west-02b,gpu-h100-04,eth0,,,,QSFP-100G-DR1,LC-to-LC SMF,,,,,,,,,,,,,,
LLDP:  Passed,US-PHX01,c160:481:42,t0-gg1-c4-01-r481-us-west-02b,SN4700,swp3,c1260:011:41,2:A:3,QSFPDD-400G-DR4,,US-PHX01,c160:487:26,c160-r487-node-01-us-west-02b,gpu-h100-04,eth0,,,,QSFP-100G-DR1,LC-to-LC SMF,,,,,,,,,,,,,,
LLDP:  Passed,US-PHX01,c160:481:42,t0-gg1-c4-01-r481-us-west-02b,SN4700,swp3,c1260:011:41,2:A:4,QSFPDD-400G-DR4,,US-PHX01,c160:487:12,c160-r487-node-02-us-west-02b,gpu-h100-04,eth0,,,,QSFP-100G-DR1,LC-to-LC SMF,,,,,,,,,,,,,,
LLDP:  Passed,US-PHX01,c160:481:42,t0-gg1-c4-01-r481-us-west-02b,SN4700,swp4,c1260:011:41,2:B:1,QSFPDD-400G-DR4,,US-PHX01,c160:488:26,c160-r488-node-01-us-west-02b,gpu-h100-04,eth0,,,,QSFP-100G-DR1,LC-to-LC SMF,,,,,,,,,,,,,,
LLDP:  Passed,US-PHX01,c160:481:42,t0-gg1-c4-01-r481-us-west-02b,SN4700,swp4,c1260:011:41,2:B:2,QSFPDD-400G-DR4,,US-PHX01,c160:488:12,c160-r488-node-02-us-west-02b,gpu-h100-04,eth0,,,,QSFP-100G-DR1,LC-to-LC SMF,,,,,,,,,,,,,,
LLDP:  Passed,US-PHX01,c160:481:42,t0-gg1-c4-01-r481-us-west-02b,SN4700,swp4,c1260:011:41,2:B:3,QSFPDD-400G-DR4,,US-PHX01,c160:489:26,c160-r489-node-01-us-west-02b,gpu-h100-04,eth0,,,,QSFP-100G-DR1,LC-to-LC SMF,,,,,,,,,,,,,,
LLDP:  Passed,US-PHX01,c160:481:42,t0-gg1-c4-01-r481-us-west-02b,SN4700,swp4,c1260:011:41,2:B:4,QSFPDD-400G-DR4,,US-PHX01,c160:489:12,c160-r489-node-02-us-west-02b,gpu-h100-04,eth0,,,,QSFP-100G-DR1,LC-to-LC SMF,,,,,,,,,,,,,,
,,,,,,,,,,,,,,,,,,,,,,,,,,,,,,,,,
LLDP:  Passed,US-PHX01,c160:481:40,t0-gg1-c4-02-r481-us-west-02b,SN4700,swp1,c1260:011:39,1:A:1,QSFPDD-400G-DR4,,US-PHX01,c160:482:26,c160-r482-node-01-us-west-02b,gpu-h100-04,eth1,,,,QSFP-100G-DR1,LC-to-LC SMF,,,,,,,,,,,,,,
LLDP:  Passed,US-PHX01,c160:481:40,t0-gg1-c4-02-r481-us-west-02b,SN4700,swp1,c1260:011:39,1:A:2,QSFPDD-400G-DR4,,US-PHX01,c160:482:12,c160-r482-node-02-us-west-02b,gpu-h100-04,eth1,,,,QSFP-100G-DR1,LC-to-LC SMF,,,,,,,,,,,,,,
LLDP:  Passed,US-PHX01,c160:481:40,t0-gg1-c4-02-r481-us-west-02b,SN4700,swp1,c1260:011:39,1:A:3,QSFPDD-400G-DR4,,US-PHX01,c160:483:26,c160-r483-node-01-us-west-02b,gpu-h100-04,eth1,,,,QSFP-100G-DR1,LC-to-LC SMF,,,,,,,,,,,,,,
LLDP:  Passed,US-PHX01,c160:481:40,t0-gg1-c4-02-r481-us-west-02b,SN4700,swp1,c1260:011:39,1:A:4,QSFPDD-400G-DR4,,US-PHX01,c160:483:12,c160-r483-node-02-us-west-02b,gpu-h100-04,eth1,,,,QSFP-100G-DR1,LC-to-LC SMF,,,,,,,,,,,,,,
LLDP:  Passed,US-PHX01,c160:481:40,t0-gg1-c4-02-r481-us-west-02b,SN4700,swp2,c1260:011:39,1:B:1,QSFPDD-400G-DR4,,US-PHX01,c160:484:26,c160-r484-node-01-us-west-02b,gpu-h100-04,eth1,,,,QSFP-100G-DR1,LC-to-LC SMF,,,,,,,,,,,,,,
LLDP:  Passed,US-PHX01,c160:481:40,t0-gg1-c4-02-r481-us-west-02b,SN4700,swp2,c1260:011:39,1:B:2,QSFPDD-400G-DR4,,US-PHX01,c160:484:12,c160-r484-node-02-us-west-02b,gpu-h100-04,eth1,,,,QSFP-100G-DR1,LC-to-LC SMF,,,,,,,,,,,,,,
LLDP:  Passed,US-PHX01,c160:481:40,t0-gg1-c4-02-r481-us-west-02b,SN4700,swp2,c1260:011:39,1:B:3,QSFPDD-400G-DR4,,US-PHX01,c160:485:26,c160-r485-node-01-us-west-02b,gpu-h100-04,eth1,,,,QSFP-100G-DR1,LC-to-LC SMF,,,,,,,,,,,,,,
LLDP:  Passed,US-PHX01,c160:481:40,t0-gg1-c4-02-r481-us-west-02b,SN4700,swp2,c1260:011:39,1:B:4,QSFPDD-400G-DR4,,US-PHX01,c160:485:12,c160-r485-node-02-us-west-02b,gpu-h100-04,eth1,,,,QSFP-100G-DR1,LC-to-LC SMF,,,,,,,,,,,,,,
LLDP:  Passed,US-PHX01,c160:481:40,t0-gg1-c4-02-r481-us-west-02b,SN4700,swp3,c1260:011:39,2:A:1,QSFPDD-400G-DR4,,US-PHX01,c160:486:26,c160-r486-node-01-us-west-02b,gpu-h100-04,eth1,,,,QSFP-100G-DR1,LC-to-LC SMF,,,,,,,,,,,,,,
LLDP:  Failed,US-PHX01,c160:481:40,t0-gg1-c4-02-r481-us-west-02b,SN4700,swp3,c1260:011:39,2:A:2,QSFPDD-400G-DR4,,US-PHX01,c160:486:12,c160-r486-node-02-us-west-02b,gpu-h100-04,eth1,,,,QSFP-100G-DR1,LC-to-LC SMF,,,,,,,,,,,,,,
LLDP:  Passed,US-PHX01,c160:481:40,t0-gg1-c4-02-r481-us-west-02b,SN4700,swp3,c1260:011:39,2:A:3,QSFPDD-400G-DR4,,US-PHX01,c160:487:26,c160-r487-node-01-us-west-02b,gpu-h100-04,eth1,,,,QSFP-100G-DR1,LC-to-LC SMF,,,,,,,,,,,,,,
LLDP:  Passed,US-PHX01,c160:481:40,t0-gg1-c4-02-r481-us-west-02b,SN4700,swp3,c1260:011:39,2:A:4,QSFPDD-400G-DR4,,US-PHX01,c160:487:12,c160-r487-node-02-us-west-02b,gpu-h100-04,eth1,,,,QSFP-100G-DR1,LC-to-LC SMF,,,,,,,,,,,,,,
LLDP:  Passed,US-PHX01,c160:481:40,t0-gg1-c4-02-r481-us-west-02b,SN4700,swp4,c1260:011:39,2:B:1,QSFPDD-400G-DR4,,US-PHX01,c160:488:26,c160-r488-node-01-us-west-02b,gpu-h100-04,eth1,,,,QSFP-100G-DR1,LC-to-LC SMF,,,,,,,,,,,,,,
LLDP:  Passed,US-PHX01,c160:481:40,t0-gg1-c4-02-r481-us-west-02b,SN4700,swp4,c1260:011:39,2:B:2,QSFPDD-400G-DR4,,US-PHX01,c160:488:12,c160-r488-node-02-us-west-02b,gpu-h100-04,eth1,,,,QSFP-100G-DR1,LC-to-LC SMF,,,,,,,,,,,,,,
LLDP:  Passed,US-PHX01,c160:481:40,t0-gg1-c4-02-r481-us-west-02b,SN4700,swp4,c1260:011:39,2:B:3,QSFPDD-400G-DR4,,US-PHX01,c160:489:26,c160-r489-node-01-us-west-02b,gpu-h100-04,eth1,,,,QSFP-100G-DR1,LC-to-LC SMF,,,,,,,,,,,,,,
LLDP:  Passed,US-PHX01,c160:481:40,t0-gg1-c4-02-r481-us-west-02b,SN4700,swp4,c1260:011:39,2:B:4,QSFPDD-400G-DR4,,US-PHX01,c160:489:12,c160-r489-node-02-us-west-02b,gpu-h100-04,eth1,,,,QSFP-100G-DR1,LC-to-LC SMF,,,,,,,,,,,,,,
,,,,,,,,,,,,,,,,,,,,,,,,,,,,,,,,,
LLDP:  Passed,US-PHX01,c160:481:18,ipmi-gg1-c4-r481-us-west-02b,SN2201,swp1,,,,,US-PHX01,c160:482:26,c160-r482-node-01-us-west-02b,gpu-h100-04,ipmi,,,,,CAT6a,,,,,,,,,,,,,,
LLDP:  Passed,US-PHX01,c160:481:18,ipmi-gg1-c4-r481-us-west-02b,SN2201,swp2,,,,,US-PHX01,c160:482:12,c160-r482-node-02-us-west-02b,gpu-h100-04,ipmi,,,,,CAT6a,,,,,,,,,,,,,,
LLDP:  Passed,US-PHX01,c160:481:18,ipmi-gg1-c4-r481-us-west-02b,SN2201,swp3,,,,,US-PHX01,c160:483:26,c160-r483-node-01-us-west-02b,gpu-h100-04,ipmi,,,,,CAT6a,,,,,,,,,,,,,,
LLDP:  Passed,US-PHX01,c160:481:18,ipmi-gg1-c4-r481-us-west-02b,SN2201,swp4,,,,,US-PHX01,c160:483:12,c160-r483-node-02-us-west-02b,gpu-h100-04,ipmi,,,,,CAT6a,,,,,,,,,,,,,,
LLDP:  Passed,US-PHX01,c160:481:18,ipmi-gg1-c4-r481-us-west-02b,SN2201,swp5,,,,,US-PHX01,c160:484:26,c160-r484-node-01-us-west-02b,gpu-h100-04,ipmi,,,,,CAT6a,,,,,,,,,,,,,,
LLDP:  Passed,US-PHX01,c160:481:18,ipmi-gg1-c4-r481-us-west-02b,SN2201,swp6,,,,,US-PHX01,c160:484:12,c160-r484-node-02-us-west-02b,gpu-h100-04,ipmi,,,,,CAT6a,,,,,,,,,,,,,,
LLDP:  Passed,US-PHX01,c160:481:18,ipmi-gg1-c4-r481-us-west-02b,SN2201,swp7,,,,,US-PHX01,c160:485:26,c160-r485-node-01-us-west-02b,gpu-h100-04,ipmi,,,,,CAT6a,,,,,,,,,,,,,,
LLDP:  Passed,US-PHX01,c160:481:18,ipmi-gg1-c4-r481-us-west-02b,SN2201,swp8,,,,,US-PHX01,c160:485:12,c160-r485-node-02-us-west-02b,gpu-h100-04,ipmi,,,,,CAT6a,,,,,,,,,,,,,,
LLDP:  Passed,US-PHX01,c160:481:18,ipmi-gg1-c4-r481-us-west-02b,SN2201,swp9,,,,,US-PHX01,c160:486:26,c160-r486-node-01-us-west-02b,gpu-h100-04,ipmi,,,,,CAT6a,,,,,,,,,,,,,,
LLDP:  Failed,US-PHX01,c160:481:18,ipmi-gg1-c4-r481-us-west-02b,SN2201,swp10,,,,,US-PHX01,c160:486:12,c160-r486-node-02-us-west-02b,gpu-h100-04,ipmi,,,,,CAT6a,,,,,,,,,,,,,,
LLDP:  Passed,US-PHX01,c160:481:18,ipmi-gg1-c4-r481-us-west-02b,SN2201,swp11,,,,,US-PHX01,c160:487:26,c160-r487-node-01-us-west-02b,gpu-h100-04,ipmi,,,,,CAT6a,,,,,,,,,,,,,,
LLDP:  Passed,US-PHX01,c160:481:18,ipmi-gg1-c4-r481-us-west-02b,SN2201,swp12,,,,,US-PHX01,c160:487:12,c160-r487-node-02-us-west-02b,gpu-h100-04,ipmi,,,,,CAT6a,,,,,,,,,,,,,,
LLDP:  Passed,US-PHX01,c160:481:18,ipmi-gg1-c4-r481-us-west-02b,SN2201,swp13,,,,,US-PHX01,c160:488:26,c160-r488-node-01-us-west-02b,gpu-h100-04,ipmi,,,,,CAT6a,,,,,,,,,,,,,,
LLDP:  Passed,US-PHX01,c160:481:18,ipmi-gg1-c4-r481-us-west-02b,SN2201,swp14,,,,,US-PHX01,c160:488:12,c160-r488-node-02-us-west-02b,gpu-h100-04,ipmi,,,,,CAT6a,,,,,,,,,,,,,,
LLDP:  Passed,US-PHX01,c160:481:18,ipmi-gg1-c4-r481-us-west-02b,SN2201,swp15,,,,,US-PHX01,c160:489:26,c160-r489-node-01-us-west-02b,gpu-h100-04,ipmi,,,,,CAT6a,,,,,,,,,,,,,,
LLDP:  Passed,US-PHX01,c160:481:18,ipmi-gg1-c4-r481-us-west-02b,SN2201,swp16,,,,,US-PHX01,c160:489:12,c160-r489-node-02-us-west-02b,gpu-h100-04,ipmi,,,,,CAT6a,,,,,,,,,,,,,,
,,,,,,,,,,,,,,,,,,,,,,,,,,,,,,,,,
LLDP:  Passed,US-PHX01,c160:481:16,dpu-gg1-c4-r481-us-west-02b,SN2201,swp1,,,,,US-PHX01,c160:482:26,c160-r482-node-01-us-west-02b,gpu-h100-04,dpu,,,,,CAT6a,,,,,,,,,,,,,,
LLDP:  Passed,US-PHX01,c160:481:16,dpu-gg1-c4-r481-us-west-02b,SN2201,swp2,,,,,US-PHX01,c160:482:12,c160-r482-node-02-us-west-02b,gpu-h100-04,dpu,,,,,CAT6a,,,,,,,,,,,,,,
LLDP:  Passed,US-PHX01,c160:481:16,dpu-gg1-c4-r481-us-west-02b,SN2201,swp3,,,,,US-PHX01,c160:483:26,c160-r483-node-01-us-west-02b,gpu-h100-04,dpu,,,,,CAT6a,,,,,,,,,,,,,,
LLDP:  Passed,US-PHX01,c160:481:16,dpu-gg1-c4-r481-us-west-02b,SN2201,swp4,,,,,US-PHX01,c160:483:12,c160-r483-node-02-us-west-02b,gpu-h100-04,dpu,,,,,CAT6a,,,,,,,,,,,,,,
LLDP:  Passed,US-PHX01,c160:481:16,dpu-gg1-c4-r481-us-west-02b,SN2201,swp5,,,,,US-PHX01,c160:484:26,c160-r484-node-01-us-west-02b,gpu-h100-04,dpu,,,,,CAT6a,,,,,,,,,,,,,,
LLDP:  Passed,US-PHX01,c160:481:16,dpu-gg1-c4-r481-us-west-02b,SN2201,swp6,,,,,US-PHX01,c160:484:12,c160-r484-node-02-us-west-02b,gpu-h100-04,dpu,,,,,CAT6a,,,,,,,,,,,,,,
LLDP:  Passed,US-PHX01,c160:481:16,dpu-gg1-c4-r481-us-west-02b,SN2201,swp7,,,,,US-PHX01,c160:485:26,c160-r485-node-01-us-west-02b,gpu-h100-04,dpu,,,,,CAT6a,,,,,,,,,,,,,,
LLDP:  Passed,US-PHX01,c160:481:16,dpu-gg1-c4-r481-us-west-02b,SN2201,swp8,,,,,US-PHX01,c160:485:12,c160-r485-node-02-us-west-02b,gpu-h100-04,dpu,,,,,CAT6a,,,,,,,,,,,,,,
LLDP:  Passed,US-PHX01,c160:481:16,dpu-gg1-c4-r481-us-west-02b,SN2201,swp9,,,,,US-PHX01,c160:486:26,c160-r486-node-01-us-west-02b,gpu-h100-04,dpu,,,,,CAT6a,,,,,,,,,,,,,,
LLDP:  Failed,US-PHX01,c160:481:16,dpu-gg1-c4-r481-us-west-02b,SN2201,swp10,,,,,US-PHX01,c160:486:12,c160-r486-node-02-us-west-02b,gpu-h100-04,dpu,,,,,CAT6a,,,,,,,,,,,,,,
LLDP:  Passed,US-PHX01,c160:481:16,dpu-gg1-c4-r481-us-west-02b,SN2201,swp11,,,,,US-PHX01,c160:487:26,c160-r487-node-01-us-west-02b,gpu-h100-04,dpu,,,,,CAT6a,,,,,,,,,,,,,,
LLDP:  Passed,US-PHX01,c160:481:16,dpu-gg1-c4-r481-us-west-02b,SN2201,swp12,,,,,US-PHX01,c160:487:12,c160-r487-node-02-us-west-02b,gpu-h100-04,dpu,,,,,CAT6a,,,,,,,,,,,,,,
LLDP:  Passed,US-PHX01,c160:481:16,dpu-gg1-c4-r481-us-west-02b,SN2201,swp13,,,,,US-PHX01,c160:488:26,c160-r488-node-01-us-west-02b,gpu-h100-04,dpu,,,,,CAT6a,,,,,,,,,,,,,,
LLDP:  Passed,US-PHX01,c160:481:16,dpu-gg1-c4-r481-us-west-02b,SN2201,swp14,,,,,US-PHX01,c160:488:12,c160-r488-node-02-us-west-02b,gpu-h100-04,dpu,,,,,CAT6a,,,,,,,,,,,,,,
LLDP:  Passed,US-PHX01,c160:481:16,dpu-gg1-c4-r481-us-west-02b,SN2201,swp15,,,,,US-PHX01,c160:489:26,c160-r489-node-01-us-west-02b,gpu-h100-04,dpu,,,,,CAT6a,,,,,,,,,,,,,,
LLDP:  Passed,US-PHX01,c160:481:16,dpu-gg1-c4-r481-us-west-02b,SN2201,swp16,,,,,US-PHX01,c160:489:12,c160-r489-node-02-us-west-02b,gpu-h100-04,dpu,,,,,CAT6a,,,,,,,,,,,,,,
,,,,,,,,,,,,,,,,,,,,,,,,,,,,,,,,,
,,,,,,,,,,,,,,,,,,,,,,,,,,,,,,,,,
C160 :: ROW-32 :: H100's,,,,,,,,,,,,,,,,,,,,,,,,,,,,,,,,,
LLDP:  Passed,US-PHX01,c160:497:42,t0-gg1-c4-01-r497-us-west-02b,SN4700,swp1,c1260:011:41,1:A:1,QSFPDD-400G-DR4,,US-PHX01,c160:498:26,c160-r498-node-01-us-west-02b,gpu-h100-04,eth0,,,,QSFP-100G-DR1,LC-to-LC SMF,,,,,,,,,,,,,,
LLDP:  Passed,US-PHX01,c160:497:42,t0-gg1-c4-01-r497-us-west-02b,SN4700,swp1,c1260:011:41,1:A:2,QSFPDD-400G-DR4,,US-PHX01,c160:498:12,c160-r498-node-02-us-west-02b,gpu-h100-04,eth0,,,,QSFP-100G-DR1,LC-to-LC SMF,,,,,,,,,,,,,,
LLDP:  Passed,US-PHX01,c160:497:42,t0-gg1-c4-01-r497-us-west-02b,SN4700,swp1,c1260:011:41,1:A:3,QSFPDD-400G-DR4,,US-PHX01,c160:499:26,c160-r499-node-01-us-west-02b,gpu-h100-04,eth0,,,,QSFP-100G-DR1,LC-to-LC SMF,,,,,,,,,,,,,,
LLDP:  Passed,US-PHX01,c160:497:42,t0-gg1-c4-01-r497-us-west-02b,SN4700,swp1,c1260:011:41,1:A:4,QSFPDD-400G-DR4,,US-PHX01,c160:499:12,c160-r499-node-02-us-west-02b,gpu-h100-04,eth0,,,,QSFP-100G-DR1,LC-to-LC SMF,,,,,,,,,,,,,,
LLDP:  Passed,US-PHX01,c160:497:42,t0-gg1-c4-01-r497-us-west-02b,SN4700,swp2,c1260:011:41,1:B:1,QSFPDD-400G-DR4,,US-PHX01,c160:500:26,c160-r500-node-01-us-west-02b,gpu-h100-04,eth0,,,,QSFP-100G-DR1,LC-to-LC SMF,,,,,,,,,,,,,,
LLDP:  Passed,US-PHX01,c160:497:42,t0-gg1-c4-01-r497-us-west-02b,SN4700,swp2,c1260:011:41,1:B:2,QSFPDD-400G-DR4,,US-PHX01,c160:500:12,c160-r500-node-02-us-west-02b,gpu-h100-04,eth0,,,,QSFP-100G-DR1,LC-to-LC SMF,,,,,,,,,,,,,,
LLDP:  Passed,US-PHX01,c160:497:42,t0-gg1-c4-01-r497-us-west-02b,SN4700,swp2,c1260:011:41,1:B:3,QSFPDD-400G-DR4,,US-PHX01,c160:501:26,c160-r501-node-01-us-west-02b,gpu-h100-04,eth0,,,,QSFP-100G-DR1,LC-to-LC SMF,,,,,,,,,,,,,,
LLDP:  Passed,US-PHX01,c160:497:42,t0-gg1-c4-01-r497-us-west-02b,SN4700,swp2,c1260:011:41,1:B:4,QSFPDD-400G-DR4,,US-PHX01,c160:501:12,c160-r501-node-02-us-west-02b,gpu-h100-04,eth0,,,,QSFP-100G-DR1,LC-to-LC SMF,,,,,,,,,,,,,,
LLDP:  Passed,US-PHX01,c160:497:42,t0-gg1-c4-01-r497-us-west-02b,SN4700,swp3,c1260:011:41,2:A:1,QSFPDD-400G-DR4,,US-PHX01,c160:502:26,c160-r502-node-01-us-west-02b,gpu-h100-04,eth0,,,,QSFP-100G-DR1,LC-to-LC SMF,,,,,,,,,,,,,,
LLDP:  Passed,US-PHX01,c160:497:42,t0-gg1-c4-01-r497-us-west-02b,SN4700,swp3,c1260:011:41,2:A:2,QSFPDD-400G-DR4,,US-PHX01,c160:502:12,c160-r502-node-02-us-west-02b,gpu-h100-04,eth0,,,,QSFP-100G-DR1,LC-to-LC SMF,,,,,,,,,,,,,,
LLDP:  Passed,US-PHX01,c160:497:42,t0-gg1-c4-01-r497-us-west-02b,SN4700,swp3,c1260:011:41,2:A:3,QSFPDD-400G-DR4,,US-PHX01,c160:503:26,c160-r503-node-01-us-west-02b,gpu-h100-04,eth0,,,,QSFP-100G-DR1,LC-to-LC SMF,,,,,,,,,,,,,,
LLDP:  Passed,US-PHX01,c160:497:42,t0-gg1-c4-01-r497-us-west-02b,SN4700,swp3,c1260:011:41,2:A:4,QSFPDD-400G-DR4,,US-PHX01,c160:503:12,c160-r503-node-02-us-west-02b,gpu-h100-04,eth0,,,,QSFP-100G-DR1,LC-to-LC SMF,,,,,,,,,,,,,,
LLDP:  Passed,US-PHX01,c160:497:42,t0-gg1-c4-01-r497-us-west-02b,SN4700,swp4,c1260:011:41,2:B:1,QSFPDD-400G-DR4,,US-PHX01,c160:504:26,c160-r504-node-01-us-west-02b,gpu-h100-04,eth0,,,,QSFP-100G-DR1,LC-to-LC SMF,,,,,,,,,,,,,,
LLDP:  Passed,US-PHX01,c160:497:42,t0-gg1-c4-01-r497-us-west-02b,SN4700,swp4,c1260:011:41,2:B:2,QSFPDD-400G-DR4,,US-PHX01,c160:504:12,c160-r504-node-02-us-west-02b,gpu-h100-04,eth0,,,,QSFP-100G-DR1,LC-to-LC SMF,,,,,,,,,,,,,,
LLDP:  Passed,US-PHX01,c160:497:42,t0-gg1-c4-01-r497-us-west-02b,SN4700,swp4,c1260:011:41,2:B:3,QSFPDD-400G-DR4,,US-PHX01,c160:505:26,c160-r505-node-01-us-west-02b,gpu-h100-04,eth0,,,,QSFP-100G-DR1,LC-to-LC SMF,,,,,,,,,,,,,,
LLDP:  Passed,US-PHX01,c160:497:42,t0-gg1-c4-01-r497-us-west-02b,SN4700,swp4,c1260:011:41,2:B:4,QSFPDD-400G-DR4,,US-PHX01,c160:505:12,c160-r505-node-02-us-west-02b,gpu-h100-04,eth0,,,,QSFP-100G-DR1,LC-to-LC SMF,,,,,,,,,,,,,,
,,,,,,,,,,,,,,,,,,,,,,,,,,,,,,,,,
LLDP:  Passed,US-PHX01,c160:497:40,t0-gg1-c4-02-r497-us-west-02b,SN4700,swp1,c1260:011:39,1:A:1,QSFPDD-400G-DR4,,US-PHX01,c160:498:26,c160-r498-node-01-us-west-02b,gpu-h100-04,eth1,,,,QSFP-100G-DR1,LC-to-LC SMF,,,,,,,,,,,,,,
LLDP:  Passed,US-PHX01,c160:497:40,t0-gg1-c4-02-r497-us-west-02b,SN4700,swp1,c1260:011:39,1:A:2,QSFPDD-400G-DR4,,US-PHX01,c160:498:12,c160-r498-node-02-us-west-02b,gpu-h100-04,eth1,,,,QSFP-100G-DR1,LC-to-LC SMF,,,,,,,,,,,,,,
LLDP:  Passed,US-PHX01,c160:497:40,t0-gg1-c4-02-r497-us-west-02b,SN4700,swp1,c1260:011:39,1:A:3,QSFPDD-400G-DR4,,US-PHX01,c160:499:26,c160-r499-node-01-us-west-02b,gpu-h100-04,eth1,,,,QSFP-100G-DR1,LC-to-LC SMF,,,,,,,,,,,,,,
LLDP:  Passed,US-PHX01,c160:497:40,t0-gg1-c4-02-r497-us-west-02b,SN4700,swp1,c1260:011:39,1:A:4,QSFPDD-400G-DR4,,US-PHX01,c160:499:12,c160-r499-node-02-us-west-02b,gpu-h100-04,eth1,,,,QSFP-100G-DR1,LC-to-LC SMF,,,,,,,,,,,,,,
LLDP:  Passed,US-PHX01,c160:497:40,t0-gg1-c4-02-r497-us-west-02b,SN4700,swp2,c1260:011:39,1:B:1,QSFPDD-400G-DR4,,US-PHX01,c160:500:26,c160-r500-node-01-us-west-02b,gpu-h100-04,eth1,,,,QSFP-100G-DR1,LC-to-LC SMF,,,,,,,,,,,,,,
LLDP:  Passed,US-PHX01,c160:497:40,t0-gg1-c4-02-r497-us-west-02b,SN4700,swp2,c1260:011:39,1:B:2,QSFPDD-400G-DR4,,US-PHX01,c160:500:12,c160-r500-node-02-us-west-02b,gpu-h100-04,eth1,,,,QSFP-100G-DR1,LC-to-LC SMF,,,,,,,,,,,,,,
LLDP:  Passed,US-PHX01,c160:497:40,t0-gg1-c4-02-r497-us-west-02b,SN4700,swp2,c1260:011:39,1:B:3,QSFPDD-400G-DR4,,US-PHX01,c160:501:26,c160-r501-node-01-us-west-02b,gpu-h100-04,eth1,,,,QSFP-100G-DR1,LC-to-LC SMF,,,,,,,,,,,,,,
LLDP:  Passed,US-PHX01,c160:497:40,t0-gg1-c4-02-r497-us-west-02b,SN4700,swp2,c1260:011:39,1:B:4,QSFPDD-400G-DR4,,US-PHX01,c160:501:12,c160-r501-node-02-us-west-02b,gpu-h100-04,eth1,,,,QSFP-100G-DR1,LC-to-LC SMF,,,,,,,,,,,,,,
LLDP:  Passed,US-PHX01,c160:497:40,t0-gg1-c4-02-r497-us-west-02b,SN4700,swp3,c1260:011:39,2:A:1,QSFPDD-400G-DR4,,US-PHX01,c160:502:26,c160-r502-node-01-us-west-02b,gpu-h100-04,eth1,,,,QSFP-100G-DR1,LC-to-LC SMF,,,,,,,,,,,,,,
LLDP:  Passed,US-PHX01,c160:497:40,t0-gg1-c4-02-r497-us-west-02b,SN4700,swp3,c1260:011:39,2:A:2,QSFPDD-400G-DR4,,US-PHX01,c160:502:12,c160-r502-node-02-us-west-02b,gpu-h100-04,eth1,,,,QSFP-100G-DR1,LC-to-LC SMF,,,,,,,,,,,,,,
LLDP:  Passed,US-PHX01,c160:497:40,t0-gg1-c4-02-r497-us-west-02b,SN4700,swp3,c1260:011:39,2:A:3,QSFPDD-400G-DR4,,US-PHX01,c160:503:26,c160-r503-node-01-us-west-02b,gpu-h100-04,eth1,,,,QSFP-100G-DR1,LC-to-LC SMF,,,,,,,,,,,,,,
LLDP:  Passed,US-PHX01,c160:497:40,t0-gg1-c4-02-r497-us-west-02b,SN4700,swp3,c1260:011:39,2:A:4,QSFPDD-400G-DR4,,US-PHX01,c160:503:12,c160-r503-node-02-us-west-02b,gpu-h100-04,eth1,,,,QSFP-100G-DR1,LC-to-LC SMF,,,,,,,,,,,,,,
LLDP:  Passed,US-PHX01,c160:497:40,t0-gg1-c4-02-r497-us-west-02b,SN4700,swp4,c1260:011:39,2:B:1,QSFPDD-400G-DR4,,US-PHX01,c160:504:26,c160-r504-node-01-us-west-02b,gpu-h100-04,eth1,,,,QSFP-100G-DR1,LC-to-LC SMF,,,,,,,,,,,,,,
LLDP:  Passed,US-PHX01,c160:497:40,t0-gg1-c4-02-r497-us-west-02b,SN4700,swp4,c1260:011:39,2:B:2,QSFPDD-400G-DR4,,US-PHX01,c160:504:12,c160-r504-node-02-us-west-02b,gpu-h100-04,eth1,,,,QSFP-100G-DR1,LC-to-LC SMF,,,,,,,,,,,,,,
LLDP:  Passed,US-PHX01,c160:497:40,t0-gg1-c4-02-r497-us-west-02b,SN4700,swp4,c1260:011:39,2:B:3,QSFPDD-400G-DR4,,US-PHX01,c160:505:26,c160-r505-node-01-us-west-02b,gpu-h100-04,eth1,,,,QSFP-100G-DR1,LC-to-LC SMF,,,,,,,,,,,,,,
LLDP:  Passed,US-PHX01,c160:497:40,t0-gg1-c4-02-r497-us-west-02b,SN4700,swp4,c1260:011:39,2:B:4,QSFPDD-400G-DR4,,US-PHX01,c160:505:12,c160-r505-node-02-us-west-02b,gpu-h100-04,eth1,,,,QSFP-100G-DR1,LC-to-LC SMF,,,,,,,,,,,,,,
,,,,,,,,,,,,,,,,,,,,,,,,,,,,,,,,,
LLDP:  Passed,US-PHX01,c160:497:18,ipmi-gg1-c4-r497-us-west-02b,SN2201,swp1,,,,,US-PHX01,c160:498:26,c160-r498-node-01-us-west-02b,gpu-h100-04,ipmi,,,,,CAT6a,,,,,,,,,,,,,,
LLDP:  Passed,US-PHX01,c160:497:18,ipmi-gg1-c4-r497-us-west-02b,SN2201,swp2,,,,,US-PHX01,c160:498:12,c160-r498-node-02-us-west-02b,gpu-h100-04,ipmi,,,,,CAT6a,,,,,,,,,,,,,,
LLDP:  Passed,US-PHX01,c160:497:18,ipmi-gg1-c4-r497-us-west-02b,SN2201,swp3,,,,,US-PHX01,c160:499:26,c160-r499-node-01-us-west-02b,gpu-h100-04,ipmi,,,,,CAT6a,,,,,,,,,,,,,,
LLDP:  Passed,US-PHX01,c160:497:18,ipmi-gg1-c4-r497-us-west-02b,SN2201,swp4,,,,,US-PHX01,c160:499:12,c160-r499-node-02-us-west-02b,gpu-h100-04,ipmi,,,,,CAT6a,,,,,,,,,,,,,,
LLDP:  Passed,US-PHX01,c160:497:18,ipmi-gg1-c4-r497-us-west-02b,SN2201,swp5,,,,,US-PHX01,c160:500:26,c160-r500-node-01-us-west-02b,gpu-h100-04,ipmi,,,,,CAT6a,,,,,,,,,,,,,,
LLDP:  Passed,US-PHX01,c160:497:18,ipmi-gg1-c4-r497-us-west-02b,SN2201,swp6,,,,,US-PHX01,c160:500:12,c160-r500-node-02-us-west-02b,gpu-h100-04,ipmi,,,,,CAT6a,,,,,,,,,,,,,,
LLDP:  Passed,US-PHX01,c160:497:18,ipmi-gg1-c4-r497-us-west-02b,SN2201,swp7,,,,,US-PHX01,c160:501:26,c160-r501-node-01-us-west-02b,gpu-h100-04,ipmi,,,,,CAT6a,,,,,,,,,,,,,,
LLDP:  Passed,US-PHX01,c160:497:18,ipmi-gg1-c4-r497-us-west-02b,SN2201,swp8,,,,,US-PHX01,c160:501:12,c160-r501-node-02-us-west-02b,gpu-h100-04,ipmi,,,,,CAT6a,,,,,,,,,,,,,,
LLDP:  Passed,US-PHX01,c160:497:18,ipmi-gg1-c4-r497-us-west-02b,SN2201,swp9,,,,,US-PHX01,c160:502:26,c160-r502-node-01-us-west-02b,gpu-h100-04,ipmi,,,,,CAT6a,,,,,,,,,,,,,,
LLDP:  Passed,US-PHX01,c160:497:18,ipmi-gg1-c4-r497-us-west-02b,SN2201,swp10,,,,,US-PHX01,c160:502:12,c160-r502-node-02-us-west-02b,gpu-h100-04,ipmi,,,,,CAT6a,,,,,,,,,,,,,,
LLDP:  Passed,US-PHX01,c160:497:18,ipmi-gg1-c4-r497-us-west-02b,SN2201,swp11,,,,,US-PHX01,c160:503:26,c160-r503-node-01-us-west-02b,gpu-h100-04,ipmi,,,,,CAT6a,,,,,,,,,,,,,,
LLDP:  Passed,US-PHX01,c160:497:18,ipmi-gg1-c4-r497-us-west-02b,SN2201,swp12,,,,,US-PHX01,c160:503:12,c160-r503-node-02-us-west-02b,gpu-h100-04,ipmi,,,,,CAT6a,,,,,,,,,,,,,,
LLDP:  Passed,US-PHX01,c160:497:18,ipmi-gg1-c4-r497-us-west-02b,SN2201,swp13,,,,,US-PHX01,c160:504:26,c160-r504-node-01-us-west-02b,gpu-h100-04,ipmi,,,,,CAT6a,,,,,,,,,,,,,,
LLDP:  Passed,US-PHX01,c160:497:18,ipmi-gg1-c4-r497-us-west-02b,SN2201,swp14,,,,,US-PHX01,c160:504:12,c160-r504-node-02-us-west-02b,gpu-h100-04,ipmi,,,,,CAT6a,,,,,,,,,,,,,,
LLDP:  Passed,US-PHX01,c160:497:18,ipmi-gg1-c4-r497-us-west-02b,SN2201,swp15,,,,,US-PHX01,c160:505:26,c160-r505-node-01-us-west-02b,gpu-h100-04,ipmi,,,,,CAT6a,,,,,,,,,,,,,,
LLDP:  Passed,US-PHX01,c160:497:18,ipmi-gg1-c4-r497-us-west-02b,SN2201,swp16,,,,,US-PHX01,c160:505:12,c160-r505-node-02-us-west-02b,gpu-h100-04,ipmi,,,,,CAT6a,,,,,,,,,,,,,,
,,,,,,,,,,,,,,,,,,,,,,,,,,,,,,,,,
LLDP:  Passed,US-PHX01,c160:497:16,dpu-gg1-c4-r497-us-west-02b,SN2201,swp1,,,,,US-PHX01,c160:498:26,c160-r498-node-01-us-west-02b,gpu-h100-04,dpu,,,,,CAT6a,,,,,,,,,,,,,,
LLDP:  Passed,US-PHX01,c160:497:16,dpu-gg1-c4-r497-us-west-02b,SN2201,swp2,,,,,US-PHX01,c160:498:12,c160-r498-node-02-us-west-02b,gpu-h100-04,dpu,,,,,CAT6a,,,,,,,,,,,,,,
LLDP:  Passed,US-PHX01,c160:497:16,dpu-gg1-c4-r497-us-west-02b,SN2201,swp3,,,,,US-PHX01,c160:499:26,c160-r499-node-01-us-west-02b,gpu-h100-04,dpu,,,,,CAT6a,,,,,,,,,,,,,,
LLDP:  Passed,US-PHX01,c160:497:16,dpu-gg1-c4-r497-us-west-02b,SN2201,swp4,,,,,US-PHX01,c160:499:12,c160-r499-node-02-us-west-02b,gpu-h100-04,dpu,,,,,CAT6a,,,,,,,,,,,,,,
LLDP:  Passed,US-PHX01,c160:497:16,dpu-gg1-c4-r497-us-west-02b,SN2201,swp5,,,,,US-PHX01,c160:500:26,c160-r500-node-01-us-west-02b,gpu-h100-04,dpu,,,,,CAT6a,,,,,,,,,,,,,,
LLDP:  Passed,US-PHX01,c160:497:16,dpu-gg1-c4-r497-us-west-02b,SN2201,swp6,,,,,US-PHX01,c160:500:12,c160-r500-node-02-us-west-02b,gpu-h100-04,dpu,,,,,CAT6a,,,,,,,,,,,,,,
LLDP:  Passed,US-PHX01,c160:497:16,dpu-gg1-c4-r497-us-west-02b,SN2201,swp7,,,,,US-PHX01,c160:501:26,c160-r501-node-01-us-west-02b,gpu-h100-04,dpu,,,,,CAT6a,,,,,,,,,,,,,,
LLDP:  Passed,US-PHX01,c160:497:16,dpu-gg1-c4-r497-us-west-02b,SN2201,swp8,,,,,US-PHX01,c160:501:12,c160-r501-node-02-us-west-02b,gpu-h100-04,dpu,,,,,CAT6a,,,,,,,,,,,,,,
LLDP:  Passed,US-PHX01,c160:497:16,dpu-gg1-c4-r497-us-west-02b,SN2201,swp9,,,,,US-PHX01,c160:502:26,c160-r502-node-01-us-west-02b,gpu-h100-04,dpu,,,,,CAT6a,,,,,,,,,,,,,,
LLDP:  Passed,US-PHX01,c160:497:16,dpu-gg1-c4-r497-us-west-02b,SN2201,swp10,,,,,US-PHX01,c160:502:12,c160-r502-node-02-us-west-02b,gpu-h100-04,dpu,,,,,CAT6a,,,,,,,,,,,,,,
LLDP:  Passed,US-PHX01,c160:497:16,dpu-gg1-c4-r497-us-west-02b,SN2201,swp11,,,,,US-PHX01,c160:503:26,c160-r503-node-01-us-west-02b,gpu-h100-04,dpu,,,,,CAT6a,,,,,,,,,,,,,,
LLDP:  Passed,US-PHX01,c160:497:16,dpu-gg1-c4-r497-us-west-02b,SN2201,swp12,,,,,US-PHX01,c160:503:12,c160-r503-node-02-us-west-02b,gpu-h100-04,dpu,,,,,CAT6a,,,,,,,,,,,,,,
LLDP:  Passed,US-PHX01,c160:497:16,dpu-gg1-c4-r497-us-west-02b,SN2201,swp13,,,,,US-PHX01,c160:504:26,c160-r504-node-01-us-west-02b,gpu-h100-04,dpu,,,,,CAT6a,,,,,,,,,,,,,,
LLDP:  Passed,US-PHX01,c160:497:16,dpu-gg1-c4-r497-us-west-02b,SN2201,swp14,,,,,US-PHX01,c160:504:12,c160-r504-node-02-us-west-02b,gpu-h100-04,dpu,,,,,CAT6a,,,,,,,,,,,,,,
LLDP:  Passed,US-PHX01,c160:497:16,dpu-gg1-c4-r497-us-west-02b,SN2201,swp15,,,,,US-PHX01,c160:505:26,c160-r505-node-01-us-west-02b,gpu-h100-04,dpu,,,,,CAT6a,,,,,,,,,,,,,,
LLDP:  Passed,US-PHX01,c160:497:16,dpu-gg1-c4-r497-us-west-02b,SN2201,swp16,,,,,US-PHX01,c160:505:12,c160-r505-node-02-us-west-02b,gpu-h100-04,dpu,,,,,CAT6a,,,,,,,,,,,,,,